-- MySQL dump 10.13  Distrib 8.0.36, for Linux (x86_64)
--
-- Host: localhost    Database: ML_DEMO_DB
-- ------------------------------------------------------
-- Server version	8.0.36-0ubuntu0.22.04.1

/*!40101 SET @OLD_CHARACTER_SET_CLIENT=@@CHARACTER_SET_CLIENT */;
/*!40101 SET @OLD_CHARACTER_SET_RESULTS=@@CHARACTER_SET_RESULTS */;
/*!40101 SET @OLD_COLLATION_CONNECTION=@@COLLATION_CONNECTION */;
/*!50503 SET NAMES utf8mb4 */;
/*!40103 SET @OLD_TIME_ZONE=@@TIME_ZONE */;
/*!40103 SET TIME_ZONE='+00:00' */;
/*!40014 SET @OLD_UNIQUE_CHECKS=@@UNIQUE_CHECKS, UNIQUE_CHECKS=0 */;
/*!40014 SET @OLD_FOREIGN_KEY_CHECKS=@@FOREIGN_KEY_CHECKS, FOREIGN_KEY_CHECKS=0 */;
/*!40101 SET @OLD_SQL_MODE=@@SQL_MODE, SQL_MODE='NO_AUTO_VALUE_ON_ZERO' */;
/*!40111 SET @OLD_SQL_NOTES=@@SQL_NOTES, SQL_NOTES=0 */;

--
-- Table structure for table `auth_group`
--

DROP TABLE IF EXISTS `auth_group`;
/*!40101 SET @saved_cs_client     = @@character_set_client */;
/*!50503 SET character_set_client = utf8mb4 */;
CREATE TABLE `auth_group` (
  `id` int NOT NULL AUTO_INCREMENT,
  `name` varchar(150) NOT NULL,
  PRIMARY KEY (`id`),
  UNIQUE KEY `name` (`name`)
) ENGINE=InnoDB AUTO_INCREMENT=4 DEFAULT CHARSET=utf8mb4 COLLATE=utf8mb4_0900_ai_ci;
/*!40101 SET character_set_client = @saved_cs_client */;

--
-- Dumping data for table `auth_group`
--

LOCK TABLES `auth_group` WRITE;
/*!40000 ALTER TABLE `auth_group` DISABLE KEYS */;
INSERT INTO `auth_group` VALUES (2,'admin'),(1,'manager'),(3,'user');
/*!40000 ALTER TABLE `auth_group` ENABLE KEYS */;
UNLOCK TABLES;

--
-- Table structure for table `auth_group_permissions`
--

DROP TABLE IF EXISTS `auth_group_permissions`;
/*!40101 SET @saved_cs_client     = @@character_set_client */;
/*!50503 SET character_set_client = utf8mb4 */;
CREATE TABLE `auth_group_permissions` (
  `id` bigint NOT NULL AUTO_INCREMENT,
  `group_id` int NOT NULL,
  `permission_id` int NOT NULL,
  PRIMARY KEY (`id`),
  UNIQUE KEY `auth_group_permissions_group_id_permission_id_0cd325b0_uniq` (`group_id`,`permission_id`),
  KEY `auth_group_permissio_permission_id_84c5c92e_fk_auth_perm` (`permission_id`),
  CONSTRAINT `auth_group_permissio_permission_id_84c5c92e_fk_auth_perm` FOREIGN KEY (`permission_id`) REFERENCES `auth_permission` (`id`),
  CONSTRAINT `auth_group_permissions_group_id_b120cbf9_fk_auth_group_id` FOREIGN KEY (`group_id`) REFERENCES `auth_group` (`id`)
) ENGINE=InnoDB AUTO_INCREMENT=97 DEFAULT CHARSET=utf8mb4 COLLATE=utf8mb4_0900_ai_ci;
/*!40101 SET character_set_client = @saved_cs_client */;

--
-- Dumping data for table `auth_group_permissions`
--

LOCK TABLES `auth_group_permissions` WRITE;
/*!40000 ALTER TABLE `auth_group_permissions` DISABLE KEYS */;
INSERT INTO `auth_group_permissions` VALUES (1,1,4),(2,1,5),(3,1,6),(4,1,7),(90,1,8),(5,1,12),(6,1,13),(7,1,14),(8,1,16),(9,1,21),(10,1,22),(11,1,24),(12,1,29),(13,1,30),(14,1,32),(15,1,33),(16,1,34),(86,1,36),(87,1,37),(88,1,38),(89,1,39),(91,1,41),(92,1,42),(93,1,43),(94,1,44),(17,1,45),(18,1,46),(19,1,47),(20,1,49),(21,1,50),(22,1,51),(23,1,52),(95,1,56),(24,1,58),(25,1,59),(26,1,60),(96,1,62),(27,1,63),(28,1,64),(29,1,65),(30,1,66),(31,1,67),(32,1,68),(33,1,70),(34,2,1),(35,2,21),(36,2,24),(37,2,29),(38,2,30),(39,2,32),(40,2,33),(41,2,34),(42,2,36),(43,2,45),(44,2,46),(45,2,47),(46,2,48),(47,2,49),(48,2,50),(49,2,58),(50,2,59),(51,2,60),(52,2,62),(53,2,63),(54,2,64),(55,2,66),(56,2,67),(57,2,68),(58,2,70),(59,3,1),(60,3,2),(61,3,3),(62,3,4),(63,3,8),(64,3,21),(65,3,24),(66,3,29),(67,3,30),(68,3,32),(69,3,33),(70,3,34),(71,3,36),(72,3,38),(73,3,39),(74,3,40),(75,3,41),(76,3,45),(77,3,46),(78,3,47),(79,3,48),(80,3,59),(81,3,60),(82,3,62),(83,3,63),(84,3,64),(85,3,66);
/*!40000 ALTER TABLE `auth_group_permissions` ENABLE KEYS */;
UNLOCK TABLES;

--
-- Table structure for table `auth_permission`
--

DROP TABLE IF EXISTS `auth_permission`;
/*!40101 SET @saved_cs_client     = @@character_set_client */;
/*!50503 SET character_set_client = utf8mb4 */;
CREATE TABLE `auth_permission` (
  `id` int NOT NULL AUTO_INCREMENT,
  `name` varchar(255) NOT NULL,
  `content_type_id` int NOT NULL,
  `codename` varchar(100) NOT NULL,
  PRIMARY KEY (`id`),
  UNIQUE KEY `auth_permission_content_type_id_codename_01ab375a_uniq` (`content_type_id`,`codename`),
  CONSTRAINT `auth_permission_content_type_id_2f476e4b_fk_django_co` FOREIGN KEY (`content_type_id`) REFERENCES `django_content_type` (`id`)
) ENGINE=InnoDB AUTO_INCREMENT=83 DEFAULT CHARSET=utf8mb4 COLLATE=utf8mb4_0900_ai_ci;
/*!40101 SET character_set_client = @saved_cs_client */;

--
-- Dumping data for table `auth_permission`
--

LOCK TABLES `auth_permission` WRITE;
/*!40000 ALTER TABLE `auth_permission` DISABLE KEYS */;
INSERT INTO `auth_permission` VALUES (1,'Can add log entry',1,'add_logentry'),(2,'Can change log entry',1,'change_logentry'),(3,'Can delete log entry',1,'delete_logentry'),(4,'Can view log entry',1,'view_logentry'),(5,'Can add permission',2,'add_permission'),(6,'Can change permission',2,'change_permission'),(7,'Can delete permission',2,'delete_permission'),(8,'Can view permission',2,'view_permission'),(9,'Can add group',3,'add_group'),(10,'Can change group',3,'change_group'),(11,'Can delete group',3,'delete_group'),(12,'Can view group',3,'view_group'),(13,'Can add content type',4,'add_contenttype'),(14,'Can change content type',4,'change_contenttype'),(15,'Can delete content type',4,'delete_contenttype'),(16,'Can view content type',4,'view_contenttype'),(17,'Can add session',5,'add_session'),(18,'Can change session',5,'change_session'),(19,'Can delete session',5,'delete_session'),(20,'Can view session',5,'view_session'),(21,'Can add custom user',6,'add_customuser'),(22,'Can change custom user',6,'change_customuser'),(23,'Can delete custom user',6,'delete_customuser'),(24,'Can view custom user',6,'view_customuser'),(25,'Can add registration request',7,'add_registrationrequest'),(26,'Can change registration request',7,'change_registrationrequest'),(27,'Can delete registration request',7,'delete_registrationrequest'),(28,'Can view registration request',7,'view_registrationrequest'),(29,'Can add client',8,'add_client'),(30,'Can change client',8,'change_client'),(31,'Can delete client',8,'delete_client'),(32,'Can view client',8,'view_client'),(33,'Can add action',9,'add_action'),(34,'Can change action',9,'change_action'),(35,'Can delete action',9,'delete_action'),(36,'Can view action',9,'view_action'),(37,'Can add Token',10,'add_token'),(38,'Can change Token',10,'change_token'),(39,'Can delete Token',10,'delete_token'),(40,'Can view Token',10,'view_token'),(41,'Can add token',11,'add_tokenproxy'),(42,'Can change token',11,'change_tokenproxy'),(43,'Can delete token',11,'delete_tokenproxy'),(44,'Can view token',11,'view_tokenproxy'),(45,'Can add password reset token',12,'add_passwordresettoken'),(46,'Can change password reset token',12,'change_passwordresettoken'),(47,'Can delete password reset token',12,'delete_passwordresettoken'),(48,'Can view password reset token',12,'view_passwordresettoken'),(49,'Can create user',6,'can_create_user'),(50,'Can activate user',6,'can_activate_user'),(51,'Can deactivate user',6,'can_deactivate_user'),(52,'Can grant permissions',6,'can_grant_permissions'),(55,'Can add user action log',13,'add_useractionlog'),(56,'Can change user action log',13,'change_useractionlog'),(57,'Can delete user action log',13,'delete_useractionlog'),(58,'Can view user action log',13,'view_useractionlog'),(59,'Can add service',9,'add_service'),(60,'Can change service',9,'change_service'),(61,'Can delete service',9,'delete_service'),(62,'Can view service',9,'view_service'),(63,'Can add event',14,'add_event'),(64,'Can change event',14,'change_event'),(65,'Can delete event',14,'delete_event'),(66,'Can view event',14,'view_event'),(67,'Can add alert',15,'add_alert'),(68,'Can change alert',15,'change_alert'),(69,'Can delete alert',15,'delete_alert'),(70,'Can view alert',15,'view_alert'),(71,'Can add options',16,'add_options'),(72,'Can change options',16,'change_options'),(73,'Can delete options',16,'delete_options'),(74,'Can view options',16,'view_options'),(75,'Can add reservation',17,'add_reservation'),(76,'Can change reservation',17,'change_reservation'),(77,'Can delete reservation',17,'delete_reservation'),(78,'Can view reservation',17,'view_reservation'),(79,'Can add transaction',18,'add_transaction'),(80,'Can change transaction',18,'change_transaction'),(81,'Can delete transaction',18,'delete_transaction'),(82,'Can view transaction',18,'view_transaction');
/*!40000 ALTER TABLE `auth_permission` ENABLE KEYS */;
UNLOCK TABLES;

--
-- Table structure for table `authtoken_token`
--

DROP TABLE IF EXISTS `authtoken_token`;
/*!40101 SET @saved_cs_client     = @@character_set_client */;
/*!50503 SET character_set_client = utf8mb4 */;
CREATE TABLE `authtoken_token` (
  `key` varchar(40) NOT NULL,
  `created` datetime(6) NOT NULL,
  `user_id` int NOT NULL,
  PRIMARY KEY (`key`),
  UNIQUE KEY `user_id` (`user_id`),
  CONSTRAINT `authtoken_token_user_id_35299eff_fk_backend_customuser_UserID` FOREIGN KEY (`user_id`) REFERENCES `backend_customuser` (`UserID`)
) ENGINE=InnoDB DEFAULT CHARSET=utf8mb4 COLLATE=utf8mb4_0900_ai_ci;
/*!40101 SET character_set_client = @saved_cs_client */;

--
-- Dumping data for table `authtoken_token`
--

LOCK TABLES `authtoken_token` WRITE;
/*!40000 ALTER TABLE `authtoken_token` DISABLE KEYS */;
INSERT INTO `authtoken_token` VALUES ('89d75e2461c5830b638fa33d003523e325cab0f9','2024-04-07 20:04:18.853176',58),('d800457b5b5c362ed05e1e622f1ce5d6ecc5a0d3','2024-04-06 21:11:35.055193',1);
/*!40000 ALTER TABLE `authtoken_token` ENABLE KEYS */;
UNLOCK TABLES;

--
-- Table structure for table `backend_alert`
--

DROP TABLE IF EXISTS `backend_alert`;
/*!40101 SET @saved_cs_client     = @@character_set_client */;
/*!50503 SET character_set_client = utf8mb4 */;
CREATE TABLE `backend_alert` (
  `id` bigint NOT NULL AUTO_INCREMENT,
  `title` varchar(255) NOT NULL,
  `description` longtext NOT NULL,
  `action_taken` tinyint(1) NOT NULL,
  `schedule_date` datetime(6) NOT NULL,
  `set_date` datetime(6) NOT NULL,
  `action_taken_date` datetime(6) DEFAULT NULL,
  `expiration_date` datetime(6) NOT NULL,
  `scheduler_name` varchar(255) NOT NULL,
  `scheduler_email` varchar(254) NOT NULL,
  `client_name` varchar(255) NOT NULL,
  `client_email` varchar(254) NOT NULL,
  `client_id` int DEFAULT NULL,
  `setter_name` varchar(255) NOT NULL,
  `setter_email` varchar(254) NOT NULL,
  `action_taker_name` varchar(255) NOT NULL,
  `action_taker_email` varchar(254) NOT NULL,
  `user_id` int DEFAULT NULL,
  `is_active` tinyint(1) NOT NULL,
  `action_taken_description` longtext,
  PRIMARY KEY (`id`),
  KEY `backend_alert_user_id_46e1905b_fk_backend_customuser_UserID` (`user_id`),
  CONSTRAINT `backend_alert_user_id_46e1905b_fk_backend_customuser_UserID` FOREIGN KEY (`user_id`) REFERENCES `backend_customuser` (`UserID`)
) ENGINE=InnoDB AUTO_INCREMENT=12 DEFAULT CHARSET=utf8mb4 COLLATE=utf8mb4_0900_ai_ci;
/*!40101 SET character_set_client = @saved_cs_client */;

--
-- Dumping data for table `backend_alert`
--

LOCK TABLES `backend_alert` WRITE;
/*!40000 ALTER TABLE `backend_alert` DISABLE KEYS */;
INSERT INTO `backend_alert` VALUES (1,'Meeting Reminder','Remember the important client meeting.',1,'2024-05-10 10:00:00.000000','2024-01-03 10:41:36.305183','2024-01-06 11:53:31.663875','2024-05-11 12:00:00.000000','','','Alex Johnson','',3,'IT_administrator Soft Dev','mlcorporateservicesit@gmail.com','IT_administrator Soft Dev','mlcorporateservicesit@gmail.com',4,0,'Action taken by IT_administrator Soft Dev on 2024-01-06 11:53:31.663875+00:00'),(2,'Meeting Reminder','Remember the important client meeting.',1,'2024-05-10 10:00:00.000000','2024-01-03 10:42:03.489856','2024-01-06 11:32:05.953896','2024-05-11 12:00:00.000000','','','Alex Johnson','',3,'IT_administrator Soft Dev','mlcorporateservicesit@gmail.com','IT_administrator Soft Dev','mlcorporateservicesit@gmail.com',4,0,'Action taken by IT_administrator Soft Dev on 2024-01-06 11:32:05.953896+00:00'),(3,'Sample Alert','This is a sample alert description.',1,'2024-01-15 10:00:00.000000','2024-01-06 08:04:07.493763','2024-01-06 11:49:38.768102','2024-01-20 18:00:00.000000','','','Alex Johnson','',3,'IT_administrator Soft Dev','mlcorporateservicesit@gmail.com','IT_administrator Soft Dev','mlcorporateservicesit@gmail.com',4,0,'Action taken by IT_administrator Soft Dev on 2024-01-06 11:49:38.768102+00:00'),(4,'ALERT D','My ALETR DESC.',1,'2024-01-06 22:00:00.000000','2024-01-06 11:05:17.226462','2024-01-06 11:40:20.786828','2024-01-07 22:00:00.000000','','','Jane Smith','',2,'IT_administrator Soft Dev','mlcorporateservicesit@gmail.com','IT_administrator Soft Dev','mlcorporateservicesit@gmail.com',4,0,'Action taken by IT_administrator Soft Dev on 2024-01-06 11:40:20.786828+00:00'),(5,'Saturday Al','Sat  alert description.',0,'2024-01-10 22:00:00.000000','2024-01-06 12:11:08.574914',NULL,'2024-01-12 22:00:00.000000','','','Jane Smith','',2,'IT_administrator Soft Dev','mlcorporateservicesit@gmail.com','','',4,1,NULL),(6,'Noon Saturday','Noon Sat  alert description.',1,'2024-01-09 22:00:00.000000','2024-01-06 12:11:52.670327','2024-01-06 22:19:23.618950','2024-01-16 22:00:00.000000','','','Jane Smith','',2,'IT_administrator Soft Dev','mlcorporateservicesit@gmail.com','IT_administrator Soft Dev','mlcorporateservicesit@gmail.com',4,0,NULL),(7,'Noon Saturday','Noon Sat  alert description.',0,'2024-01-09 22:00:00.000000','2024-01-06 12:11:55.514896',NULL,'2024-01-16 22:00:00.000000','','','Jane Smith','',2,'IT_administrator Soft Dev','mlcorporateservicesit@gmail.com','','',4,1,NULL),(8,'Noon Saturday','Noon Sat  alert description.',1,'2024-01-09 22:00:00.000000','2024-01-06 22:00:00.000000','2024-01-09 08:06:41.248291','2024-01-16 22:00:00.000000','','','Jane Smith','',2,'Mr Li Lionel','muhirelionel@gmail.com','Mr Li Lionel','muhirelionel@gmail.com',1,0,'Action taken by Mr Li Lionel on 2024-01-09 08:06:41.248291+00:00'),(9,'testing an alert','to make sure that frontend id makinhg an alert',0,'2024-02-01 22:00:00.000000','2024-01-06 22:00:00.000000',NULL,'2024-02-02 22:00:00.000000','','','John Doe','',1,'IT_administrator Soft Dev','mlcorporateservicesit@gmail.com','','',4,1,NULL),(10,'declaration in RDB','sample description',0,'2024-01-31 22:00:00.000000','2024-01-08 22:00:00.000000',NULL,'2024-02-01 22:00:00.000000','','','Alex Johnson','',3,'Mr Li Lionel','muhirelionel@gmail.com','','',1,1,NULL),(11,'sample sunday title','to make sure that frontend id makinhg an alert',0,'2024-02-28 22:00:00.000000','2024-02-27 22:00:00.000000',NULL,'2024-02-29 22:00:00.000000','','','Jane Smith','jane.smith@example.com',2,'IT_administrator Soft Dev','mlcorporateservicesit@gmail.com','','',4,1,NULL);
/*!40000 ALTER TABLE `backend_alert` ENABLE KEYS */;
UNLOCK TABLES;

--
-- Table structure for table `backend_client`
--

DROP TABLE IF EXISTS `backend_client`;
/*!40101 SET @saved_cs_client     = @@character_set_client */;
/*!50503 SET character_set_client = utf8mb4 */;
CREATE TABLE `backend_client` (
  `id` bigint NOT NULL AUTO_INCREMENT,
  `firstName` varchar(255) NOT NULL,
  `lastName` varchar(255) NOT NULL,
  `tinNumber` varchar(50) NOT NULL,
  `citizenship` varchar(50) NOT NULL,
  `birthDate` date DEFAULT NULL,
  `passportIdNumber` varchar(50) DEFAULT NULL,
  `countryOfIssue` varchar(50) DEFAULT NULL,
  `passportExpiryDate` date DEFAULT NULL,
  `clientContact` varchar(20) NOT NULL,
  `clientEmail` varchar(254) NOT NULL,
  `preferredLanguage` varchar(50) NOT NULL,
  `user_id` int NOT NULL,
  `taxResidency` varchar(255) NOT NULL,
  `activatorEmail` varchar(254) DEFAULT NULL,
  `activatorFirstName` varchar(255) DEFAULT NULL,
  `activatorID` int DEFAULT NULL,
  `isActive` tinyint(1) DEFAULT NULL,
  `registrarFirstName` varchar(255) DEFAULT NULL,
  `registrarEmail` varchar(254) DEFAULT NULL,
  `registrarID` int DEFAULT NULL,
  `deactivatorEmail` varchar(254) DEFAULT NULL,
  `deactivatorFirstName` varchar(255) DEFAULT NULL,
  `deactivatorID` int DEFAULT NULL,
  `contactPersonName` varchar(255) DEFAULT NULL,
  `NameOfEntity` varchar(100) DEFAULT NULL,
  `currentAddress` varchar(150) NOT NULL,
  `activationDate` date DEFAULT NULL,
  `deactivationDate` date DEFAULT NULL,
  `registrationDate` datetime(6) NOT NULL,
  `contactPersonEmail` varchar(254) DEFAULT NULL,
  `contactPersonPhone` varchar(20) DEFAULT NULL,
  `designation` varchar(255) DEFAULT NULL,
  `introducerEmail` varchar(254) DEFAULT NULL,
  `introducerName` varchar(255) DEFAULT NULL,
  `sharePercent` varchar(255) DEFAULT NULL,
  `bankStatement_link` varchar(200) DEFAULT NULL,
  `professionalReference_link` varchar(200) DEFAULT NULL,
  `signature_link` varchar(200) DEFAULT NULL,
  `PrevNameOfEntity` varchar(100) DEFAULT NULL,
  `TypeOfEntity` varchar(100) DEFAULT NULL,
  `TypeOfLicense` varchar(100) DEFAULT NULL,
  `authorisedCurrentAddress` varchar(255) DEFAULT NULL,
  `authorisedEmail` varchar(254) DEFAULT NULL,
  `authorisedName` varchar(255) DEFAULT NULL,
  `authorisedPersonContact` varchar(20) DEFAULT NULL,
  `authorisedRelationship` varchar(255) DEFAULT NULL,
  `businessActivity` varchar(255) DEFAULT NULL,
  `countryOfIncorporation` varchar(50) DEFAULT NULL,
  `countryOfOperation` varchar(50) DEFAULT NULL,
  `countryOfResidence` varchar(255) DEFAULT NULL,
  `isPep` varchar(5) DEFAULT NULL,
  `incorporationDate` date DEFAULT NULL,
  `registeredOfficeAddress` varchar(255) DEFAULT NULL,
  `national_id_link` varchar(200) DEFAULT NULL,
  `passport_link` varchar(200) DEFAULT NULL,
  `registrationCertificate_link` varchar(200) DEFAULT NULL,
  PRIMARY KEY (`id`),
  UNIQUE KEY `backend_client_client_email_bf7c6772_uniq` (`clientEmail`),
  UNIQUE KEY `backend_client_passport_id_number_da759530_uniq` (`passportIdNumber`),
  KEY `backend_client_user_id_17a7533f_fk_backend_customuser_UserID` (`user_id`),
  CONSTRAINT `backend_client_user_id_17a7533f_fk_backend_customuser_UserID` FOREIGN KEY (`user_id`) REFERENCES `backend_customuser` (`UserID`)
) ENGINE=InnoDB AUTO_INCREMENT=15 DEFAULT CHARSET=utf8mb4 COLLATE=utf8mb4_0900_ai_ci;
/*!40101 SET character_set_client = @saved_cs_client */;

--
-- Dumping data for table `backend_client`
--

LOCK TABLES `backend_client` WRITE;
/*!40000 ALTER TABLE `backend_client` DISABLE KEYS */;
INSERT INTO `backend_client` VALUES (1,'John','Doe','123-45-6789','American','1990-01-15','AB123456','USA','2025-05-31','+1 (555) 123-4567','john.doe@example.com','English',4,'US','mlcorporateservicesit@gmail.com','Super USER Admin',4,1,NULL,'mlcorporateservicesit@gmail.com',4,'mlcorporateservicesit@gmail.com','Super USER Admin',4,NULL,NULL,'',NULL,NULL,'2023-12-27 09:53:59.740818',NULL,NULL,NULL,NULL,NULL,NULL,NULL,NULL,NULL,NULL,NULL,NULL,NULL,NULL,NULL,NULL,NULL,NULL,NULL,NULL,NULL,NULL,NULL,NULL,NULL,NULL,NULL),(2,'Jane','Smith','987-65-4321','Canadian','1985-08-22','CD987654','Canada','2024-12-15','+1 (416) 555-7890','jane.smith@example.com','French',4,'CA','mlcorporateservicesit@gmail.com','Super USER Admin',4,1,'Super USER Admin','mlcorporateservicesit@gmail.com',4,'mlcorporateservicesit@gmail.com','Super USER Admin',4,NULL,NULL,'',NULL,NULL,'2023-12-27 09:53:59.740818',NULL,NULL,NULL,NULL,NULL,NULL,NULL,NULL,NULL,NULL,NULL,NULL,NULL,NULL,NULL,NULL,NULL,NULL,NULL,NULL,NULL,NULL,NULL,NULL,NULL,NULL,NULL),(3,'Alex','Johnson','876-54-3210','British','1982-03-10','EF876543','United Kingdom','2023-11-30','+44 20 1234 5678','alex.johnson@example.com','English',1,'GB',NULL,NULL,NULL,0,'Mr Li','muhirelionel@gmail.com',1,'mlcorporateservicesit@gmail.com','IT_administrator',4,NULL,NULL,'',NULL,'2024-03-29','2023-12-27 09:53:59.740818',NULL,NULL,NULL,NULL,NULL,NULL,NULL,NULL,NULL,NULL,NULL,NULL,NULL,NULL,NULL,NULL,NULL,NULL,NULL,NULL,NULL,NULL,NULL,NULL,NULL,NULL,NULL),(4,'Maria','Garcia','654-32-1098','Spanish','1995-06-05','GH654321','Spain','2024-09-20','+34 91 234 5678','maria.garcia@example.com','Spanish',1,'ES','mlcorporateservicesit@gmail.com','IT_administrator',4,1,'Mr Li','muhirelionel@gmail.com',1,NULL,NULL,NULL,NULL,NULL,'','2024-03-06',NULL,'2023-12-27 09:53:59.740818',NULL,NULL,NULL,NULL,NULL,NULL,NULL,NULL,NULL,NULL,NULL,NULL,NULL,NULL,NULL,NULL,NULL,NULL,NULL,NULL,NULL,NULL,NULL,NULL,NULL,NULL,NULL),(5,'William','Chen','543-21-0987','Chinese','1988-12-18','IJ543210','China','2023-08-10','+86 21 8765 4321','william.chen@example.com','Mandarin',1,'CN','lionel@gmail.com','Lionel',16,1,'Mr Li','muhirelionel@gmail.com',1,'lionel@gmail.com','Lionel',16,NULL,NULL,'','2024-03-07','2024-03-07','2023-12-27 09:53:59.740818',NULL,NULL,NULL,NULL,NULL,NULL,NULL,NULL,NULL,NULL,NULL,NULL,NULL,NULL,NULL,NULL,NULL,NULL,NULL,NULL,NULL,NULL,NULL,NULL,NULL,NULL,NULL),(6,'Geno','cadiot','6363732737','rwandan',NULL,'27727272727','Rwanda',NULL,'+250784505290','yvescadiotgeno@gmail.com','english',1,'kiagli','mlcorporateservicesit@gmail.com','IT_administrator',4,1,'Mr Li','muhirelionel@gmail.com',1,NULL,NULL,NULL,'UR','UR','Muhoza','2024-03-06',NULL,'2023-12-27 09:53:59.740818',NULL,NULL,NULL,NULL,NULL,NULL,NULL,NULL,NULL,NULL,NULL,NULL,NULL,NULL,NULL,NULL,NULL,NULL,NULL,NULL,NULL,NULL,NULL,NULL,NULL,NULL,NULL),(7,'jean','eric','11222020','Burund',NULL,'8733782920020','Burundi',NULL,'+28789192828928','jean@eric.com','french',4,'Rwamda','mlcorporateservicesit@gmail.com','Super USER Admin',4,0,'Super USER Admin','mlcorporateservicesit@gmail.com',4,'mlcorporateservicesit@gmail.com','IT_administrator',4,'CTO','BK ind','Kigali',NULL,'2024-03-11','2023-12-27 09:53:59.740818',NULL,NULL,NULL,NULL,NULL,NULL,NULL,NULL,NULL,NULL,NULL,NULL,NULL,NULL,NULL,NULL,NULL,NULL,NULL,NULL,NULL,NULL,NULL,NULL,NULL,NULL,NULL),(8,'ClientTEST','TESTLast client','28732381288','Burundi',NULL,'5362728636772','Burundi',NULL,'+26793733787287','test@test.com','kinyarwanda',4,'Tanzania','mlcorporateservicesit@gmail.com','IT_administrator',4,1,'IT_administrator','mlcorporateservicesit@gmail.com',4,NULL,NULL,NULL,'Last contact','K&C','Kigali','2024-03-11',NULL,'2023-12-31 22:49:38.998598','last@contact.com','+269383737737','french','muhre@ml.com','MR LI','30%',NULL,NULL,NULL,NULL,NULL,NULL,NULL,NULL,NULL,NULL,NULL,NULL,NULL,NULL,NULL,NULL,NULL,NULL,NULL,NULL,NULL),(9,'Radja','Naingolan','829283','Belgian','1990-01-01','18279228928','Belgium','2027-01-01','+1 728293 9292929','naingolan@gmail.com','french',4,'Belgium','mlcorporateservicesit@gmail.com','IT_administrator',4,1,'IT_administrator','mlcorporateservicesit@gmail.com',4,NULL,NULL,NULL,'Marie Pierre','Standard de Liege','Brussels','2024-03-11',NULL,'2023-12-31 22:57:50.255975','mariepierre@gmail.com','+828282726626','english','jean@gmail.com','Jean Crysostome','100',NULL,NULL,NULL,NULL,NULL,NULL,NULL,NULL,NULL,NULL,NULL,NULL,NULL,NULL,NULL,NULL,NULL,NULL,NULL,NULL,NULL),(10,'SUNDAY','CLIENT','11222020','Burund','2000-01-01','8733782920027','Belgium','2024-02-21','+26793733787287','test@testmail.com','french',16,'Tanzania',NULL,NULL,NULL,0,'Lionel','lionel@gmail.com',16,NULL,NULL,NULL,'Last contact',NULL,'Kigali',NULL,NULL,'2024-02-04 09:40:36.444674','last@contact.com','+828282726626','french','muhre@ml.com','Jean Crysostome','30%',NULL,NULL,NULL,NULL,NULL,NULL,NULL,NULL,NULL,NULL,NULL,NULL,NULL,NULL,NULL,NULL,NULL,NULL,NULL,NULL,NULL),(11,'Monday','CLIENT','292939393','Burundi','1980-02-02','53627286367726','Belgium','2027-01-01','+26793733787287','test@testING.com','french',16,'Tanzania',NULL,NULL,NULL,0,'Lionel','lionel@gmail.com',16,NULL,NULL,NULL,'Last contact','Kigali Gaz','Brussels',NULL,NULL,'2024-02-05 08:46:18.543606','john@mail.com','+269383737737','english','peter@mail.com','Bharat','100',NULL,'https://storage.googleapis.com/mlcs-de102.appspot.com/client_files/Monday_CLIENT/professionalReference.pdf','https://storage.googleapis.com/mlcs-de102.appspot.com/client_files/Monday_CLIENT/signature.pdf','Kigali Oldies','banking','permannent','NO add','non@mail.com','Someone Authorised','7382929922','Employee','gas trading','Botswana','Rwanda Botswana','Belgium','yes','2021-01-01','Lilongwe',NULL,NULL,NULL),(12,'Testing','TESTLast client','72873788823837','Zambia','1987-01-01','9881723737238893289','Zambia','2035-09-05','+837363538278368236','mail@mail.com','french',16,'Belgium','mlcorporateservicesit@gmail.com','IT_administrator',4,1,'Lionel','lionel@gmail.com',16,NULL,NULL,NULL,'Last contact','Kigali Gaz','Burundi','2024-03-06',NULL,'2024-02-05 12:48:57.447291','mariepierre@gmail.com','+269383737737','french','baharat@mail.com','Peter','29%','https://storage.googleapis.com/mlcs-de102.appspot.com/client_files/Testing_TESTLast%20client/bankStatement.pdf','https://storage.googleapis.com/mlcs-de102.appspot.com/client_files/Testing_TESTLast%20client/professionalReference.pdf','https://storage.googleapis.com/mlcs-de102.appspot.com/client_files/Testing_TESTLast%20client/signature.pdf','Kamaz','gaz distributor','banking License','NO add','mai@mail.com','Someone Authorised','28373738828292','Wife','Banking','Tanzania','Rwanda Botswana','Rwanda','yes','2915-01-01','London',NULL,NULL,NULL),(14,'ERIC','Chance','72635637','Rwandan',NULL,NULL,NULL,NULL,'0783634562','chanceeric@gmal.test','English',58,'RWANDA','mlcorporateservicesit@gmail.com','IT_administrator',4,0,NULL,NULL,58,'mlcorporateservicesit@gmail.com','IT_administrator',4,NULL,NULL,'','2024-04-07','2024-04-07','2024-04-07 18:43:36.228510',NULL,NULL,NULL,NULL,NULL,NULL,NULL,NULL,NULL,NULL,NULL,NULL,NULL,NULL,NULL,NULL,NULL,NULL,NULL,NULL,NULL,NULL,NULL,NULL,NULL,NULL,NULL);
/*!40000 ALTER TABLE `backend_client` ENABLE KEYS */;
UNLOCK TABLES;

--
-- Table structure for table `backend_customuser`
--

DROP TABLE IF EXISTS `backend_customuser`;
/*!40101 SET @saved_cs_client     = @@character_set_client */;
/*!50503 SET character_set_client = utf8mb4 */;
CREATE TABLE `backend_customuser` (
  `password` varchar(128) NOT NULL,
  `last_login` datetime(6) DEFAULT NULL,
  `is_superuser` tinyint(1) NOT NULL,
  `UserID` int NOT NULL AUTO_INCREMENT,
  `UserRoles` varchar(40) NOT NULL,
  `email` varchar(254) NOT NULL,
  `FirstName` varchar(255) DEFAULT NULL,
  `NationalID` varchar(35) NOT NULL,
  `Address` varchar(150) NOT NULL,
  `isActive` tinyint(1) NOT NULL,
  `registrarName` varchar(255) NOT NULL,
  `registrarID` varchar(25) NOT NULL,
  `LastName` varchar(255) DEFAULT NULL,
  `accessLevel` varchar(20) NOT NULL,
  `contact` varchar(255) NOT NULL,
  `BirthDate` date DEFAULT NULL,
  `activationDate` datetime(6) DEFAULT NULL,
  `activatorEmail` varchar(254) DEFAULT NULL,
  `activatorFirstName` varchar(255) DEFAULT NULL,
  `activatorID` int DEFAULT NULL,
  `deactivationDate` datetime(6) DEFAULT NULL,
  `deactivatorEmail` varchar(254) DEFAULT NULL,
  `deactivatorFirstName` varchar(255) DEFAULT NULL,
  `deactivatorID` int DEFAULT NULL,
  `registrationDate` datetime(6) NOT NULL,
  `is_staff` tinyint(1) NOT NULL,
  `username` varchar(255) DEFAULT NULL,
  `contract_link` varchar(200) DEFAULT NULL,
  `cv_link` varchar(200) DEFAULT NULL,
  `passport_link` varchar(200) DEFAULT NULL,
  `national_id_link` varchar(200) DEFAULT NULL,
  `registrationCertificate_link` varchar(200) DEFAULT NULL,
  `tinNumber` varchar(50) DEFAULT NULL,
  `taxResidency` varchar(255) DEFAULT NULL,
  `citizenship` varchar(50) DEFAULT NULL,
  `passportIdNumber` varchar(50) DEFAULT NULL,
  `preferredLanguage` varchar(50) DEFAULT NULL,
  PRIMARY KEY (`UserID`),
  UNIQUE KEY `Email` (`email`),
  UNIQUE KEY `backend_customuser_NationalID_26fc4008_uniq` (`NationalID`)
) ENGINE=InnoDB AUTO_INCREMENT=59 DEFAULT CHARSET=utf8mb4 COLLATE=utf8mb4_0900_ai_ci;
/*!40101 SET character_set_client = @saved_cs_client */;

--
-- Dumping data for table `backend_customuser`
--

LOCK TABLES `backend_customuser` WRITE;
/*!40000 ALTER TABLE `backend_customuser` DISABLE KEYS */;
INSERT INTO `backend_customuser` VALUES ('pbkdf2_sha256$720000$BllD18hmYmpNLqi5DcncHI$rmx+1RYwKh+23mHuPn6Nxb2ICTMs7gr1vkR235p3yv4=','2024-04-06 21:11:35.041625',0,1,'Level 2 Admin','muhirelionel@gmail.com','Mr Li','11997','Kigali',1,'Migrate Set','1000','Lionel','user','0784863317',NULL,NULL,NULL,NULL,NULL,NULL,NULL,NULL,NULL,'2023-12-27 09:54:20.722265',0,NULL,'https://storage.googleapis.com/mlcs-de102.appspot.com/user_files/Saturday%20User%20Testing%20B/contract.pdf','https://storage.googleapis.com/mlcs-de102.appspot.com/user_files/Saturday%20User%20Testing%20B/cv.pdf',NULL,NULL,NULL,NULL,NULL,NULL,NULL,NULL),('pbkdf2_sha256$720000$medRzZlhKV45fGNzRN806X$EKhYw+CQ5oZMLnDJrLTEJraxB+iXUiIn9Yxqoo1F29E=','2024-04-07 13:34:31.271665',1,4,'','mlcorporateservicesit@gmail.com','IT_administrator','','',1,'Migrate Set','1000','Soft Dev','manager','0794578543',NULL,NULL,NULL,NULL,NULL,NULL,NULL,NULL,NULL,'2023-12-27 09:54:20.722265',1,NULL,NULL,NULL,NULL,'https://storage.googleapis.com/mlcs-de102.appspot.com/user_files/Saturday%20User%20Testing%20B/contract.pdf',NULL,NULL,NULL,NULL,NULL,NULL),('!GgEiICt6Faemozbruxf55vnEDItcSRB4RZvDcQJT',NULL,0,8,'admin','este@gmail.com','Mrs Esth','120004','chuk',0,'Super USER Admin','4','','admin','',NULL,NULL,NULL,NULL,NULL,NULL,NULL,NULL,NULL,'2023-12-27 09:54:20.722265',0,NULL,NULL,NULL,NULL,NULL,NULL,NULL,NULL,NULL,NULL,NULL),('!0jOULFaO0N5fqbGNdpTuF2WFsiVA2QQAo1oB9yzh',NULL,0,9,'Test','noemail@gmail.com','cad','1222222222222','kigali rwanda',0,'Super USER Admin','4','name','user','078555555',NULL,NULL,NULL,NULL,NULL,NULL,NULL,NULL,NULL,'2023-12-27 09:54:20.722265',0,NULL,NULL,NULL,NULL,NULL,NULL,NULL,NULL,NULL,NULL,NULL),('!lh6G3wUHY8VxPzbxZbT86VKKr21k8iFNoRhGodvt',NULL,0,10,'frontend tester','mlervicesit@gmail.com','second frontend user','20000000000001','more address',0,'Super USER Admin','4','using','user','078555555',NULL,NULL,NULL,NULL,NULL,NULL,NULL,NULL,NULL,'2023-12-27 09:54:20.722265',0,NULL,NULL,NULL,NULL,NULL,NULL,NULL,NULL,NULL,NULL,NULL),('!msua0xgJnbm0dny81xdBsdOaqgSgcL5sRb8y7znC',NULL,0,11,'TESTE','mlit@gmail.com','cad','1222333','musanze',0,'Super USER Admin','4','yve','user','078555555',NULL,NULL,NULL,NULL,NULL,NULL,NULL,NULL,NULL,'2023-12-27 09:54:20.722265',0,NULL,NULL,NULL,NULL,NULL,NULL,NULL,NULL,NULL,NULL,NULL),('pbkdf2_sha256$720000$2BfhOi4iNYPX6DLeYoPAQE$o0VfZitHwowH5Ivfd9em8gAufUwGEkkNbzy0bWPIi/A=','2024-04-06 16:49:16.239012',1,16,'','lionel@gmail.com','Lionel','superuser_oTtyXjkzUW','',1,'Migrate Set','1000','MUHIRE','user','07848633176',NULL,NULL,NULL,NULL,NULL,NULL,NULL,NULL,NULL,'2024-01-07 22:44:44.189211',1,NULL,NULL,NULL,NULL,NULL,NULL,NULL,NULL,NULL,NULL,NULL),('!mYLf9BdzBPTi1vnlRJchJJpnUOQIXUcGiWRPq003',NULL,0,17,'None','maurice@mail.com','Peter','28288282828','kigali rwanda',0,'Migrate Set','1000','Maurice','user','078555555',NULL,NULL,NULL,NULL,NULL,NULL,NULL,NULL,NULL,'2024-01-10 23:38:46.128935',0,NULL,NULL,NULL,NULL,NULL,NULL,NULL,NULL,NULL,NULL,NULL),('!LqLWYi1VfKFU4pbWIsfg78stMSyDzAFiFrifWL6I',NULL,0,18,'None','last@test.com','Mr M','test','teste address',0,'Migrate Set','1000','ywvs','user','078555555',NULL,NULL,NULL,NULL,NULL,NULL,NULL,NULL,NULL,'2024-01-24 12:10:39.920804',0,NULL,NULL,NULL,NULL,NULL,NULL,NULL,NULL,NULL,NULL,NULL),('!kXTn9kkEoJZB6LHByJ8OqOxrKwdwfcoevVAlumfK',NULL,0,19,'test','nomail@maill.com','jaguar user','15653535626','none',0,'Migrate Set','1000','end user','user','078555555',NULL,NULL,NULL,NULL,NULL,NULL,NULL,NULL,NULL,'2024-01-24 15:25:16.441850',0,NULL,NULL,NULL,NULL,NULL,NULL,NULL,NULL,NULL,NULL,NULL),('!HtkT7WDMUIdBh0St2NVfTtQ42bzCB6nYqhYX2wiQ',NULL,0,20,'none','email@mail.com','nene','182882','teste address',0,'Migrate Set','1000','meme','user','078555555',NULL,NULL,NULL,NULL,NULL,NULL,NULL,NULL,NULL,'2024-01-24 23:21:19.956288',0,NULL,NULL,NULL,NULL,NULL,NULL,NULL,NULL,NULL,NULL,NULL),('!BM62FnAeYeYOMvKnBsYoVuXvyjLHgh0skTD33tLR',NULL,0,21,'NONE, TEST','lionel@gmaill.com','Saturday User Testing B','122939933995','Busanza',0,'Migrate Set','1000','end user','user','078555555','2000-10-01',NULL,NULL,NULL,NULL,NULL,NULL,NULL,NULL,'2024-01-30 08:00:06.901558',0,NULL,'https://storage.googleapis.com/mlcs-de102.appspot.com/user_files/Saturday%20User%20Testing%20B/contract.pdf','https://storage.googleapis.com/mlcs-de102.appspot.com/user_files/Saturday%20User%20Testing%20B/cv.pdf',NULL,NULL,NULL,NULL,NULL,NULL,NULL,NULL),('!rd12YThnJJ82IzDszS3t79F9sWX6p3TwlqPXQ2hN',NULL,0,22,'Mananger','testing@mail.co','Test User','8373732916771','Busanza',0,'Migrate Set','1000','Moday USER','user','078555555','2000-01-01',NULL,NULL,NULL,NULL,NULL,NULL,NULL,NULL,'2024-02-27 09:59:06.873490',0,NULL,'https://storage.googleapis.com/mlcs-de102.appspot.com/user_files/Test%20User/contract.pdf','https://storage.googleapis.com/mlcs-de102.appspot.com/user_files/Test%20User/cv.pdf',NULL,NULL,NULL,NULL,NULL,NULL,NULL,NULL),('!V0DM1C8emgIaIDBu7azD47Sg9cj8YAqFaBrqxrDf',NULL,0,23,'None','mlcorporateservicesit@gmail.comm','jaguar user','156535356265','teste address',0,'Migrate Set','1000','SHEN','user','078555555','2024-02-23',NULL,NULL,NULL,NULL,NULL,NULL,NULL,NULL,'2024-02-27 18:52:23.614298',0,NULL,'https://storage.googleapis.com/mlcs-de102.appspot.com/user_files/jaguar%20user/contract.pdf','https://storage.googleapis.com/mlcs-de102.appspot.com/user_files/jaguar%20user/cv.pdf',NULL,NULL,NULL,NULL,NULL,NULL,NULL,NULL),('!a8cXp6QgXAeG9esL0bN8iyx6eVj5fnPrJcjJHTlq',NULL,0,24,'Mananger','liionel@gmail.com','jaguar user','1111111111536278','teste address',0,'Migrate Set','1000','money test','user','078555555','2024-02-29',NULL,NULL,NULL,NULL,NULL,NULL,NULL,NULL,'2024-03-03 09:35:16.181783',0,NULL,'https://storage.googleapis.com/mlcs-de102.appspot.com/user_files/jaguar%20user/contract.pdf','https://storage.googleapis.com/mlcs-de102.appspot.com/user_files/jaguar%20user/cv.pdf',NULL,NULL,NULL,NULL,NULL,NULL,NULL,NULL),('!bRGYn0k0iPAniCm8VbZwMwP0uj1Rmv4FRWIUrQN1',NULL,0,27,'NONE, TEST','maurice@mail.comm','Saturday User','111111111153628','teste address',0,'IT_administrator Soft Dev','4','hirwa','manager','9999999999','2024-03-01',NULL,NULL,NULL,NULL,NULL,NULL,NULL,NULL,'2024-03-06 08:23:04.575286',0,NULL,'https://storage.googleapis.com/mlcs-de102.appspot.com/user_files/Saturday%20User/contract.pdf','https://storage.googleapis.com/mlcs-de102.appspot.com/user_files/Saturday%20User/cv.pdf',NULL,NULL,NULL,NULL,NULL,NULL,NULL,NULL),('pbkdf2_sha256$720000$w2AfHV1bFDSQBl0oB4WUQG$kof/7Q+yFsxB1NuHORZThN0yxYu7qxUw3JOnFSf1MSI=',NULL,0,28,'NONE, TEST','lionele@gmail.com','jaguar user','1229399339933','add',1,'Lionel None','16','NAE','manager','9999999999','2024-03-08',NULL,NULL,NULL,NULL,NULL,NULL,NULL,NULL,'2024-03-06 21:35:20.984119',0,NULL,'https://storage.googleapis.com/mlcs-de102.appspot.com/user_files/jaguar%20user/contract.pdf','https://storage.googleapis.com/mlcs-de102.appspot.com/user_files/jaguar%20user/cv.pdf',NULL,NULL,NULL,NULL,NULL,NULL,NULL,NULL),('pbkdf2_sha256$720000$mcok4POqXIEd3uoViawrUq$aKnqyv2VrZA+JsGhZUSJdcxRwdvi9XFiMIAAqwjihlU=',NULL,0,29,'NONE, TEST','lionel666@gmail.com','some','natId','teste address',0,'Self Registered','0','hdhsh','Client','737373773','2024-03-22',NULL,NULL,NULL,NULL,NULL,NULL,NULL,NULL,'2024-03-25 21:11:03.508861',0,NULL,NULL,NULL,NULL,NULL,NULL,NULL,NULL,NULL,NULL,NULL),('pbkdf2_sha256$720000$s8xwuXZH8Qsa9kH2OJHrtw$0CTdPJWifPYtsJAb8iEd+UTg4fLu2XQY0gULX5v2r8g=','2024-04-07 08:12:50.286779',0,48,'NONE, TEST','lionel7866@gmail.com','self Registered','838286288282828','teste address',0,'Self Registered','0','user','Client','737373773','2024-03-22',NULL,NULL,NULL,NULL,NULL,NULL,NULL,NULL,'2024-03-27 21:31:39.001019',0,NULL,NULL,NULL,NULL,NULL,NULL,NULL,NULL,NULL,NULL,NULL),('pbkdf2_sha256$720000$MXhyAfqttSzbmBwXSX5plP$f6TZ8lczhfQ15TpT0E9PhrCXmm3AW3jQS9tLroJAfdU=',NULL,0,49,'tester','mail@mail.com','teste 1','626266262','kigali rwanda',1,'IT_administrator Soft Dev','4','my','manager','723772772727','2024-04-25',NULL,NULL,NULL,NULL,NULL,NULL,NULL,NULL,'2024-04-05 10:46:04.403656',0,NULL,'https://storage.googleapis.com/mlcs-de102.appspot.com/user_files/teste%201/contract.pdf','https://storage.googleapis.com/mlcs-de102.appspot.com/user_files/teste%201/cv.pdf',NULL,NULL,NULL,NULL,NULL,NULL,NULL,NULL),('pbkdf2_sha256$720000$oUxX0Eb4SfMXzwtqnOS7jT$Vc6iG76Ks0CSI0Qd/QdTFVklR0eEKo4W+8cEiqrJzJY=','2024-04-07 20:04:18.832510',0,58,'DEALER','chanceeric@gmal.test','ERIC','11998000000001','',0,'Self Registered','0','Chance','Client','0783634562',NULL,NULL,NULL,NULL,NULL,NULL,NULL,NULL,NULL,'2024-04-07 18:43:36.182191',0,NULL,NULL,NULL,NULL,NULL,NULL,'72635637','RWANDA','Rwandan',NULL,'English');
/*!40000 ALTER TABLE `backend_customuser` ENABLE KEYS */;
UNLOCK TABLES;

--
-- Table structure for table `backend_customuser_groups`
--

DROP TABLE IF EXISTS `backend_customuser_groups`;
/*!40101 SET @saved_cs_client     = @@character_set_client */;
/*!50503 SET character_set_client = utf8mb4 */;
CREATE TABLE `backend_customuser_groups` (
  `id` bigint NOT NULL AUTO_INCREMENT,
  `customuser_id` int NOT NULL,
  `group_id` int NOT NULL,
  PRIMARY KEY (`id`),
  UNIQUE KEY `backend_customuser_groups_customuser_id_group_id_a4f8c55e_uniq` (`customuser_id`,`group_id`),
  KEY `backend_customuser_groups_group_id_5fab7100_fk_auth_group_id` (`group_id`),
  CONSTRAINT `backend_customuser_g_customuser_id_a9d2181c_fk_backend_c` FOREIGN KEY (`customuser_id`) REFERENCES `backend_customuser` (`UserID`),
  CONSTRAINT `backend_customuser_groups_group_id_5fab7100_fk_auth_group_id` FOREIGN KEY (`group_id`) REFERENCES `auth_group` (`id`)
) ENGINE=InnoDB DEFAULT CHARSET=utf8mb4 COLLATE=utf8mb4_0900_ai_ci;
/*!40101 SET character_set_client = @saved_cs_client */;

--
-- Dumping data for table `backend_customuser_groups`
--

LOCK TABLES `backend_customuser_groups` WRITE;
/*!40000 ALTER TABLE `backend_customuser_groups` DISABLE KEYS */;
/*!40000 ALTER TABLE `backend_customuser_groups` ENABLE KEYS */;
UNLOCK TABLES;

--
-- Table structure for table `backend_customuser_user_permissions`
--

DROP TABLE IF EXISTS `backend_customuser_user_permissions`;
/*!40101 SET @saved_cs_client     = @@character_set_client */;
/*!50503 SET character_set_client = utf8mb4 */;
CREATE TABLE `backend_customuser_user_permissions` (
  `id` bigint NOT NULL AUTO_INCREMENT,
  `customuser_id` int NOT NULL,
  `permission_id` int NOT NULL,
  PRIMARY KEY (`id`),
  UNIQUE KEY `backend_customuser_user__customuser_id_permission_ca2b53b6_uniq` (`customuser_id`,`permission_id`),
  KEY `backend_customuser_u_permission_id_9e1b6f57_fk_auth_perm` (`permission_id`),
  CONSTRAINT `backend_customuser_u_customuser_id_44346a50_fk_backend_c` FOREIGN KEY (`customuser_id`) REFERENCES `backend_customuser` (`UserID`),
  CONSTRAINT `backend_customuser_u_permission_id_9e1b6f57_fk_auth_perm` FOREIGN KEY (`permission_id`) REFERENCES `auth_permission` (`id`)
) ENGINE=InnoDB AUTO_INCREMENT=7 DEFAULT CHARSET=utf8mb4 COLLATE=utf8mb4_0900_ai_ci;
/*!40101 SET character_set_client = @saved_cs_client */;

--
-- Dumping data for table `backend_customuser_user_permissions`
--

LOCK TABLES `backend_customuser_user_permissions` WRITE;
/*!40000 ALTER TABLE `backend_customuser_user_permissions` DISABLE KEYS */;
INSERT INTO `backend_customuser_user_permissions` VALUES (4,1,49),(5,1,50),(6,1,51),(1,8,49),(2,8,50),(3,8,51);
/*!40000 ALTER TABLE `backend_customuser_user_permissions` ENABLE KEYS */;
UNLOCK TABLES;

--
-- Table structure for table `backend_event`
--

DROP TABLE IF EXISTS `backend_event`;
/*!40101 SET @saved_cs_client     = @@character_set_client */;
/*!50503 SET character_set_client = utf8mb4 */;
CREATE TABLE `backend_event` (
  `id` bigint NOT NULL AUTO_INCREMENT,
  `title` varchar(255) NOT NULL,
  `start` datetime(6) NOT NULL,
  `end` datetime(6) NOT NULL,
  `description` longtext,
  PRIMARY KEY (`id`)
) ENGINE=InnoDB AUTO_INCREMENT=49 DEFAULT CHARSET=utf8mb4 COLLATE=utf8mb4_0900_ai_ci;
/*!40101 SET character_set_client = @saved_cs_client */;

--
-- Dumping data for table `backend_event`
--

LOCK TABLES `backend_event` WRITE;
/*!40000 ALTER TABLE `backend_event` DISABLE KEYS */;
INSERT INTO `backend_event` VALUES (5,'last not the least','2023-12-08 00:00:00.000000','2023-12-09 00:00:00.000000',NULL),(8,'creating an hourly event','2023-12-23 02:30:00.000000','2023-12-23 03:00:00.000000',NULL),(9,'testing another hourly event','2023-12-15 08:00:00.000000','2023-12-15 11:30:00.000000',NULL),(21,'hello word','2023-11-29 00:00:00.000000','2023-11-30 00:00:00.000000',NULL),(25,'10pm ebet','2023-12-16 04:00:00.000000','2023-12-16 04:30:00.000000',NULL),(31,'test another event','2024-01-05 00:00:00.000000','2024-01-05 23:59:59.000000',NULL),(32,'testing another exitending event','2024-01-06 00:00:00.000000','2024-01-06 23:59:59.000000',NULL),(33,'week check','2023-12-28 00:00:00.000000','2024-01-03 23:59:59.000000',NULL),(34,'day check test event','2024-01-01 00:00:00.000000','2024-01-01 23:59:59.000000',NULL),(35,'3 days check event','2023-12-31 00:00:00.000000','2024-01-02 23:59:59.000000',NULL),(36,'time test','2024-01-04 05:00:00.000000','2024-01-04 07:29:59.000000',NULL),(38,'there a special event','2024-02-03 20:00:00.000000','2024-02-04 21:59:59.000000',NULL),(39,'adding an event','2024-01-21 00:00:00.000000','2024-01-21 23:59:59.000000',NULL),(40,'test feb event','2024-02-27 22:00:00.000000','2024-02-28 23:59:59.000000',NULL),(41,'an other event','2024-02-26 00:30:00.000000','2024-02-26 00:59:59.000000',NULL),(42,'test event by hours','2024-02-26 05:00:00.000000','2024-02-26 06:59:59.000000',NULL),(43,'Busy Next Day, TESTING hOURS SETTING AND STORING','2024-02-10 03:30:00.000000','2024-02-10 19:59:59.000000',NULL),(44,'tests','2024-03-06 22:00:00.000000','2024-03-07 23:59:59.000000',NULL),(45,'next week event','2024-03-19 22:00:00.000000','2024-03-20 23:59:59.000000',NULL),(46,'hours event','2024-03-05 06:00:00.000000','2024-03-05 09:29:59.000000',NULL),(47,'xxxxxxxxxxxxxxxxxxxxxxxxxxxxxxxxxxxxxxxxxxxxxxx','2024-02-21 22:00:00.000000','2024-02-22 23:59:59.000000',NULL);
/*!40000 ALTER TABLE `backend_event` ENABLE KEYS */;
UNLOCK TABLES;

--
-- Table structure for table `backend_options`
--

DROP TABLE IF EXISTS `backend_options`;
/*!40101 SET @saved_cs_client     = @@character_set_client */;
/*!50503 SET character_set_client = utf8mb4 */;
CREATE TABLE `backend_options` (
  `id` bigint NOT NULL AUTO_INCREMENT,
  `available_datetime` datetime(6) NOT NULL,
  `day_of_week` varchar(10) NOT NULL,
  `status` varchar(255) NOT NULL,
  PRIMARY KEY (`id`)
) ENGINE=InnoDB DEFAULT CHARSET=utf8mb4 COLLATE=utf8mb4_0900_ai_ci;
/*!40101 SET character_set_client = @saved_cs_client */;

--
-- Dumping data for table `backend_options`
--

LOCK TABLES `backend_options` WRITE;
/*!40000 ALTER TABLE `backend_options` DISABLE KEYS */;
/*!40000 ALTER TABLE `backend_options` ENABLE KEYS */;
UNLOCK TABLES;

--
-- Table structure for table `backend_passwordresettoken`
--

DROP TABLE IF EXISTS `backend_passwordresettoken`;
/*!40101 SET @saved_cs_client     = @@character_set_client */;
/*!50503 SET character_set_client = utf8mb4 */;
CREATE TABLE `backend_passwordresettoken` (
  `id` bigint NOT NULL AUTO_INCREMENT,
  `token` varchar(255) NOT NULL,
  `expiration_time` datetime(6) NOT NULL,
  `user_id` int NOT NULL,
  `resetDate` datetime(6) NOT NULL,
  PRIMARY KEY (`id`),
  UNIQUE KEY `token` (`token`),
  KEY `backend_passwordrese_user_id_58ee492b_fk_backend_c` (`user_id`),
  CONSTRAINT `backend_passwordrese_user_id_58ee492b_fk_backend_c` FOREIGN KEY (`user_id`) REFERENCES `backend_customuser` (`UserID`)
) ENGINE=InnoDB AUTO_INCREMENT=26 DEFAULT CHARSET=utf8mb4 COLLATE=utf8mb4_0900_ai_ci;
/*!40101 SET character_set_client = @saved_cs_client */;

--
-- Dumping data for table `backend_passwordresettoken`
--

LOCK TABLES `backend_passwordresettoken` WRITE;
/*!40000 ALTER TABLE `backend_passwordresettoken` DISABLE KEYS */;
INSERT INTO `backend_passwordresettoken` VALUES (3,'bzifn2-64121b4c70fd94cb9cd953ec82896db2','2023-12-21 14:16:14.691467',1,'2023-12-27 09:54:39.954496'),(4,'bziopu-7e14f4b8747ae0e9eb187152f58051e8','2023-12-21 17:32:18.096456',1,'2023-12-27 09:54:39.954496'),(5,'bziopz-81cd89cc0bb06a5154aa81b462f17b13','2023-12-21 17:32:23.983172',1,'2023-12-27 09:54:39.954496'),(6,'bzuvdc-27b18eeab6fe8d52ae4aa57cf2937b60','2023-12-28 07:27:12.543219',1,'2023-12-27 09:54:39.954496'),(7,'bzuvdi-5b70713ac9b01d59d229062a34a6bf4b','2023-12-28 07:27:18.111725',1,'2023-12-27 09:54:39.954496'),(8,'bzxy65-92680ed173255c4b80f5be0f852eece8','2023-12-29 23:20:29.816421',1,'2023-12-28 23:20:29.817511'),(9,'bzynan-70a363e483e73da8b565ad570ba67fa2','2023-12-30 08:23:11.956376',4,'2023-12-29 08:23:11.958059'),(10,'c04zy7-a82ac70162edb83921d41ae2c3169bee','2024-01-02 18:42:07.983872',1,'2024-01-01 18:42:07.985390'),(12,'c0h8lf-736836aee6c321fbd4fc18673a832a28','2024-01-09 07:20:03.356941',4,'2024-01-08 07:20:03.357331'),(15,'c0j5sa-bea6f9bedeaad4c8502e71eca3ac4f92','2024-01-10 08:14:34.904781',1,'2024-01-09 08:14:34.905499'),(16,'c0kyrs-c92c2f03ebcec526af7136699b857f51','2024-01-11 07:38:16.854071',4,'2024-01-10 07:38:16.854393'),(17,'c0kzcc-9e305e5d078d54ed685e63eb3eda63e2','2024-01-11 07:50:36.054485',4,'2024-01-10 07:50:36.054618'),(19,'c3b3od-8319ed962ee2b754de1886bdf383e650','2024-03-04 07:29:01.677996',4,'2024-03-03 07:29:01.678198'),(20,'c3hr44-d766b86f3329acbe830adff972eb46f5','2024-03-07 21:40:52.930794',1,'2024-03-06 21:40:52.931019'),(22,'c3jh70-ec539c22d1f12c2723b589e33bd02d54','2024-03-08 20:01:48.912281',16,'2024-03-07 20:01:48.913967'),(23,'c3jmqi-05e65f7b8ec0e810349e0bb89780c7ca','2024-03-08 22:01:30.211174',1,'2024-03-07 22:01:30.211816'),(24,'c4pckm-8c840e4a11a48ca51e2ea799e8589521','2024-03-31 10:41:10.827564',4,'2024-03-30 10:41:10.828205'),(25,'c4pckv-bcbe125bdcce8ed44d67cebfc3ea4da6','2024-03-31 10:41:19.360309',4,'2024-03-30 10:41:19.360520');
/*!40000 ALTER TABLE `backend_passwordresettoken` ENABLE KEYS */;
UNLOCK TABLES;

--
-- Table structure for table `backend_reservation`
--

DROP TABLE IF EXISTS `backend_reservation`;
/*!40101 SET @saved_cs_client     = @@character_set_client */;
/*!50503 SET character_set_client = utf8mb4 */;
CREATE TABLE `backend_reservation` (
  `id` bigint NOT NULL AUTO_INCREMENT,
  `timestamp` datetime(6) NOT NULL,
  `email` varchar(254) NOT NULL,
  `fullName` varchar(255) NOT NULL,
  `clientContact` varchar(15) NOT NULL,
  `otherServices` longtext,
  `servicesToDiscuss` longtext NOT NULL DEFAULT (_utf8mb3''),
  `startTime` datetime DEFAULT NULL,
  `endTime` datetime(6) DEFAULT NULL,
  PRIMARY KEY (`id`),
  UNIQUE KEY `backend_reservation_endTime_7f81505f_uniq` (`endTime`),
  UNIQUE KEY `backend_reservation_startTime_0a6a2eda_uniq` (`startTime`)
) ENGINE=InnoDB AUTO_INCREMENT=53 DEFAULT CHARSET=utf8mb4 COLLATE=utf8mb4_0900_ai_ci;
/*!40101 SET character_set_client = @saved_cs_client */;

--
-- Dumping data for table `backend_reservation`
--

LOCK TABLES `backend_reservation` WRITE;
/*!40000 ALTER TABLE `backend_reservation` DISABLE KEYS */;
INSERT INTO `backend_reservation` VALUES (1,'2024-02-15 21:24:17.343877','yvescadiotgeno@gmail.com','Geno Yves cadiot','+250784505290','','Private Notary Services','2024-02-19 13:00:00','2024-02-19 14:00:00.000000'),(3,'2024-02-15 21:31:26.627194','testbook@book.com','testBook','+7287363783','some test','Other','2024-02-21 07:00:00','2024-02-21 08:00:00.000000'),(7,'2024-02-15 21:55:25.181789','yvescadiotgeno@gmail.com','Geno Yves cadiot','+250784505290','','Private Notary Services','2024-02-15 09:00:00','2024-02-15 10:00:00.000000'),(10,'2024-02-16 05:07:29.119900','yvescadiotgeno@gmail.com','Geno Yves cadiot','+250784505290','','Private Notary Services','2024-02-19 09:00:00','2024-02-19 10:00:00.000000'),(12,'2024-02-16 05:18:56.309667','mail@mail.com','Some Booker','+250784863317','some test','Other','2024-02-20 14:00:00','2024-02-20 15:00:00.000000'),(19,'2024-02-18 16:35:51.684334','lionel@dev.com','Lionel Dev','+250784863317','Booking testing','Other','2024-02-19 07:00:00','2024-02-19 08:00:00.000000'),(20,'2024-02-18 19:31:30.296481','lionel@dev.com','Lionel Dev','+250784863317','Booking testing','Other','2024-02-20 08:00:00','2024-02-20 09:00:00.000000'),(21,'2024-02-18 19:33:34.019973','lionel@dev.com','Lionel Dev','+250784863317','Booking testing','Other','2024-02-22 12:00:00','2024-02-22 13:00:00.000000'),(22,'2024-02-18 20:07:42.874016','deo@deo.com','deo','89383283289','','Fund Services','2024-02-22 09:00:00','2024-02-22 10:00:00.000000'),(25,'2024-02-18 20:21:08.208876','yvescadiotgeno@gmail.com','Kigali','+250784863317','','Intellectual Property Services','2024-02-20 13:00:00','2024-02-20 14:00:00.000000'),(26,'2024-02-20 07:12:25.690770','reserve@reserver.com','reserve@reserver.com','723628828288','','Legal and Compliance Assistance','2024-02-20 07:00:00','2024-02-20 08:00:00.000000'),(27,'2024-02-20 07:43:07.911970','yvescadiotgeno@gmail.com','Geno Yves cadiot','+250784505290','','Taxation Services','2024-02-28 08:00:00','2024-02-28 09:00:00.000000'),(28,'2024-02-20 07:51:42.556882','test@booking.com','Monday Test','+250784505290','','Legal and Compliance Assistance','2024-02-27 09:00:00','2024-02-27 10:00:00.000000'),(29,'2024-02-20 07:56:37.986653','after@noon.com','Afternoon Booker Booking','+250784838382','','Legal and Compliance Assistance','2024-03-18 08:00:00','2024-03-18 09:00:00.000000'),(30,'2024-02-20 07:58:02.504161','yvescadiotgeno@gmail.com','Lionel Dev','+2507845052762','','Legal and Compliance Assistance','2024-02-20 09:00:00','2024-02-20 10:00:00.000000'),(31,'2024-02-20 07:58:40.595861','yvescadiotgeno@gmail.com','Geno Yves cadiot','+250784505290','','Fund Services','2024-02-20 12:00:00','2024-02-20 13:00:00.000000'),(32,'2024-02-20 18:22:36.856573','yvescadiotgeno@gmail.com','Geno Yves cadiot','+250784505290','','Training','2024-02-22 08:00:00','2024-02-22 09:00:00.000000'),(33,'2024-02-21 13:40:43.549920','mail@book.com','last book','+276388393993','','Training','2024-03-04 09:00:00','2024-03-04 10:00:00.000000'),(34,'2024-02-23 19:01:22.782755','friday@client.com','Friday Client','90239023900','Discussing few things','Other','2024-02-29 12:00:00','2024-02-29 13:00:00.000000'),(36,'2024-02-24 13:02:02.753773','ishimwe@gmail.com','ishimwe mireille','07873636363','','Setting up and incorporation of companies and structures','2024-03-11 08:00:00','2024-03-11 09:00:00.000000'),(37,'2024-02-26 18:46:35.869219','mlcorporateservicesit@gmail.com','IT_administrator Soft Dev','0794578543',NULL,'book test for user','2024-02-05 22:00:00','2024-02-06 23:59:59.000000'),(38,'2024-02-26 18:48:29.608498','mlcorporateservicesit@gmail.com','IT_administrator Soft Dev','0794578543',NULL,'week book','2024-03-20 22:00:00','2024-03-28 23:59:59.000000'),(39,'2024-02-26 20:01:46.093420','mlcorporateservicesit@gmail.com','IT_administrator Soft Dev','0794578543',NULL,'Not available april','2024-03-31 22:00:00','2024-05-10 23:59:59.000000'),(40,'2024-02-26 21:19:12.480275','mlcorporateservicesit@gmail.com','IT_administrator Soft Dev','0794578543',NULL,'test Night event','2024-02-08 22:00:00','2024-02-09 23:59:59.000000'),(41,'2024-02-28 08:39:29.728481','mon@mail.com','Mon Mon','07873636363','services of servicing','Other','2024-02-28 13:00:00','2024-02-28 14:00:00.000000'),(42,'2024-02-28 10:19:46.548049','hjsdhashhjas@basgsah.cbcb','Morning test client','83828277238383','vvvvvvvvvv','Other','2024-03-01 07:00:00','2024-03-01 08:00:00.000000'),(43,'2024-02-28 10:23:06.010594','mlcorporateservicesit@gmail.com','IT_administrator Soft Dev','0794578543',NULL,'unvalable','2024-06-02 22:00:00','2024-06-20 23:59:59.000000'),(44,'2024-03-03 09:45:04.597441','Mykola@mail.com','Bonkov Mykola','837536328282882','Booking testing','Other','2024-03-05 08:00:00','2024-03-05 09:00:00.000000'),(46,'2024-03-09 11:01:39.422546','mlcorporateservicesit@gmail.com','IT_administrator Soft Dev','0794578543',NULL,'testbook','2024-03-11 22:00:00','2024-03-14 23:59:59.000000'),(47,'2024-03-11 09:46:55.818263','friday@client.com','Mon Mon','83828277238383','','Intellectual Property Services','2024-03-11 13:00:00','2024-03-11 14:00:00.000000'),(48,'2024-03-11 09:56:11.160997','mlcorporateservicesit@gmail.com','IT_administrator Soft Dev','0794578543',NULL,'closed','2024-03-15 06:00:00','2024-03-15 15:29:59.000000'),(49,'2024-03-29 00:08:01.558186','mlcorporateservicesit@gmail.com','IT_administrator Soft Dev','0794578543',NULL,'some reservation inALX','2024-03-06 22:00:00','2024-03-07 23:59:59.000000'),(51,'2024-03-29 00:10:48.507811','nonuser@email.com','some name','07873636363','services of servicing','Other','2024-05-13 08:00:00','2024-05-13 09:00:00.000000'),(52,'2024-04-05 10:48:07.542100','reserve@reserve.com','Morning test client','83828277238383','','Private Notary Services','2024-05-24 07:00:00','2024-05-24 08:00:00.000000');
/*!40000 ALTER TABLE `backend_reservation` ENABLE KEYS */;
UNLOCK TABLES;

--
-- Table structure for table `backend_service`
--

DROP TABLE IF EXISTS `backend_service`;
/*!40101 SET @saved_cs_client     = @@character_set_client */;
/*!50503 SET character_set_client = utf8mb4 */;
CREATE TABLE `backend_service` (
  `id` bigint NOT NULL AUTO_INCREMENT,
  `title` varchar(255) NOT NULL,
  `objective` longtext,
  `start_time` datetime(6) NOT NULL,
  `end_time` datetime(6) DEFAULT NULL,
  `description` longtext,
  `is_active` tinyint(1) NOT NULL,
  `total_elapsed_time` decimal(10,2) NOT NULL,
  `service_cost_per_hour` decimal(10,2) NOT NULL,
  `currency` varchar(10) NOT NULL,
  `total_cost` decimal(10,2) NOT NULL,
  `provider_id` int DEFAULT NULL,
  `provider_email` varchar(254) DEFAULT NULL,
  `provider_name` varchar(255) DEFAULT NULL,
  `client_name` varchar(255) DEFAULT NULL,
  `client_email` varchar(254) DEFAULT NULL,
  `user_id` int DEFAULT NULL,
  `serviced_client_id` int DEFAULT NULL,
  `initationDate` datetime(6) NOT NULL,
  PRIMARY KEY (`id`)
) ENGINE=InnoDB AUTO_INCREMENT=26 DEFAULT CHARSET=utf8mb4 COLLATE=utf8mb4_0900_ai_ci;
/*!40101 SET character_set_client = @saved_cs_client */;

--
-- Dumping data for table `backend_service`
--

LOCK TABLES `backend_service` WRITE;
/*!40000 ALTER TABLE `backend_service` DISABLE KEYS */;
INSERT INTO `backend_service` VALUES (1,'Service 1','Objective 1','2023-12-23 15:57:10.209107','2023-12-23 20:46:06.191920','Sample description',0,4.82,50.00,'USD',240.78,1,'muhirelionel@gmail.com','Mr Li','John Doe','john.doe@example.com',NULL,NULL,'2023-12-27 09:54:53.033298'),(2,'Service 2','Objective 2','2023-12-23 16:44:06.370647','2023-12-23 21:19:44.768400','Sample description',0,4.59,75.00,'EUR',344.55,1,'muhirelionel@gmail.com','Mr Li','John Doe','john.doe@example.com',NULL,NULL,'2023-12-27 09:54:53.033298'),(3,'Service 2','Objective 2','2023-12-23 17:06:51.124458','2023-12-23 21:24:08.726129','the other Sample description',0,4.29,75.00,'EUR',321.62,1,'muhirelionel@gmail.com','Mr Li','Alex Johnson','alex.johnson@example.com',NULL,NULL,'2023-12-27 09:54:53.033298'),(4,'Service 2','Objective 2','2023-12-23 17:19:20.893281','2023-12-23 21:36:37.424191','Latest',0,4.29,75.00,'EUR',321.59,1,'muhirelionel@gmail.com','Mr Li','jean eric','jean@eric.com',NULL,7,'2023-12-27 09:54:53.033298'),(5,'Corporate Governance',NULL,'2023-12-25 14:57:50.683714','2023-12-25 20:54:14.499665',NULL,0,5.94,4.00,'EUR',23.76,4,NULL,NULL,NULL,NULL,NULL,1,'2023-12-27 09:54:53.033298'),(6,'Taxation',NULL,'2023-12-25 15:13:05.876164','2023-12-25 20:29:07.742496',NULL,0,5.27,12.00,'USD',63.21,4,NULL,NULL,NULL,NULL,NULL,3,'2023-12-27 09:54:53.033298'),(7,'Fund Services',NULL,'2023-12-25 15:14:15.706929','2023-12-25 20:29:40.620120',NULL,0,5.26,12.00,'USD',63.08,4,NULL,NULL,NULL,NULL,NULL,3,'2023-12-27 09:54:53.033298'),(8,'Intellectual property',NULL,'2023-12-25 16:36:55.478341','2023-12-25 21:08:28.300072','test close',0,4.53,67.00,'EUR',303.23,4,NULL,NULL,NULL,NULL,NULL,7,'2023-12-27 09:54:53.033298'),(9,'Taxation',NULL,'2023-12-25 16:58:17.406443','2023-12-25 21:58:47.821587',NULL,0,5.01,63.00,'USD',315.53,4,NULL,NULL,NULL,NULL,NULL,1,'2023-12-27 09:54:53.033298'),(10,'Private Notary Services',NULL,'2023-12-25 17:06:53.613072','2023-12-25 21:58:58.177015',NULL,0,4.87,45.00,'RWF',219.06,4,NULL,NULL,NULL,NULL,NULL,1,'2023-12-27 09:54:53.033298'),(11,'Private Notary Services',NULL,'2023-12-25 17:26:15.766900','2023-12-25 21:09:37.727835','more testclose',0,3.72,63.00,'RWF',234.53,4,NULL,NULL,NULL,NULL,NULL,2,'2023-12-27 09:54:53.033298'),(12,'Intellectual property',NULL,'2023-12-25 18:20:26.140543','2023-12-25 21:59:07.605394',NULL,0,3.64,53.00,'RWF',193.18,4,NULL,NULL,NULL,NULL,NULL,2,'2023-12-27 09:54:53.033298'),(13,'Taxation',NULL,'2023-12-25 18:38:29.683042','2023-12-25 21:59:30.422741',NULL,0,3.35,36.00,'RWF',120.61,4,'mlcorporateservicesit@gmail.com','Super USER Admin','Jane Smith','jane.smith@example.com',NULL,2,'2023-12-27 09:54:53.033298'),(14,'Legal and Compliance Assistance',NULL,'2023-12-26 05:56:49.802328','2023-12-26 05:57:18.431852',NULL,0,0.01,55.00,'USD',0.44,4,'mlcorporateservicesit@gmail.com','Super USER Admin','Jane Smith','jane.smith@example.com',NULL,2,'2023-12-27 09:54:53.033298'),(15,'Fund Services','some objectives','2023-12-26 06:20:18.740283','2023-12-26 08:26:27.538741',NULL,0,2.10,5000.00,'RWF',10512.22,4,'mlcorporateservicesit@gmail.com','Super USER Admin','John Doe','john.doe@example.com',NULL,1,'2023-12-27 09:54:53.033298'),(16,'Corporate Governance','testing invalidation','2023-12-26 08:40:55.302962','2023-12-26 08:43:57.163212',NULL,0,0.05,2552.00,'RWF',128.92,4,'mlcorporateservicesit@gmail.com','Super USER Admin','Jane Smith','jane.smith@example.com',NULL,2,'2023-12-27 09:54:53.033298'),(17,'Private Notary Services','rddfggghhghh','2023-12-26 09:48:32.847435','2023-12-26 11:05:53.007617','Auto Close By Log Out',0,1.29,2000.00,'RWF',2577.87,4,'mlcorporateservicesit@gmail.com','Super USER Admin','John Doe','john.doe@example.com',NULL,1,'2023-12-27 09:54:53.033298'),(18,'Accounting','testing invalidation','2023-12-26 11:10:15.856245','2023-12-26 11:10:24.651135','Auto Close By Log Out',0,0.00,6300.00,'RWF',15.39,4,'mlcorporateservicesit@gmail.com','Super USER Admin','Jane Smith','jane.smith@example.com',NULL,2,'2023-12-27 09:54:53.033298'),(19,'Corporate Governance','testXXX','2024-01-01 18:39:23.174985','2024-01-01 18:40:05.066409',NULL,0,0.01,4000.00,'RWF',46.55,4,'mlcorporateservicesit@gmail.com','IT_administrator Soft Dev','Jane Smith','jane.smith@example.com',NULL,2,'2024-01-01 18:39:23.174910'),(20,'Fund Services','main obj','2024-01-06 22:36:13.916090','2024-01-06 23:08:15.107011','Auto Close By Log Out',0,0.53,2000.00,'RWF',1067.33,4,'mlcorporateservicesit@gmail.com','IT_administrator Soft Dev','Jane Smith','jane.smith@example.com',NULL,2,'2024-01-06 22:36:13.916056'),(21,'Fund Services','sample objectives','2024-01-09 08:03:38.715454','2024-01-09 08:07:58.355303','Auto Close By Log Out',0,0.07,5000.00,'RWF',360.61,1,'muhirelionel@gmail.com','Mr Li Lionel','Alex Johnson','alex.johnson@example.com',NULL,3,'2024-01-09 08:03:38.715407'),(22,'Accounting','some objectives','2024-02-28 10:13:35.018602','2024-02-28 10:14:14.191600',NULL,0,0.01,6000.00,'RWF',65.29,4,'mlcorporateservicesit@gmail.com','IT_administrator Soft Dev','John Doe','john.doe@example.com',NULL,1,'2024-02-28 10:13:35.018547'),(23,'Taxation','hdshashjaksdjkajsjdjkasjkjkdjsa','2024-03-05 10:36:34.200052','2024-03-05 15:51:01.191207',NULL,0,5.24,6400.00,'RWF',33541.32,4,'mlcorporateservicesit@gmail.com','IT_administrator Soft Dev','John Doe','john.doe@example.com',NULL,1,'2024-03-05 10:36:34.199980'),(24,'Taxation','tydghax','2024-03-07 14:14:01.228413','2024-03-09 10:56:36.642776',NULL,0,44.71,7888.00,'RWF',352671.20,4,'mlcorporateservicesit@gmail.com','IT_administrator Soft Dev','Alex Johnson','alex.johnson@example.com',NULL,3,'2024-03-07 14:14:01.228336'),(25,'Legal and Compliance Assistance','sample objectives','2024-03-11 09:48:52.981309','2024-03-11 09:49:44.347601',NULL,0,0.01,5000.00,'RWF',71.34,4,'mlcorporateservicesit@gmail.com','IT_administrator Soft Dev','Maria Garcia','maria.garcia@example.com',NULL,4,'2024-03-11 09:48:52.981259');
/*!40000 ALTER TABLE `backend_service` ENABLE KEYS */;
UNLOCK TABLES;

--
-- Table structure for table `backend_transaction`
--

DROP TABLE IF EXISTS `backend_transaction`;
/*!40101 SET @saved_cs_client     = @@character_set_client */;
/*!50503 SET character_set_client = utf8mb4 */;
CREATE TABLE `backend_transaction` (
  `id` bigint NOT NULL AUTO_INCREMENT,
  `expiration_time` datetime(6) NOT NULL,
  `user_id` int NOT NULL,
  PRIMARY KEY (`id`),
  UNIQUE KEY `user_id` (`user_id`),
  CONSTRAINT `backend_transaction_user_id_9e4458d7_fk_backend_c` FOREIGN KEY (`user_id`) REFERENCES `backend_customuser` (`UserID`)
) ENGINE=InnoDB AUTO_INCREMENT=2 DEFAULT CHARSET=utf8mb4 COLLATE=utf8mb4_0900_ai_ci;
/*!40101 SET character_set_client = @saved_cs_client */;

--
-- Dumping data for table `backend_transaction`
--

LOCK TABLES `backend_transaction` WRITE;
/*!40000 ALTER TABLE `backend_transaction` DISABLE KEYS */;
INSERT INTO `backend_transaction` VALUES (1,'2024-03-25 21:12:11.087532',29);
/*!40000 ALTER TABLE `backend_transaction` ENABLE KEYS */;
UNLOCK TABLES;

--
-- Table structure for table `backend_useractionlog`
--

DROP TABLE IF EXISTS `backend_useractionlog`;
/*!40101 SET @saved_cs_client     = @@character_set_client */;
/*!50503 SET character_set_client = utf8mb4 */;
CREATE TABLE `backend_useractionlog` (
  `id` bigint NOT NULL AUTO_INCREMENT,
  `action_time` datetime(6) NOT NULL,
  `action_type` varchar(20) NOT NULL,
  `permission_id` int DEFAULT NULL,
  `user_id` int DEFAULT NULL,
  `granted_by_id` int DEFAULT NULL,
  `granted_by_fullname` varchar(255) DEFAULT NULL,
  PRIMARY KEY (`id`),
  KEY `backend_useractionlo_permission_id_6c752beb_fk_auth_perm` (`permission_id`),
  KEY `backend_useractionlo_granted_by_id_e2c4289c_fk_backend_c` (`granted_by_id`),
  KEY `backend_useractionlo_user_id_161e0b8b_fk_backend_c` (`user_id`),
  CONSTRAINT `backend_useractionlo_granted_by_id_e2c4289c_fk_backend_c` FOREIGN KEY (`granted_by_id`) REFERENCES `backend_customuser` (`UserID`),
  CONSTRAINT `backend_useractionlo_permission_id_6c752beb_fk_auth_perm` FOREIGN KEY (`permission_id`) REFERENCES `auth_permission` (`id`),
  CONSTRAINT `backend_useractionlo_user_id_161e0b8b_fk_backend_c` FOREIGN KEY (`user_id`) REFERENCES `backend_customuser` (`UserID`)
) ENGINE=InnoDB AUTO_INCREMENT=597 DEFAULT CHARSET=utf8mb4 COLLATE=utf8mb4_0900_ai_ci;
/*!40101 SET character_set_client = @saved_cs_client */;

--
-- Dumping data for table `backend_useractionlog`
--

LOCK TABLES `backend_useractionlog` WRITE;
/*!40000 ALTER TABLE `backend_useractionlog` DISABLE KEYS */;
INSERT INTO `backend_useractionlog` VALUES (1,'2023-12-11 13:56:02.611310','Activate User',NULL,8,4,NULL),(2,'2023-12-11 14:08:09.953768','Activate User',NULL,8,4,'Super USER Admin'),(3,'2023-12-11 14:09:23.168204','Activate User',NULL,8,4,'Super USER Admin'),(4,'2023-12-11 14:53:55.698375','Deactivate User',NULL,8,4,'Super USER Admin'),(5,'2023-12-11 20:33:12.187667','Grant Permissions',NULL,8,4,NULL),(6,'2023-12-11 20:43:23.029029','Grant Permissions',NULL,1,4,NULL),(7,'2024-01-08 11:04:41.069412','Logout',NULL,1,NULL,NULL),(8,'2024-01-08 11:21:50.615590','Failed Login',NULL,NULL,NULL,NULL),(9,'2024-01-08 11:28:14.513969','Logout',NULL,16,NULL,NULL),(10,'2024-01-08 11:28:24.188205','Login',NULL,16,NULL,NULL),(11,'2024-01-08 14:35:19.811530','Failed Login',NULL,NULL,NULL,NULL),(12,'2024-01-08 14:35:40.367376','Failed Login',NULL,NULL,NULL,NULL),(13,'2024-01-08 14:35:47.503114','Failed Login',NULL,NULL,NULL,NULL),(14,'2024-01-08 14:36:57.946589','Login',NULL,1,NULL,NULL),(15,'2024-01-08 14:41:20.375982','Login',NULL,1,NULL,NULL),(16,'2024-01-09 06:47:43.325183','Failed Login',NULL,NULL,NULL,NULL),(17,'2024-01-09 06:47:54.111030','Failed Login',NULL,NULL,NULL,NULL),(18,'2024-01-09 06:48:22.135744','Login',NULL,1,NULL,NULL),(19,'2024-01-09 06:51:33.018452','Logout',NULL,1,NULL,NULL),(20,'2024-01-09 06:51:55.809105','Login',NULL,1,NULL,NULL),(21,'2024-01-09 06:54:06.808560','Failed Login',NULL,NULL,NULL,NULL),(22,'2024-01-09 06:54:54.590804','Login',NULL,1,NULL,NULL),(23,'2024-01-09 07:58:07.193781','Logout',NULL,1,NULL,NULL),(24,'2024-01-09 07:58:23.782213','Failed Login',NULL,NULL,NULL,NULL),(25,'2024-01-09 07:58:34.938570','Failed Login',NULL,NULL,NULL,NULL),(26,'2024-01-09 07:59:03.706041','Login',NULL,1,NULL,NULL),(27,'2024-01-09 08:07:58.365003','Logout',NULL,1,NULL,NULL),(28,'2024-01-09 09:54:05.621413','Failed Login',NULL,NULL,NULL,NULL),(29,'2024-01-09 09:55:45.848908','Login',NULL,1,NULL,NULL),(30,'2024-01-10 07:25:25.124789','Logout',NULL,1,NULL,NULL),(31,'2024-01-10 07:37:37.926536','Failed Login',NULL,NULL,NULL,NULL),(32,'2024-01-10 08:00:52.723917','Failed Login',NULL,NULL,NULL,NULL),(33,'2024-01-10 09:14:09.746320','Logout',NULL,16,NULL,NULL),(34,'2024-01-10 09:19:55.457332','Failed Login',NULL,NULL,NULL,NULL),(35,'2024-01-10 09:20:22.512402','Failed Login',NULL,NULL,NULL,NULL),(36,'2024-01-10 09:28:24.309933','Failed Login',NULL,NULL,NULL,NULL),(37,'2024-01-10 09:28:36.809528','Login',NULL,4,NULL,NULL),(38,'2024-01-10 09:29:42.553279','Logout',NULL,4,NULL,NULL),(39,'2024-01-10 10:04:13.581793','Failed Login',NULL,NULL,NULL,NULL),(40,'2024-01-10 10:05:34.128261','Failed Login',NULL,NULL,NULL,NULL),(41,'2024-01-10 10:07:41.760582','Failed Login',NULL,NULL,NULL,NULL),(42,'2024-01-10 10:08:23.310987','Failed Login',NULL,NULL,NULL,NULL),(43,'2024-01-10 10:17:30.852498','Failed Login',NULL,NULL,NULL,NULL),(44,'2024-01-10 10:24:43.160037','Failed Login',NULL,NULL,NULL,NULL),(45,'2024-01-10 10:33:46.047652','Failed Login',NULL,NULL,NULL,NULL),(46,'2024-01-10 10:34:52.977537','Failed Login',NULL,NULL,NULL,NULL),(47,'2024-01-10 10:41:23.371119','Failed Login',NULL,NULL,NULL,NULL),(48,'2024-01-10 14:14:43.113758','Login',NULL,4,NULL,NULL),(49,'2024-01-10 14:15:32.324242','Login',NULL,16,NULL,NULL),(50,'2024-01-10 14:16:35.380961','Logout',NULL,16,NULL,NULL),(51,'2024-01-10 14:16:44.871978','Login',NULL,4,NULL,NULL),(52,'2024-01-10 14:18:01.498537','Logout',NULL,4,NULL,NULL),(53,'2024-01-10 14:18:28.681561','Failed Login',NULL,NULL,NULL,NULL),(54,'2024-01-10 14:19:12.894931','Logout',NULL,4,NULL,NULL),(55,'2024-01-10 14:20:44.216777','Login',NULL,4,NULL,NULL),(56,'2024-01-10 14:24:01.359068','Login',NULL,4,NULL,NULL),(57,'2024-01-10 22:54:33.934400','Logout',NULL,4,NULL,NULL),(58,'2024-01-10 22:54:40.897663','Login',NULL,16,NULL,NULL),(59,'2024-01-10 23:48:00.065929','Logout',NULL,4,NULL,NULL),(60,'2024-01-11 21:45:46.648161','Login',NULL,4,NULL,NULL),(61,'2024-01-11 21:49:04.195478','Login',NULL,4,NULL,NULL),(62,'2024-01-11 21:49:33.643233','Logout',NULL,16,NULL,NULL),(63,'2024-01-11 21:49:40.824426','Login',NULL,16,NULL,NULL),(64,'2024-01-11 21:50:22.050601','Logout',NULL,16,NULL,NULL),(65,'2024-01-11 21:50:29.991152','Login',NULL,4,NULL,NULL),(66,'2024-01-11 21:50:34.655927','Logout',NULL,4,NULL,NULL),(67,'2024-01-11 21:50:43.520781','Logout',NULL,4,NULL,NULL),(68,'2024-01-11 21:51:13.525114','Login',NULL,16,NULL,NULL),(69,'2024-01-11 21:51:42.380780','Logout',NULL,16,NULL,NULL),(70,'2024-01-13 07:16:29.641816','Login',NULL,4,NULL,NULL),(71,'2024-01-14 07:53:53.580792','Login',NULL,4,NULL,NULL),(72,'2024-01-14 07:53:53.582487','Login',NULL,4,NULL,NULL),(73,'2024-01-14 07:53:53.598350','Login',NULL,4,NULL,NULL),(74,'2024-01-15 07:41:28.334778','Logout',NULL,4,NULL,NULL),(75,'2024-01-15 07:41:39.681429','Login',NULL,4,NULL,NULL),(76,'2024-01-15 07:43:58.084191','Logout',NULL,4,NULL,NULL),(77,'2024-01-17 07:13:50.910942','Login',NULL,4,NULL,NULL),(78,'2024-01-19 10:40:49.498598','Login',NULL,4,NULL,NULL),(79,'2024-01-19 12:19:00.761409','Login',NULL,16,NULL,NULL),(80,'2024-01-19 12:20:51.568269','Logout',NULL,16,NULL,NULL),(81,'2024-01-19 12:20:56.194594','Login',NULL,16,NULL,NULL),(82,'2024-01-19 12:49:26.514336','Logout',NULL,16,NULL,NULL),(83,'2024-01-19 12:49:31.596926','Login',NULL,16,NULL,NULL),(84,'2024-01-19 19:29:11.844163','Logout',NULL,16,NULL,NULL),(85,'2024-01-19 19:29:20.159817','Login',NULL,16,NULL,NULL),(86,'2024-01-21 15:39:14.342125','Login',NULL,16,NULL,NULL),(87,'2024-01-24 12:06:53.507228','Logout',NULL,16,NULL,NULL),(88,'2024-01-24 12:07:06.154672','Login',NULL,16,NULL,NULL),(89,'2024-01-24 14:43:51.717849','Logout',NULL,16,NULL,NULL),(90,'2024-01-24 14:44:05.405879','Login',NULL,16,NULL,NULL),(91,'2024-01-26 15:54:26.767081','Login',NULL,16,NULL,NULL),(92,'2024-01-27 08:19:36.744836','Login',NULL,16,NULL,NULL),(93,'2024-01-27 09:41:26.111438','Logout',NULL,16,NULL,NULL),(94,'2024-01-27 09:41:36.563685','Login',NULL,16,NULL,NULL),(95,'2024-01-27 13:02:37.470836','Logout',NULL,16,NULL,NULL),(96,'2024-01-27 13:02:49.859455','Login',NULL,16,NULL,NULL),(97,'2024-01-28 14:52:22.160389','Login',NULL,16,NULL,NULL),(98,'2024-01-28 17:30:30.187090','Login',NULL,16,NULL,NULL),(99,'2024-01-29 09:52:00.343479','Login',NULL,16,NULL,NULL),(100,'2024-01-29 20:50:35.727469','Logout',NULL,16,NULL,NULL),(101,'2024-01-29 20:50:47.414240','Login',NULL,16,NULL,NULL),(102,'2024-01-30 09:07:43.557537','Logout',NULL,16,NULL,NULL),(103,'2024-01-30 09:07:50.627439','Login',NULL,16,NULL,NULL),(104,'2024-01-31 19:44:18.678155','Logout',NULL,16,NULL,NULL),(105,'2024-01-31 19:44:28.533110','Login',NULL,16,NULL,NULL),(106,'2024-02-03 12:55:43.532619','Logout',NULL,16,NULL,NULL),(107,'2024-02-03 12:55:50.670469','Login',NULL,16,NULL,NULL),(108,'2024-02-03 13:01:54.010646','Logout',NULL,16,NULL,NULL),(109,'2024-02-03 13:02:00.219697','Login',NULL,16,NULL,NULL),(110,'2024-02-03 13:32:18.948783','Logout',NULL,16,NULL,NULL),(111,'2024-02-03 13:32:26.545939','Login',NULL,16,NULL,NULL),(112,'2024-02-03 14:01:29.715501','Logout',NULL,16,NULL,NULL),(113,'2024-02-03 14:01:36.890437','Login',NULL,16,NULL,NULL),(114,'2024-02-04 04:14:59.902174','Login',NULL,16,NULL,NULL),(115,'2024-02-04 09:24:45.255333','Logout',NULL,16,NULL,NULL),(116,'2024-02-04 09:24:50.318382','Login',NULL,16,NULL,NULL),(117,'2024-02-04 09:26:17.116591','Login',NULL,16,NULL,NULL),(118,'2024-02-04 09:32:13.576340','Logout',NULL,16,NULL,NULL),(119,'2024-02-04 09:32:31.347119','Login',NULL,16,NULL,NULL),(120,'2024-02-05 12:42:47.219135','Login',NULL,16,NULL,NULL),(121,'2024-02-07 08:18:08.286547','Logout',NULL,16,NULL,NULL),(122,'2024-02-07 08:18:17.726949','Login',NULL,16,NULL,NULL),(123,'2024-02-07 09:01:19.829381','Logout',NULL,16,NULL,NULL),(124,'2024-02-07 09:01:24.262540','Login',NULL,16,NULL,NULL),(125,'2024-02-07 10:41:57.753331','Logout',NULL,16,NULL,NULL),(126,'2024-02-07 10:42:02.168704','Login',NULL,16,NULL,NULL),(127,'2024-02-07 14:18:56.459077','Login',NULL,16,NULL,NULL),(128,'2024-02-07 14:37:19.065668','Logout',NULL,16,NULL,NULL),(129,'2024-02-09 18:55:07.111440','Login',NULL,16,NULL,NULL),(130,'2024-02-19 22:26:40.092059','Logout',NULL,16,NULL,NULL),(131,'2024-02-19 22:26:45.734869','Login',NULL,16,NULL,NULL),(132,'2024-02-20 07:05:30.770032','Failed Login',NULL,NULL,NULL,NULL),(133,'2024-02-20 07:05:52.466673','Failed Login',NULL,NULL,NULL,NULL),(134,'2024-02-20 07:06:06.973271','Failed Login',NULL,NULL,NULL,NULL),(135,'2024-02-20 07:06:46.141989','Login',NULL,4,NULL,NULL),(136,'2024-02-20 18:21:01.875152','Logout',NULL,4,NULL,NULL),(137,'2024-02-20 18:23:02.538577','Failed Login',NULL,NULL,NULL,NULL),(138,'2024-02-20 18:23:27.826171','Logout',NULL,16,NULL,NULL),(139,'2024-02-20 18:23:38.617447','Login',NULL,16,NULL,NULL),(140,'2024-02-20 19:02:48.387966','Failed Login',NULL,NULL,NULL,NULL),(141,'2024-02-20 19:02:49.110039','Failed Login',NULL,NULL,NULL,NULL),(142,'2024-02-20 19:02:50.496216','Failed Login',NULL,NULL,NULL,NULL),(143,'2024-02-21 06:46:30.259149','Login',NULL,4,NULL,NULL),(144,'2024-02-21 07:13:44.005327','Login',NULL,4,NULL,NULL),(145,'2024-02-21 07:15:02.130319','Login',NULL,4,NULL,NULL),(146,'2024-02-21 07:20:32.201928','Login',NULL,4,NULL,NULL),(147,'2024-02-21 07:42:44.104302','Login',NULL,4,NULL,NULL),(148,'2024-02-21 09:12:26.074834','Login',NULL,4,NULL,NULL),(149,'2024-02-21 13:15:51.606998','Logout',NULL,4,NULL,NULL),(150,'2024-02-21 13:43:23.298372','Failed Login',NULL,NULL,NULL,NULL),(151,'2024-02-21 14:08:58.876279','Login',NULL,4,NULL,NULL),(152,'2024-02-23 06:26:37.066665','Login',NULL,4,NULL,NULL),(153,'2024-02-23 06:28:57.383292','Login',NULL,4,NULL,NULL),(154,'2024-02-23 08:52:56.525404','Logout',NULL,4,NULL,NULL),(155,'2024-02-23 08:53:00.600084','Login',NULL,16,NULL,NULL),(156,'2024-02-23 08:53:38.055037','Logout',NULL,16,NULL,NULL),(157,'2024-02-23 08:53:44.029695','Login',NULL,4,NULL,NULL),(158,'2024-02-23 12:08:02.006773','Logout',NULL,4,NULL,NULL),(159,'2024-02-23 12:08:07.529771','Login',NULL,4,NULL,NULL),(160,'2024-02-26 21:23:45.968693','Logout',NULL,4,NULL,NULL),(161,'2024-02-26 21:23:52.180987','Login',NULL,4,NULL,NULL),(162,'2024-02-27 14:58:15.955540','Logout',NULL,4,NULL,NULL),(163,'2024-02-27 14:58:45.356614','Login',NULL,4,NULL,NULL),(164,'2024-02-28 09:54:03.089148','Logout',NULL,4,NULL,NULL),(165,'2024-02-28 09:54:27.081952','Login',NULL,4,NULL,NULL),(166,'2024-02-28 09:55:48.622209','Logout',NULL,4,NULL,NULL),(167,'2024-02-28 10:08:10.717259','Login',NULL,4,NULL,NULL),(168,'2024-02-28 10:41:54.375961','Failed Login',NULL,NULL,NULL,NULL),(169,'2024-03-03 07:28:13.786966','Login',NULL,16,NULL,NULL),(170,'2024-03-03 07:28:52.293157','Logout',NULL,16,NULL,NULL),(171,'2024-03-03 08:20:27.439622','Login',NULL,4,NULL,NULL),(172,'2024-03-04 08:49:17.674916','Login',NULL,4,NULL,NULL),(173,'2024-03-04 12:30:34.161294','Failed Login',NULL,NULL,NULL,NULL),(174,'2024-03-04 12:30:40.158730','Failed Login',NULL,NULL,NULL,NULL),(175,'2024-03-04 18:41:59.332744','Login',NULL,4,NULL,NULL),(176,'2024-03-04 18:47:22.913414','Login',NULL,4,NULL,NULL),(177,'2024-03-05 08:44:27.575640','Login',NULL,4,NULL,NULL),(178,'2024-03-06 08:21:51.053787','Login',NULL,4,NULL,NULL),(179,'2024-03-06 12:00:08.968237','Logout',NULL,4,NULL,NULL),(180,'2024-03-06 12:00:14.185113','Login',NULL,4,NULL,NULL),(181,'2024-03-06 20:40:26.701049','Logout',NULL,4,NULL,NULL),(182,'2024-03-06 20:40:33.209032','Login',NULL,16,NULL,NULL),(183,'2024-03-06 21:40:21.082970','Logout',NULL,16,NULL,NULL),(184,'2024-03-06 21:40:28.428991','Failed Login',NULL,NULL,NULL,NULL),(185,'2024-03-06 21:40:39.700731','Failed Login',NULL,NULL,NULL,NULL),(186,'2024-03-06 21:45:18.818133','Login',NULL,1,NULL,NULL),(187,'2024-03-07 12:06:29.722885','Login',NULL,16,NULL,NULL),(188,'2024-03-07 12:08:22.794017','Logout',NULL,16,NULL,NULL),(189,'2024-03-07 12:08:27.164668','Login',NULL,4,NULL,NULL),(190,'2024-03-07 14:14:54.492823','Login',NULL,16,NULL,NULL),(191,'2024-03-07 14:15:12.351511','Logout',NULL,16,NULL,NULL),(192,'2024-03-07 14:15:19.037771','Login',NULL,1,NULL,NULL),(193,'2024-03-07 18:11:04.115470','Logout',NULL,1,NULL,NULL),(194,'2024-03-07 18:11:14.877601','Login',NULL,16,NULL,NULL),(195,'2024-03-07 19:46:53.491459','Login',NULL,16,NULL,NULL),(196,'2024-03-07 21:45:24.841255','Logout',NULL,16,NULL,NULL),(197,'2024-03-07 21:57:47.466260','Login',NULL,1,NULL,NULL),(198,'2024-03-09 10:55:08.909988','Login',NULL,4,NULL,NULL),(199,'2024-03-09 11:09:44.657773','Logout',NULL,4,NULL,NULL),(200,'2024-03-09 11:09:53.267207','Login',NULL,1,NULL,NULL),(201,'2024-03-09 11:22:38.576347','Logout',NULL,1,NULL,NULL),(202,'2024-03-11 07:33:04.528671','Login',NULL,1,NULL,NULL),(203,'2024-03-11 07:33:42.439074','Logout',NULL,1,NULL,NULL),(204,'2024-03-11 07:33:48.167555','Login',NULL,4,NULL,NULL),(205,'2024-03-11 07:34:03.653043','Logout',NULL,4,NULL,NULL),(206,'2024-03-11 07:56:01.726670','Failed Login',NULL,NULL,NULL,NULL),(207,'2024-03-11 07:57:30.706489','Failed Login',NULL,NULL,NULL,NULL),(208,'2024-03-11 08:02:01.317999','Failed Login',NULL,NULL,NULL,NULL),(209,'2024-03-11 08:02:30.185001','Failed Login',NULL,NULL,NULL,NULL),(210,'2024-03-11 08:03:16.802641','Failed Login',NULL,NULL,NULL,NULL),(211,'2024-03-11 08:06:10.217390','Failed Login',NULL,NULL,NULL,NULL),(212,'2024-03-11 08:06:49.995649','Failed Login',NULL,NULL,NULL,NULL),(213,'2024-03-11 08:07:23.166378','Failed Login',NULL,NULL,NULL,NULL),(214,'2024-03-11 08:09:19.108219','Failed Login',NULL,NULL,NULL,NULL),(215,'2024-03-11 08:09:56.007713','Failed Login',NULL,NULL,NULL,NULL),(216,'2024-03-11 08:10:38.745301','Failed Login',NULL,NULL,NULL,NULL),(217,'2024-03-11 08:19:54.720800','Failed Login',NULL,NULL,NULL,NULL),(218,'2024-03-11 08:21:32.770525','Login',NULL,4,NULL,NULL),(219,'2024-03-11 09:47:15.341636','Login',NULL,4,NULL,NULL),(220,'2024-03-13 07:15:30.400706','Login',NULL,4,NULL,NULL),(221,'2024-03-15 08:00:57.464238','Login',NULL,4,NULL,NULL),(222,'2024-03-17 19:28:29.979446','Login',NULL,4,NULL,NULL),(223,'2024-03-19 13:27:11.685468','Login',NULL,4,NULL,NULL),(224,'2024-03-19 13:36:46.887017','Login',NULL,4,NULL,NULL),(225,'2024-03-20 21:12:23.511795','Logout',NULL,4,NULL,NULL),(226,'2024-03-20 21:12:29.135078','Login',NULL,16,NULL,NULL),(227,'2024-03-21 08:28:35.059498','Login',NULL,4,NULL,NULL),(228,'2024-03-21 09:14:58.876280','Logout',NULL,4,NULL,NULL),(229,'2024-03-21 09:15:39.631335','Login',NULL,4,NULL,NULL),(230,'2024-03-21 09:20:53.591397','Login',NULL,16,NULL,NULL),(231,'2024-03-21 09:21:00.152771','Login',NULL,4,NULL,NULL),(232,'2024-03-21 09:22:07.967015','Login',NULL,4,NULL,NULL),(233,'2024-03-21 09:35:03.992081','Login',NULL,16,NULL,NULL),(234,'2024-03-21 09:41:03.560509','Login',NULL,4,NULL,NULL),(235,'2024-03-21 09:42:25.556380','Login',NULL,4,NULL,NULL),(236,'2024-03-21 10:46:10.809255','Login',NULL,4,NULL,NULL),(237,'2024-03-21 10:49:41.969452','Failed Login',NULL,NULL,NULL,NULL),(238,'2024-03-21 10:49:57.718101','Login',NULL,4,NULL,NULL),(239,'2024-03-21 10:50:45.747040','Login',NULL,4,NULL,NULL),(240,'2024-03-21 11:28:27.393958','Login',NULL,4,NULL,NULL),(241,'2024-03-21 11:28:33.465108','Login',NULL,4,NULL,NULL),(242,'2024-03-21 11:28:48.142099','Login',NULL,4,NULL,NULL),(243,'2024-03-21 13:49:03.293109','Login',NULL,4,NULL,NULL),(244,'2024-03-21 14:22:29.700839','Login',NULL,4,NULL,NULL),(245,'2024-03-21 14:25:27.665850','Login',NULL,4,NULL,NULL),(246,'2024-03-21 14:25:40.931261','Login',NULL,4,NULL,NULL),(247,'2024-03-21 14:32:39.108543','Login',NULL,4,NULL,NULL),(248,'2024-03-21 16:04:56.430097','Logout',NULL,4,NULL,NULL),(249,'2024-03-21 16:06:11.296497','Login',NULL,4,NULL,NULL),(250,'2024-03-21 16:07:25.644445','Logout',NULL,4,NULL,NULL),(251,'2024-03-21 16:21:27.246120','Login',NULL,4,NULL,NULL),(252,'2024-03-21 16:27:58.653776','Login',NULL,4,NULL,NULL),(253,'2024-03-21 16:28:05.955193','Logout',NULL,4,NULL,NULL),(254,'2024-03-21 16:28:20.019542','Login',NULL,4,NULL,NULL),(255,'2024-03-21 16:34:50.289491','Login',NULL,1,NULL,NULL),(256,'2024-03-21 16:50:56.019460','Login',NULL,4,NULL,NULL),(257,'2024-03-21 19:42:46.720540','Login',NULL,4,NULL,NULL),(258,'2024-03-21 19:57:18.897773','Login',NULL,4,NULL,NULL),(259,'2024-03-21 20:25:22.499674','Login',NULL,1,NULL,NULL),(260,'2024-03-21 20:34:24.800110','Login',NULL,4,NULL,NULL),(261,'2024-03-22 10:47:35.311864','Login',NULL,1,NULL,NULL),(262,'2024-03-22 11:03:22.084986','Login',NULL,4,NULL,NULL),(263,'2024-03-22 11:03:47.051917','Login',NULL,4,NULL,NULL),(264,'2024-03-22 11:15:13.638111','Login',NULL,4,NULL,NULL),(265,'2024-03-22 11:25:41.227407','Login',NULL,1,NULL,NULL),(266,'2024-03-24 08:32:56.103611','Login',NULL,4,NULL,NULL),(267,'2024-03-24 08:33:10.459505','Logout',NULL,4,NULL,NULL),(268,'2024-03-24 15:24:29.084298','Login',NULL,4,NULL,NULL),(269,'2024-03-24 15:37:43.813179','Login',NULL,4,NULL,NULL),(270,'2024-03-24 16:15:54.307922','Login',NULL,16,NULL,NULL),(271,'2024-03-24 16:16:01.728607','Logout',NULL,16,NULL,NULL),(272,'2024-03-24 16:16:05.514716','Login',NULL,4,NULL,NULL),(273,'2024-03-25 11:20:24.018746','Login',NULL,4,NULL,NULL),(274,'2024-03-25 11:24:28.989241','Login',NULL,4,NULL,NULL),(275,'2024-03-25 12:23:25.600897','Login',NULL,4,NULL,NULL),(276,'2024-03-25 13:57:51.274763','Login',NULL,4,NULL,NULL),(277,'2024-03-25 14:25:52.846705','Login',NULL,4,NULL,NULL),(278,'2024-03-25 14:28:10.220186','Login',NULL,4,NULL,NULL),(279,'2024-03-25 14:47:54.976467','Login',NULL,4,NULL,NULL),(280,'2024-03-25 15:27:53.659197','Login',NULL,4,NULL,NULL),(281,'2024-03-25 15:34:34.819772','Login',NULL,4,NULL,NULL),(282,'2024-03-26 14:01:36.425916','Failed Login',NULL,NULL,NULL,NULL),(283,'2024-03-26 14:01:55.887633','Login',NULL,4,NULL,NULL),(284,'2024-03-26 14:56:53.173946','Login',NULL,4,NULL,NULL),(285,'2024-03-26 15:13:43.877055','Login',NULL,1,NULL,NULL),(286,'2024-03-28 09:34:45.190785','Login',NULL,4,NULL,NULL),(287,'2024-03-28 09:35:03.275904','Logout',NULL,4,NULL,NULL),(288,'2024-03-28 09:35:18.931480','Login',NULL,4,NULL,NULL),(289,'2024-03-28 09:36:19.674266','Logout',NULL,4,NULL,NULL),(290,'2024-03-28 09:38:07.419125','Login',NULL,4,NULL,NULL),(291,'2024-03-28 09:40:15.419647','Logout',NULL,4,NULL,NULL),(292,'2024-03-28 09:40:22.888321','Login',NULL,4,NULL,NULL),(293,'2024-03-28 09:41:07.925492','Login',NULL,4,NULL,NULL),(294,'2024-03-28 09:41:23.785864','Logout',NULL,4,NULL,NULL),(295,'2024-03-28 10:36:02.091666','Login',NULL,4,NULL,NULL),(296,'2024-03-28 10:37:15.784309','Login',NULL,4,NULL,NULL),(297,'2024-03-28 10:37:32.642351','Logout',NULL,4,NULL,NULL),(298,'2024-03-28 11:08:31.755248','Login',NULL,4,NULL,NULL),(299,'2024-03-28 11:15:00.290056','Login',NULL,4,NULL,NULL),(300,'2024-03-28 11:15:21.219004','Logout',NULL,4,NULL,NULL),(301,'2024-03-28 11:15:33.400740','Login',NULL,4,NULL,NULL),(302,'2024-03-28 11:16:20.247391','Login',NULL,16,NULL,NULL),(303,'2024-03-28 11:16:35.386931','Logout',NULL,16,NULL,NULL),(304,'2024-03-28 11:19:45.566272','Login',NULL,4,NULL,NULL),(305,'2024-03-28 11:19:58.078711','Logout',NULL,4,NULL,NULL),(306,'2024-03-28 11:20:03.805827','Login',NULL,16,NULL,NULL),(307,'2024-03-28 11:21:48.318179','Logout',NULL,16,NULL,NULL),(308,'2024-03-28 11:23:57.564711','Login',NULL,4,NULL,NULL),(309,'2024-03-28 11:27:08.409630','Logout',NULL,4,NULL,NULL),(310,'2024-03-28 11:27:19.008378','Login',NULL,4,NULL,NULL),(311,'2024-03-28 11:27:40.682439','Logout',NULL,4,NULL,NULL),(312,'2024-03-28 11:27:45.888127','Login',NULL,4,NULL,NULL),(313,'2024-03-28 14:05:39.199440','Logout',NULL,4,NULL,NULL),(314,'2024-03-28 14:05:53.563733','Login',NULL,4,NULL,NULL),(315,'2024-03-28 14:07:30.230359','Login',NULL,4,NULL,NULL),(316,'2024-03-28 14:14:22.209411','Login',NULL,4,NULL,NULL),(317,'2024-03-28 14:14:47.967311','Login',NULL,4,NULL,NULL),(318,'2024-03-28 14:16:03.862734','Logout',NULL,4,NULL,NULL),(319,'2024-03-28 14:19:01.369066','Login',NULL,1,NULL,NULL),(320,'2024-03-28 14:19:14.992320','Logout',NULL,1,NULL,NULL),(321,'2024-03-28 18:16:30.180760','Login',NULL,4,NULL,NULL),(322,'2024-03-28 18:18:47.629449','Login',NULL,4,NULL,NULL),(323,'2024-03-28 23:23:09.993442','Login',NULL,4,NULL,NULL),(324,'2024-03-28 23:26:27.897808','Login',NULL,4,NULL,NULL),(325,'2024-03-28 23:27:57.826388','Login',NULL,1,NULL,NULL),(326,'2024-03-28 23:28:24.439233','Logout',NULL,1,NULL,NULL),(327,'2024-03-28 23:30:14.251830','Login',NULL,4,NULL,NULL),(328,'2024-03-28 23:30:35.698900','Login',NULL,1,NULL,NULL),(329,'2024-03-28 23:31:09.972926','Login',NULL,1,NULL,NULL),(330,'2024-03-28 23:32:16.140770','Logout',NULL,1,NULL,NULL),(331,'2024-03-28 23:32:18.582447','Login',NULL,1,NULL,NULL),(332,'2024-03-28 23:33:10.085565','Login',NULL,16,NULL,NULL),(333,'2024-03-28 23:33:32.569534','Login',NULL,1,NULL,NULL),(334,'2024-03-28 23:33:49.911012','Login',NULL,1,NULL,NULL),(335,'2024-03-28 23:35:47.707290','Logout',NULL,1,NULL,NULL),(336,'2024-03-28 23:35:51.272981','Login',NULL,1,NULL,NULL),(337,'2024-03-28 23:36:04.769953','Login',NULL,4,NULL,NULL),(338,'2024-03-28 23:36:38.683987','Logout',NULL,4,NULL,NULL),(339,'2024-03-28 23:36:43.497934','Login',NULL,4,NULL,NULL),(340,'2024-03-28 23:36:56.210164','Logout',NULL,4,NULL,NULL),(341,'2024-03-28 23:37:03.446642','Login',NULL,16,NULL,NULL),(342,'2024-03-28 23:37:10.812961','Logout',NULL,16,NULL,NULL),(343,'2024-03-28 23:37:23.420357','Login',NULL,4,NULL,NULL),(344,'2024-03-28 23:37:37.550882','Login',NULL,4,NULL,NULL),(345,'2024-03-29 00:06:09.492703','Login',NULL,4,NULL,NULL),(346,'2024-03-29 00:09:51.696564','Logout',NULL,4,NULL,NULL),(347,'2024-03-29 00:11:29.564038','Logout',NULL,4,NULL,NULL),(348,'2024-03-29 00:11:36.495246','Login',NULL,4,NULL,NULL),(349,'2024-03-29 00:11:57.077470','Logout',NULL,4,NULL,NULL),(350,'2024-03-29 10:11:39.625483','Login',NULL,4,NULL,NULL),(351,'2024-03-29 10:13:55.693437','Login',NULL,1,NULL,NULL),(352,'2024-03-29 10:54:55.775242','Login',NULL,1,NULL,NULL),(353,'2024-03-29 11:01:18.480954','Login',NULL,1,NULL,NULL),(354,'2024-03-29 11:03:19.694474','Login',NULL,4,NULL,NULL),(355,'2024-03-29 11:04:51.423808','Login',NULL,4,NULL,NULL),(356,'2024-03-29 13:48:56.722896','Login',NULL,4,NULL,NULL),(357,'2024-03-29 13:49:25.472881','Login',NULL,4,NULL,NULL),(358,'2024-03-29 14:37:30.468915','Login',NULL,4,NULL,NULL),(359,'2024-03-29 14:44:32.766515','Logout',NULL,4,NULL,NULL),(360,'2024-03-29 14:46:48.980505','Login',NULL,4,NULL,NULL),(361,'2024-03-29 15:12:47.207763','Logout',NULL,4,NULL,NULL),(362,'2024-03-29 15:12:55.063891','Login',NULL,4,NULL,NULL),(363,'2024-03-29 15:13:33.979575','Logout',NULL,4,NULL,NULL),(364,'2024-03-29 15:14:21.703476','Login',NULL,4,NULL,NULL),(365,'2024-03-29 15:14:46.404047','Logout',NULL,4,NULL,NULL),(366,'2024-03-29 15:20:11.391346','Login',NULL,4,NULL,NULL),(367,'2024-03-29 15:21:15.998468','Logout',NULL,4,NULL,NULL),(368,'2024-03-29 15:21:28.517099','Login',NULL,4,NULL,NULL),(369,'2024-03-29 15:21:57.230642','Logout',NULL,4,NULL,NULL),(370,'2024-03-29 15:23:01.562824','Login',NULL,4,NULL,NULL),(371,'2024-03-29 15:23:15.426686','Logout',NULL,4,NULL,NULL),(372,'2024-03-29 15:23:21.820233','Login',NULL,4,NULL,NULL),(373,'2024-03-29 15:23:31.050666','Logout',NULL,4,NULL,NULL),(374,'2024-03-29 19:50:42.869799','Login',NULL,1,NULL,NULL),(375,'2024-03-29 19:50:53.882218','Login',NULL,1,NULL,NULL),(376,'2024-03-29 19:51:15.224987','Login',NULL,1,NULL,NULL),(377,'2024-03-29 19:51:38.785387','Logout',NULL,1,NULL,NULL),(378,'2024-03-29 20:09:04.193062','Login',NULL,4,NULL,NULL),(379,'2024-03-29 20:09:53.646536','Login',NULL,4,NULL,NULL),(380,'2024-03-29 20:16:42.811537','Logout',NULL,4,NULL,NULL),(381,'2024-03-29 20:29:47.976894','Login',NULL,4,NULL,NULL),(382,'2024-03-29 20:30:09.106146','Login',NULL,4,NULL,NULL),(383,'2024-03-29 20:30:22.931365','Logout',NULL,4,NULL,NULL),(384,'2024-03-29 20:30:32.097668','Login',NULL,16,NULL,NULL),(385,'2024-03-29 20:30:48.653397','Login',NULL,4,NULL,NULL),(386,'2024-03-29 20:32:36.486021','Login',NULL,4,NULL,NULL),(387,'2024-03-29 20:32:48.655128','Logout',NULL,4,NULL,NULL),(388,'2024-03-29 20:32:53.448782','Login',NULL,4,NULL,NULL),(389,'2024-03-29 20:33:48.048831','Logout',NULL,4,NULL,NULL),(390,'2024-03-29 20:33:58.403873','Login',NULL,4,NULL,NULL),(391,'2024-03-29 20:34:09.146029','Logout',NULL,4,NULL,NULL),(392,'2024-03-29 20:36:55.655740','Login',NULL,4,NULL,NULL),(393,'2024-03-29 20:37:13.148720','Login',NULL,4,NULL,NULL),(394,'2024-03-29 20:37:25.492193','Logout',NULL,4,NULL,NULL),(395,'2024-03-29 20:44:18.080748','Login',NULL,1,NULL,NULL),(396,'2024-03-29 20:44:29.030462','Login',NULL,1,NULL,NULL),(397,'2024-03-29 20:44:37.578440','Logout',NULL,1,NULL,NULL),(398,'2024-03-29 20:44:52.515835','Login',NULL,1,NULL,NULL),(399,'2024-03-29 20:45:02.730428','Logout',NULL,1,NULL,NULL),(400,'2024-03-29 20:45:13.696958','Login',NULL,1,NULL,NULL),(401,'2024-03-29 20:45:56.095653','Login',NULL,4,NULL,NULL),(402,'2024-03-29 20:46:08.718274','Login',NULL,4,NULL,NULL),(403,'2024-03-29 20:46:39.332261','Login',NULL,4,NULL,NULL),(404,'2024-03-29 20:46:51.810687','Login',NULL,4,NULL,NULL),(405,'2024-03-29 20:47:13.963702','Logout',NULL,4,NULL,NULL),(406,'2024-03-29 20:47:20.704686','Login',NULL,4,NULL,NULL),(407,'2024-03-29 20:47:35.932389','Logout',NULL,4,NULL,NULL),(408,'2024-03-29 20:47:41.401179','Login',NULL,4,NULL,NULL),(409,'2024-03-29 20:48:31.798819','Logout',NULL,4,NULL,NULL),(410,'2024-03-29 20:48:38.775982','Login',NULL,4,NULL,NULL),(411,'2024-03-29 20:48:52.700802','Logout',NULL,4,NULL,NULL),(412,'2024-03-29 20:48:58.166517','Login',NULL,4,NULL,NULL),(413,'2024-03-29 20:49:17.932033','Logout',NULL,4,NULL,NULL),(414,'2024-03-29 20:49:33.616862','Login',NULL,4,NULL,NULL),(415,'2024-03-29 20:49:46.155051','Logout',NULL,4,NULL,NULL),(416,'2024-03-29 20:49:50.683372','Login',NULL,4,NULL,NULL),(417,'2024-03-29 20:50:02.329446','Login',NULL,1,NULL,NULL),(418,'2024-03-29 20:50:13.584459','Logout',NULL,1,NULL,NULL),(419,'2024-03-29 20:50:16.016505','Login',NULL,1,NULL,NULL),(420,'2024-03-29 20:50:24.618802','Logout',NULL,1,NULL,NULL),(421,'2024-03-29 20:50:33.234430','Login',NULL,1,NULL,NULL),(422,'2024-03-29 20:50:41.604156','Login',NULL,1,NULL,NULL),(423,'2024-03-29 20:50:51.052819','Login',NULL,1,NULL,NULL),(424,'2024-03-29 20:50:59.354922','Logout',NULL,1,NULL,NULL),(425,'2024-03-29 20:51:09.605274','Login',NULL,1,NULL,NULL),(426,'2024-03-29 20:51:16.771123','Login',NULL,1,NULL,NULL),(427,'2024-03-29 20:51:35.014700','Login',NULL,1,NULL,NULL),(428,'2024-03-29 20:51:45.053405','Login',NULL,1,NULL,NULL),(429,'2024-03-29 20:51:53.525111','Logout',NULL,1,NULL,NULL),(430,'2024-03-29 20:51:57.343614','Login',NULL,1,NULL,NULL),(431,'2024-03-29 20:52:06.456602','Logout',NULL,1,NULL,NULL),(432,'2024-03-29 20:52:23.325460','Login',NULL,1,NULL,NULL),(433,'2024-03-29 20:52:34.077411','Login',NULL,1,NULL,NULL),(434,'2024-03-29 20:52:41.656661','Login',NULL,1,NULL,NULL),(435,'2024-03-29 20:57:27.951775','Logout',NULL,1,NULL,NULL),(436,'2024-03-30 09:42:59.715226','Login',NULL,4,NULL,NULL),(437,'2024-03-30 09:43:57.697104','Logout',NULL,4,NULL,NULL),(438,'2024-03-30 10:28:54.488738','Login',NULL,1,NULL,NULL),(439,'2024-03-30 10:30:10.083497','Login',NULL,4,NULL,NULL),(440,'2024-03-30 10:33:09.893731','Logout',NULL,4,NULL,NULL),(441,'2024-03-30 10:33:18.697353','Login',NULL,4,NULL,NULL),(442,'2024-03-30 10:33:42.879803','Logout',NULL,4,NULL,NULL),(443,'2024-03-30 10:33:58.004925','Login',NULL,4,NULL,NULL),(444,'2024-03-30 10:35:12.974095','Logout',NULL,4,NULL,NULL),(445,'2024-03-30 10:35:31.684046','Login',NULL,4,NULL,NULL),(446,'2024-03-30 10:35:44.218058','Login',NULL,4,NULL,NULL),(447,'2024-03-30 10:36:39.542065','Login',NULL,4,NULL,NULL),(448,'2024-03-30 10:36:51.098667','Login',NULL,4,NULL,NULL),(449,'2024-03-30 10:37:02.126625','Logout',NULL,4,NULL,NULL),(450,'2024-03-30 10:39:35.859448','Login',NULL,4,NULL,NULL),(451,'2024-03-31 10:28:00.381061','Login',NULL,4,NULL,NULL),(452,'2024-03-31 11:53:56.410976','Logout',NULL,4,NULL,NULL),(453,'2024-03-31 11:54:09.109980','Login',NULL,16,NULL,NULL),(454,'2024-03-31 11:54:28.642189','Logout',NULL,16,NULL,NULL),(455,'2024-03-31 11:54:35.389125','Login',NULL,1,NULL,NULL),(456,'2024-03-31 11:54:44.612218','Logout',NULL,1,NULL,NULL),(457,'2024-03-31 11:54:48.845037','Login',NULL,4,NULL,NULL),(458,'2024-03-31 11:55:00.603127','Logout',NULL,4,NULL,NULL),(459,'2024-03-31 11:55:05.338036','Login',NULL,4,NULL,NULL),(460,'2024-03-31 13:51:19.859067','Logout',NULL,4,NULL,NULL),(461,'2024-03-31 13:51:24.983796','Failed Login',NULL,NULL,NULL,NULL),(462,'2024-03-31 13:51:34.756470','Login',NULL,4,NULL,NULL),(463,'2024-03-31 13:54:38.221752','Logout',NULL,4,NULL,NULL),(464,'2024-03-31 14:01:07.126496','Login',NULL,4,NULL,NULL),(465,'2024-03-31 16:01:18.549056','Login',NULL,16,NULL,NULL),(466,'2024-03-31 16:01:34.605971','Login',NULL,1,NULL,NULL),(467,'2024-03-31 16:01:51.840375','Logout',NULL,16,NULL,NULL),(468,'2024-03-31 16:02:19.555711','Login',NULL,1,NULL,NULL),(469,'2024-03-31 16:02:47.032631','Logout',NULL,1,NULL,NULL),(470,'2024-03-31 17:43:23.004806','Login',NULL,4,NULL,NULL),(471,'2024-03-31 19:46:34.282752','Login',NULL,48,NULL,NULL),(472,'2024-03-31 20:04:19.348927','Login',NULL,48,NULL,NULL),(473,'2024-03-31 20:30:53.604636','Login',NULL,48,NULL,NULL),(474,'2024-03-31 20:44:19.902389','Login',NULL,48,NULL,NULL),(475,'2024-03-31 20:45:03.148710','Login',NULL,48,NULL,NULL),(476,'2024-03-31 20:47:00.226724','Logout',NULL,48,NULL,NULL),(477,'2024-03-31 20:47:14.937399','Login',NULL,4,NULL,NULL),(478,'2024-03-31 20:47:31.011874','Logout',NULL,4,NULL,NULL),(479,'2024-03-31 20:48:02.713235','Login',NULL,4,NULL,NULL),(480,'2024-03-31 23:46:26.565358','Login',NULL,48,NULL,NULL),(481,'2024-03-31 23:47:22.758206','Logout',NULL,48,NULL,NULL),(482,'2024-03-31 23:58:48.288884','Login',NULL,16,NULL,NULL),(483,'2024-03-31 23:58:59.330281','Logout',NULL,16,NULL,NULL),(484,'2024-03-31 23:59:36.912132','Login',NULL,48,NULL,NULL),(485,'2024-04-01 00:00:28.241852','Login',NULL,48,NULL,NULL),(486,'2024-04-01 00:00:40.041107','Logout',NULL,48,NULL,NULL),(487,'2024-04-01 00:00:53.273475','Login',NULL,4,NULL,NULL),(488,'2024-04-01 00:01:06.688182','Logout',NULL,4,NULL,NULL),(489,'2024-04-01 14:58:39.403017','Login',NULL,4,NULL,NULL),(490,'2024-04-01 14:59:19.929368','Login',NULL,4,NULL,NULL),(491,'2024-04-01 14:59:39.974304','Login',NULL,4,NULL,NULL),(492,'2024-04-01 15:00:38.030658','Login',NULL,4,NULL,NULL),(493,'2024-04-01 15:00:58.880730','Logout',NULL,4,NULL,NULL),(494,'2024-04-01 15:01:06.653336','Login',NULL,4,NULL,NULL),(495,'2024-04-01 15:04:24.715376','Logout',NULL,4,NULL,NULL),(496,'2024-04-01 15:09:12.276548','Login',NULL,4,NULL,NULL),(497,'2024-04-01 15:09:39.124914','Logout',NULL,4,NULL,NULL),(498,'2024-04-01 15:09:44.921944','Login',NULL,16,NULL,NULL),(499,'2024-04-01 15:10:59.379742','Logout',NULL,16,NULL,NULL),(500,'2024-04-01 15:11:10.647018','Login',NULL,4,NULL,NULL),(501,'2024-04-01 15:11:34.195033','Logout',NULL,4,NULL,NULL),(502,'2024-04-01 16:23:51.035245','Login',NULL,4,NULL,NULL),(503,'2024-04-01 16:28:54.691334','Login',NULL,4,NULL,NULL),(504,'2024-04-01 16:29:04.245712','Logout',NULL,4,NULL,NULL),(505,'2024-04-01 16:29:13.407742','Login',NULL,4,NULL,NULL),(506,'2024-04-01 16:29:24.701256','Logout',NULL,4,NULL,NULL),(507,'2024-04-01 16:29:32.147721','Login',NULL,16,NULL,NULL),(508,'2024-04-01 16:34:40.090703','Logout',NULL,16,NULL,NULL),(509,'2024-04-01 16:34:45.411387','Login',NULL,4,NULL,NULL),(510,'2024-04-01 16:35:04.141124','Logout',NULL,4,NULL,NULL),(511,'2024-04-01 16:35:23.391590','Login',NULL,16,NULL,NULL),(512,'2024-04-01 16:35:34.508724','Logout',NULL,16,NULL,NULL),(513,'2024-04-01 16:35:40.222241','Login',NULL,1,NULL,NULL),(514,'2024-04-01 17:09:07.620497','Logout',NULL,1,NULL,NULL),(515,'2024-04-01 17:09:54.590851','Login',NULL,48,NULL,NULL),(516,'2024-04-01 17:43:49.373654','Login',NULL,1,NULL,NULL),(517,'2024-04-01 17:44:06.714163','Login',NULL,1,NULL,NULL),(518,'2024-04-01 17:44:18.314052','Logout',NULL,1,NULL,NULL),(519,'2024-04-01 20:29:14.964637','Login',NULL,1,NULL,NULL),(520,'2024-04-01 20:29:44.739945','Login',NULL,4,NULL,NULL),(521,'2024-04-01 20:31:23.979469','Login',NULL,4,NULL,NULL),(522,'2024-04-01 20:39:34.182345','Login',NULL,4,NULL,NULL),(523,'2024-04-01 20:43:53.236286','Login',NULL,4,NULL,NULL),(524,'2024-04-01 20:45:28.161375','Login',NULL,16,NULL,NULL),(525,'2024-04-01 20:47:39.150347','Login',NULL,48,NULL,NULL),(526,'2024-04-01 20:48:34.683559','Login',NULL,4,NULL,NULL),(527,'2024-04-01 20:48:59.058284','Login',NULL,4,NULL,NULL),(528,'2024-04-01 20:49:20.639568','Login',NULL,4,NULL,NULL),(529,'2024-04-01 20:54:14.562601','Login',NULL,4,NULL,NULL),(530,'2024-04-01 22:18:44.241078','Login',NULL,4,NULL,NULL),(531,'2024-04-02 19:24:33.696441','Login',NULL,48,NULL,NULL),(532,'2024-04-02 20:17:39.172640','Logout',NULL,48,NULL,NULL),(533,'2024-04-02 20:18:07.970843','Login',NULL,48,NULL,NULL),(534,'2024-04-02 20:30:53.979960','Login',NULL,4,NULL,NULL),(535,'2024-04-02 20:34:27.629384','Logout',NULL,4,NULL,NULL),(536,'2024-04-02 20:34:43.262791','Login',NULL,4,NULL,NULL),(537,'2024-04-02 20:34:57.762089','Login',NULL,4,NULL,NULL),(538,'2024-04-02 20:35:11.756690','Logout',NULL,4,NULL,NULL),(539,'2024-04-02 20:35:18.428783','Login',NULL,4,NULL,NULL),(540,'2024-04-02 20:36:07.140209','Login',NULL,4,NULL,NULL),(541,'2024-04-02 20:36:20.429401','Logout',NULL,4,NULL,NULL),(542,'2024-04-02 20:36:27.263236','Login',NULL,4,NULL,NULL),(543,'2024-04-02 20:38:07.693963','Logout',NULL,4,NULL,NULL),(544,'2024-04-02 20:38:15.446408','Login',NULL,4,NULL,NULL),(545,'2024-04-02 20:38:39.839786','Logout',NULL,4,NULL,NULL),(546,'2024-04-02 20:38:46.251643','Login',NULL,4,NULL,NULL),(547,'2024-04-02 20:39:47.048755','Logout',NULL,4,NULL,NULL),(548,'2024-04-02 20:39:53.291149','Login',NULL,4,NULL,NULL),(549,'2024-04-02 20:40:18.413486','Logout',NULL,4,NULL,NULL),(550,'2024-04-02 20:40:24.906914','Login',NULL,4,NULL,NULL),(551,'2024-04-02 20:40:44.479556','Logout',NULL,4,NULL,NULL),(552,'2024-04-02 20:40:53.757057','Login',NULL,4,NULL,NULL),(553,'2024-04-02 20:41:08.950103','Logout',NULL,4,NULL,NULL),(554,'2024-04-02 20:41:15.866716','Login',NULL,4,NULL,NULL),(555,'2024-04-02 20:42:14.799593','Logout',NULL,4,NULL,NULL),(556,'2024-04-02 20:42:21.025335','Login',NULL,4,NULL,NULL),(557,'2024-04-02 20:43:24.295888','Logout',NULL,4,NULL,NULL),(558,'2024-04-02 20:43:33.947189','Login',NULL,4,NULL,NULL),(559,'2024-04-02 21:01:22.167437','Logout',NULL,4,NULL,NULL),(560,'2024-04-02 21:01:30.166923','Login',NULL,4,NULL,NULL),(561,'2024-04-02 21:01:48.557808','Logout',NULL,4,NULL,NULL),(562,'2024-04-02 21:01:58.099916','Login',NULL,16,NULL,NULL),(563,'2024-04-02 21:04:18.022927','Logout',NULL,16,NULL,NULL),(564,'2024-04-03 08:15:10.447714','Login',NULL,48,NULL,NULL),(565,'2024-04-03 10:36:46.677611','Login',NULL,48,NULL,NULL),(566,'2024-04-03 10:38:28.024099','Login',NULL,4,NULL,NULL),(567,'2024-04-03 10:38:41.375217','Logout',NULL,4,NULL,NULL),(568,'2024-04-04 07:35:15.208272','Login',NULL,4,NULL,NULL),(569,'2024-04-04 07:35:57.574591','Logout',NULL,4,NULL,NULL),(570,'2024-04-04 09:15:28.404512','Login',NULL,4,NULL,NULL),(571,'2024-04-04 09:15:37.249928','Logout',NULL,4,NULL,NULL),(572,'2024-04-04 11:22:12.353273','Login',NULL,48,NULL,NULL),(573,'2024-04-04 11:26:05.555758','Login',NULL,48,NULL,NULL),(574,'2024-04-05 05:31:16.152411','Login',NULL,4,NULL,NULL),(575,'2024-04-05 10:40:22.813453','Login',NULL,4,NULL,NULL),(576,'2024-04-05 21:15:07.809826','Login',NULL,4,NULL,NULL),(577,'2024-04-05 22:08:47.071573','Logout',NULL,4,NULL,NULL),(578,'2024-04-05 22:08:55.108805','Login',NULL,4,NULL,NULL),(579,'2024-04-06 14:41:24.615420','Login',NULL,4,NULL,NULL),(580,'2024-04-06 16:13:52.808842','Login',NULL,4,NULL,NULL),(581,'2024-04-06 16:18:59.290744','Login',NULL,4,NULL,NULL),(582,'2024-04-06 16:49:07.452880','Logout',NULL,4,NULL,NULL),(583,'2024-04-06 16:49:16.244123','Login',NULL,16,NULL,NULL),(584,'2024-04-06 21:07:19.220697','Logout',NULL,16,NULL,NULL),(585,'2024-04-06 21:11:24.561609','Login',NULL,4,NULL,NULL),(586,'2024-04-06 21:11:35.048398','Login',NULL,1,NULL,NULL),(587,'2024-04-06 21:11:58.843761','Login',NULL,4,NULL,NULL),(588,'2024-04-06 21:12:19.061329','Logout',NULL,4,NULL,NULL),(589,'2024-04-06 21:12:36.144100','Login',NULL,4,NULL,NULL),(590,'2024-04-07 07:40:44.199135','Login',NULL,4,NULL,NULL),(591,'2024-04-07 07:49:02.916602','Logout',NULL,4,NULL,NULL),(592,'2024-04-07 08:12:50.292273','Login',NULL,48,NULL,NULL),(593,'2024-04-07 13:34:14.560804','Logout',NULL,48,NULL,NULL),(594,'2024-04-07 13:34:31.277804','Login',NULL,4,NULL,NULL),(595,'2024-04-07 19:42:22.975565','Logout',NULL,4,NULL,NULL),(596,'2024-04-07 20:04:18.839533','Login',NULL,58,NULL,NULL);
/*!40000 ALTER TABLE `backend_useractionlog` ENABLE KEYS */;
UNLOCK TABLES;

--
-- Table structure for table `django_admin_log`
--

DROP TABLE IF EXISTS `django_admin_log`;
/*!40101 SET @saved_cs_client     = @@character_set_client */;
/*!50503 SET character_set_client = utf8mb4 */;
CREATE TABLE `django_admin_log` (
  `id` int NOT NULL AUTO_INCREMENT,
  `action_time` datetime(6) NOT NULL,
  `object_id` longtext,
  `object_repr` varchar(200) NOT NULL,
  `action_flag` smallint unsigned NOT NULL,
  `change_message` longtext NOT NULL,
  `content_type_id` int DEFAULT NULL,
  `user_id` int NOT NULL,
  PRIMARY KEY (`id`),
  KEY `django_admin_log_content_type_id_c4bce8eb_fk_django_co` (`content_type_id`),
  KEY `django_admin_log_user_id_c564eba6_fk_backend_customuser_UserID` (`user_id`),
  CONSTRAINT `django_admin_log_content_type_id_c4bce8eb_fk_django_co` FOREIGN KEY (`content_type_id`) REFERENCES `django_content_type` (`id`),
  CONSTRAINT `django_admin_log_user_id_c564eba6_fk_backend_customuser_UserID` FOREIGN KEY (`user_id`) REFERENCES `backend_customuser` (`UserID`),
  CONSTRAINT `django_admin_log_chk_1` CHECK ((`action_flag` >= 0))
) ENGINE=InnoDB AUTO_INCREMENT=12 DEFAULT CHARSET=utf8mb4 COLLATE=utf8mb4_0900_ai_ci;
/*!40101 SET character_set_client = @saved_cs_client */;

--
-- Dumping data for table `django_admin_log`
--

LOCK TABLES `django_admin_log` WRITE;
/*!40000 ALTER TABLE `django_admin_log` DISABLE KEYS */;
INSERT INTO `django_admin_log` VALUES (1,'2024-01-08 11:07:19.904966','12','mlcrateservicesit@gmail.com',3,'',6,16),(2,'2024-01-08 11:29:44.010563','5','N/A - sylv@gmail.com',3,'',6,16),(3,'2024-01-08 11:30:21.190146','3','N/A - lionelmuhire1997@gmail.com',3,'',6,16),(4,'2024-01-09 07:03:49.802510','1','manager',1,'[{\"added\": {}}]',3,16),(5,'2024-01-09 07:13:02.791752','2','admin',1,'[{\"added\": {}}]',3,16),(6,'2024-01-09 08:11:10.531113','3','user',1,'[{\"added\": {}}]',3,16),(7,'2024-01-10 05:11:16.200210','3','user',2,'[]',3,16),(8,'2024-01-10 05:14:25.111669','1','manager',2,'[{\"changed\": {\"fields\": [\"Permissions\"]}}]',3,16),(9,'2024-03-24 15:42:13.375668','26','MOR NAE - mor@m.vom',3,'',6,4),(10,'2024-03-24 15:42:13.382486','25','Tuesday User yve - mauricem@mail.com',3,'',6,4),(11,'2024-03-24 15:43:18.207169','2','N/A - testUser9@example.com',3,'',6,4);
/*!40000 ALTER TABLE `django_admin_log` ENABLE KEYS */;
UNLOCK TABLES;

--
-- Table structure for table `django_content_type`
--

DROP TABLE IF EXISTS `django_content_type`;
/*!40101 SET @saved_cs_client     = @@character_set_client */;
/*!50503 SET character_set_client = utf8mb4 */;
CREATE TABLE `django_content_type` (
  `id` int NOT NULL AUTO_INCREMENT,
  `app_label` varchar(100) NOT NULL,
  `model` varchar(100) NOT NULL,
  PRIMARY KEY (`id`),
  UNIQUE KEY `django_content_type_app_label_model_76bd3d3b_uniq` (`app_label`,`model`)
) ENGINE=InnoDB AUTO_INCREMENT=19 DEFAULT CHARSET=utf8mb4 COLLATE=utf8mb4_0900_ai_ci;
/*!40101 SET character_set_client = @saved_cs_client */;

--
-- Dumping data for table `django_content_type`
--

LOCK TABLES `django_content_type` WRITE;
/*!40000 ALTER TABLE `django_content_type` DISABLE KEYS */;
INSERT INTO `django_content_type` VALUES (1,'admin','logentry'),(3,'auth','group'),(2,'auth','permission'),(10,'authtoken','token'),(11,'authtoken','tokenproxy'),(15,'backend','alert'),(8,'backend','client'),(6,'backend','customuser'),(14,'backend','event'),(16,'backend','options'),(12,'backend','passwordresettoken'),(7,'backend','registrationrequest'),(17,'backend','reservation'),(9,'backend','service'),(18,'backend','transaction'),(13,'backend','useractionlog'),(4,'contenttypes','contenttype'),(5,'sessions','session');
/*!40000 ALTER TABLE `django_content_type` ENABLE KEYS */;
UNLOCK TABLES;

--
-- Table structure for table `django_migrations`
--

DROP TABLE IF EXISTS `django_migrations`;
/*!40101 SET @saved_cs_client     = @@character_set_client */;
/*!50503 SET character_set_client = utf8mb4 */;
CREATE TABLE `django_migrations` (
  `id` bigint NOT NULL AUTO_INCREMENT,
  `app` varchar(255) NOT NULL,
  `name` varchar(255) NOT NULL,
  `applied` datetime(6) NOT NULL,
  PRIMARY KEY (`id`)
) ENGINE=InnoDB AUTO_INCREMENT=131 DEFAULT CHARSET=utf8mb4 COLLATE=utf8mb4_0900_ai_ci;
/*!40101 SET character_set_client = @saved_cs_client */;

--
-- Dumping data for table `django_migrations`
--

LOCK TABLES `django_migrations` WRITE;
/*!40000 ALTER TABLE `django_migrations` DISABLE KEYS */;
INSERT INTO `django_migrations` VALUES (1,'contenttypes','0001_initial','2023-12-01 06:51:55.895896'),(2,'contenttypes','0002_remove_content_type_name','2023-12-01 06:51:55.966376'),(3,'auth','0001_initial','2023-12-01 06:51:56.276162'),(4,'auth','0002_alter_permission_name_max_length','2023-12-01 06:51:56.337734'),(5,'auth','0003_alter_user_email_max_length','2023-12-01 06:51:56.346057'),(6,'auth','0004_alter_user_username_opts','2023-12-01 06:51:56.351970'),(7,'auth','0005_alter_user_last_login_null','2023-12-01 06:51:56.357542'),(8,'auth','0006_require_contenttypes_0002','2023-12-01 06:51:56.361766'),(9,'auth','0007_alter_validators_add_error_messages','2023-12-01 06:51:56.367852'),(10,'auth','0008_alter_user_username_max_length','2023-12-01 06:51:56.376650'),(11,'auth','0009_alter_user_last_name_max_length','2023-12-01 06:51:56.382345'),(12,'auth','0010_alter_group_name_max_length','2023-12-01 06:51:56.398457'),(13,'auth','0011_update_proxy_permissions','2023-12-01 06:51:56.406657'),(14,'auth','0012_alter_user_first_name_max_length','2023-12-01 06:51:56.413700'),(15,'backend','0001_initial','2023-12-01 06:51:56.797631'),(16,'admin','0001_initial','2023-12-01 06:51:56.966390'),(17,'admin','0002_logentry_remove_auto_add','2023-12-01 06:51:56.974960'),(18,'admin','0003_logentry_add_action_flag_choices','2023-12-01 06:51:56.981711'),(19,'authtoken','0001_initial','2023-12-01 06:51:57.079889'),(20,'authtoken','0002_auto_20160226_1747','2023-12-01 06:51:57.096124'),(21,'authtoken','0003_tokenproxy','2023-12-01 06:51:57.101725'),(22,'backend','0002_rename_email_customuser_email_and_more','2023-12-01 06:51:57.156515'),(23,'sessions','0001_initial','2023-12-01 06:51:57.205505'),(24,'backend','0003_client','2023-12-01 10:58:01.842952'),(25,'backend','0004_alter_client_client_email_and_more','2023-12-01 22:00:10.533291'),(26,'backend','0005_action','2023-12-02 18:55:11.936833'),(27,'backend','0006_action_is_active','2023-12-02 22:20:35.132889'),(28,'backend','0007_action_total_elapsed_time','2023-12-03 07:00:14.559208'),(29,'backend','0008_registrationrequest','2023-12-06 09:20:03.804147'),(30,'backend','0009_remove_registrationrequest_user_and_more','2023-12-06 11:18:13.704960'),(31,'backend','0010_admission','2023-12-06 12:15:57.556095'),(32,'backend','0002_remove_registrationrequest_admitted_email','2023-12-06 16:37:48.975786'),(33,'backend','0003_registrationrequest_admitted_email','2023-12-06 16:37:49.019691'),(34,'backend','0004_remove_registrationrequest_admitted_full_name','2023-12-06 16:45:49.691143'),(35,'backend','0005_remove_registrationrequest_admitted_full_name','2023-12-06 16:46:23.219260'),(36,'backend','0006_registrationrequest_admitted_full_name','2023-12-06 16:46:23.248170'),(37,'backend','0007_alter_admission_registration_request','2023-12-07 08:16:43.202708'),(38,'backend','0008_alter_registrationrequest_id','2023-12-07 09:12:21.439163'),(39,'backend','0009_alter_registrationrequest_id','2023-12-07 09:12:21.451652'),(40,'backend','0010_alter_admission_registration_request','2023-12-07 10:12:35.492864'),(41,'backend','0011_auto_20231207_0935','2023-12-07 10:12:35.503791'),(42,'backend','0012_remove_admission_registration_request','2023-12-07 10:12:35.514727'),(43,'backend','0013_remove_admission_registration_request','2023-12-07 10:42:41.018652'),(44,'backend','0002_passwordresettoken','2023-12-08 20:55:01.460679'),(45,'backend','0002_useractionlog','2023-12-11 10:11:33.812030'),(46,'backend','0003_customuser_registered_by','2023-12-11 11:07:09.023365'),(47,'backend','0004_remove_customuser_registered_by_and_more','2023-12-11 12:48:22.301197'),(48,'backend','0005_customuser_registered_by_fullname_and_more','2023-12-11 12:49:18.381804'),(49,'backend','0006_useractionlog_granted_by','2023-12-11 13:55:44.994853'),(50,'backend','0007_useractionlog_granted_by_fullname','2023-12-11 14:02:24.540982'),(51,'backend','0008_rename_location_customuser_address_and_more','2023-12-19 13:37:32.913037'),(52,'backend','0009_customuser_accesslevel','2023-12-20 19:18:40.728323'),(53,'backend','0010_remove_customuser_username','2023-12-20 19:36:23.220389'),(54,'backend','0011_alter_customuser_address_alter_customuser_lastname_and_more','2023-12-21 05:11:30.501457'),(55,'backend','0012_customuser_contact','2023-12-21 05:18:41.311137'),(56,'backend','0013_alter_customuser_lastname_alter_customuser_contact','2023-12-21 05:20:25.567441'),(57,'backend','0014_customuser_birthdate','2023-12-21 05:30:36.564902'),(58,'backend','0015_rename_full_name_client_firstname_and_more','2023-12-21 10:28:51.488684'),(59,'backend','0016_rename_is_active_customuser_isactive_and_more','2023-12-21 10:32:28.872602'),(60,'backend','0017_client_activatoremail_client_activatorfirstname_and_more','2023-12-21 10:49:10.003211'),(61,'backend','0018_alter_client_registraremail','2023-12-21 10:56:04.400103'),(62,'backend','0019_rename_registerarfirstname_client_registrarfirstname_and_more','2023-12-21 13:13:38.606970'),(63,'backend','0020_client_deactivatoremail_client_deactivatorfirstname_and_more','2023-12-21 15:27:09.968382'),(64,'backend','0021_alter_client_activatoremail_and_more','2023-12-21 16:19:38.124753'),(65,'backend','0022_rename_firstname_client_firstname_and_more','2023-12-22 21:29:55.288314'),(66,'backend','0023_rename_clientcontactphone_client_clientcontact_and_more','2023-12-22 21:45:49.793040'),(67,'backend','0024_rename_action_service','2023-12-23 10:40:43.904930'),(68,'backend','0025_rename_client_service_client_id_service_client_email_and_more','2023-12-23 11:00:44.759550'),(69,'backend','0026_rename_client_first_name_service_client_name_and_more','2023-12-23 12:09:32.295823'),(70,'backend','0002_service_client_other_email','2023-12-23 15:38:30.823676'),(71,'backend','0003_remove_service_client_other_email','2023-12-23 15:38:51.668059'),(72,'backend','0004_rename_user_service_user_id','2023-12-23 15:43:52.937070'),(73,'backend','0005_rename_user_id_service_user','2023-12-23 15:47:56.796851'),(74,'backend','0006_alter_service_user','2023-12-23 15:51:56.157991'),(75,'backend','0007_remove_service_client_id','2023-12-23 15:53:26.138383'),(76,'backend','0008_service_client_id','2023-12-23 15:56:18.665991'),(77,'backend','0009_remove_service_client_id','2023-12-23 16:48:23.746020'),(78,'backend','0010_service_client_id','2023-12-23 16:49:19.635614'),(79,'backend','0011_remove_service_client_id','2023-12-23 17:09:26.646699'),(80,'backend','0012_service_serviced_client_id','2023-12-23 17:10:07.801962'),(81,'backend','0013_event','2023-12-25 12:47:06.618821'),(82,'backend','0014_alter_service_objective','2023-12-25 13:09:56.322582'),(83,'backend','0015_client_activationdate_client_deactivationdate_and_more','2023-12-27 09:55:04.437379'),(84,'backend','0016_rename_end_time_event_end_and_more','2023-12-27 22:41:33.311562'),(85,'backend','0017_rename_clientrole_incompany_client_contactpersonname_and_more','2023-12-31 22:48:38.575232'),(86,'backend','0018_rename_dateofbirth_client_birthdate_and_more','2023-12-31 22:53:02.645381'),(87,'backend','0019_alert','2024-01-03 07:34:20.240637'),(88,'backend','0020_alter_alert_user','2024-01-03 07:36:06.061055'),(89,'backend','0021_alert_is_active','2024-01-06 06:08:50.386129'),(90,'backend','0022_alert_action_taken_description','2024-01-06 08:59:51.971323'),(91,'backend','0023_alert_is_processed','2024-01-06 12:15:32.444829'),(92,'backend','0024_remove_alert_is_processed','2024-01-06 17:13:54.344334'),(93,'backend','0025_alter_alert_set_date','2024-01-06 23:06:53.129404'),(94,'backend','0026_customuser_is_staff','2024-01-07 20:43:26.705776'),(95,'backend','0027_alter_customuser_firstname','2024-01-07 22:24:58.409625'),(96,'backend','0028_customuser_username','2024-01-08 07:14:12.921108'),(97,'backend','0029_alter_useractionlog_user','2024-01-08 11:21:32.467316'),(98,'backend','0030_remove_customuser_isstaff','2024-01-08 13:22:58.756324'),(99,'backend','0031_options_reservation','2024-01-13 07:09:39.523321'),(100,'backend','0032_alter_options_status_alter_reservation_timestamp','2024-01-15 18:18:53.828493'),(101,'backend','0033_customuser_contract_file_customuser_cv_file_and_more','2024-01-27 11:17:16.346704'),(102,'backend','0034_rename_contract_file_customuser_contract_link_and_more','2024-01-30 06:59:33.976076'),(103,'backend','0035_client_bankstatement_link_and_more','2024-02-04 13:08:47.673695'),(104,'backend','0002_alter_client_countryofoperation','2024-02-05 07:53:33.410833'),(105,'backend','0002_rename_start_time_reservation_starttime','2024-02-15 21:12:46.316388'),(106,'backend','0002_remove_reservation_endtime','2024-02-15 21:22:46.660048'),(107,'backend','0003_reservation_endtime','2024-02-15 21:22:46.721801'),(108,'backend','0004_remove_reservation_endtime','2024-02-15 21:22:46.781596'),(109,'backend','0005_reservation_endtime','2024-02-15 21:23:10.230754'),(110,'backend','0006_alter_reservation_endtime_and_more','2024-03-03 07:27:31.620642'),(111,'backend','0007_alter_customuser_contact_and_more','2024-03-05 09:29:53.298746'),(112,'backend','0008_rename_registrarfirstname_customuser_registrarname','2024-03-05 09:30:40.992739'),(113,'backend','0009_alter_customuser_registrarname','2024-03-05 09:33:24.930458'),(114,'backend','0010_alter_customuser_registrarid','2024-03-05 09:35:05.864143'),(115,'backend','0011_alter_customuser_registrarid','2024-03-05 09:40:17.070279'),(116,'backend','0012_alter_customuser_accesslevel','2024-03-05 09:58:16.760207'),(117,'backend','0013_alter_customuser_isactive','2024-03-05 10:53:25.272606'),(118,'backend','0014_alter_customuser_nationalid_and_more','2024-03-05 16:16:31.327600'),(119,'backend','0015_alter_client_registraremail','2024-03-05 19:49:44.108439'),(120,'backend','0016_alter_client_registraremail_alter_client_registrarid','2024-03-05 19:50:41.038364'),(121,'backend','0017_alter_client_registrarid_and_more','2024-03-05 20:57:23.413472'),(122,'backend','0018_alter_customuser_registrarid','2024-03-05 20:57:59.622438'),(123,'backend','0019_alter_customuser_isactive','2024-03-06 20:40:13.346349'),(124,'backend','0020_customuser_national_id_link','2024-03-25 11:20:17.476306'),(125,'backend','0021_transaction','2024-03-25 17:04:47.519246'),(126,'backend','0022_client_national_id_link_client_passport_link_and_more','2024-03-27 10:46:32.024078'),(127,'backend','0023_customuser_taxresidency','2024-04-07 12:27:18.083131'),(128,'backend','0024_customuser_citizenship_customuser_passportidnumber_and_more','2024-04-07 13:15:45.796577'),(129,'backend','0025_customuser_preferredlanguage','2024-04-07 13:21:13.211351'),(130,'backend','0026_alter_client_passportidnumber','2024-04-07 13:30:01.226398');
/*!40000 ALTER TABLE `django_migrations` ENABLE KEYS */;
UNLOCK TABLES;

--
-- Table structure for table `django_session`
--

DROP TABLE IF EXISTS `django_session`;
/*!40101 SET @saved_cs_client     = @@character_set_client */;
/*!50503 SET character_set_client = utf8mb4 */;
CREATE TABLE `django_session` (
  `session_key` varchar(40) NOT NULL,
  `session_data` longtext NOT NULL,
  `expire_date` datetime(6) NOT NULL,
  PRIMARY KEY (`session_key`),
  KEY `django_session_expire_date_a5c62663` (`expire_date`)
) ENGINE=InnoDB DEFAULT CHARSET=utf8mb4 COLLATE=utf8mb4_0900_ai_ci;
/*!40101 SET character_set_client = @saved_cs_client */;

--
-- Dumping data for table `django_session`
--

LOCK TABLES `django_session` WRITE;
/*!40000 ALTER TABLE `django_session` DISABLE KEYS */;
INSERT INTO `django_session` VALUES ('04v14yyfea4mgrriw69lr2c0vdsor0ky','.eJxVizsOwjAQRO_iGkXxP0tJzkBtrde7MkKAhOMKcXeC5AKqGc2891IJ-1ZTb_xMl6KOyqnD75aRrnz_HqNNI9u09rY9buedOg3oz6zY6q75YmTJyARitSngdI4M0TtLWCCambxZJNgZGQMzIIgPVoIn0ZKF1fsDUhg2Ww:1rqvkB:ag9yXFTsVrAl2jplm4GejkRk4AHSrew4uqR3ao6BWqo','2024-04-14 14:01:07.173326'),('09076izr6tihomgi3eixmhp5abxhf6vq','.eJxVi0EOwiAURO_y16bhFyrg0p7BNRkKPxijJlJWxrvbJix0NZOZ994U0NYSWs2vcE10IqbD7xax3PJjP3obetZhbnV93i8bde7Qn1lQy6ZNfJxGrVP2ehFEWCTjIMjaJQOjNDDuU1TeQhJsjoADOxbFVjx9vl5SNoo:1rGDBs:-f55RuCMSldSP10xXbsI_Ptmp9_9q3R_jmMjJfZS0Zg','2024-01-04 07:09:56.603452'),('09lu9n8al87vu4xn5aqgeb3l9y7bdt43','.eJxVizsOwjAQRO_iGkVeJ_5RkjNQW7vrjYwQIOG4QtwdI7mAakbz3rxUwraX1Ko80yWrowKnDr8jIV_l_iWjTSPrtLa6P27nbp2G9PcsWEu_oUSTLQhwJNwIEfwcggsaspdI1vPMCwaGvGkjkokNgV10p0joUL0_hy027w:1rQlzc:IIWotAKOl5r3PS7GC2mbZ2aSS82WeHyUq_GytyEzUss','2024-02-02 12:20:56.228642'),('0efnu9ct1nkwkz9gxsfuxd4ujiifgocf','.eJxVi0EOwiAURO_y16bhFyrg0p7BNRkKPxijJlJWxrvbJix0NZOZ994U0NYSWs2vcE10IqbD7xax3PJjP3obetZhbnV93i8bde7Qn1lQy6ZNfJxGrVP2ehFEWCTjIMjaJQOjNDDuU1TeQhJsjoADOxbFVjx9vl5SNoo:1rFv3d:3RQm24x-C8A6yVXmh1igaBHTm3RsZPzgbk_TeYZy21E','2024-01-03 11:48:13.242205'),('0jbfi2kgpzy6l73ft5po1uxkp2qy2xr5','.eJxVi0EOwiAURO_y16bhFyrg0p7BNRkKPxijJlJWxrvbJix0NZOZ994U0NYSWs2vcE10IqbD7xax3PJjP3obetZhbnV93i8bde7Qn1lQy6ZNfJxGrVP2ehFEWCTjIMjaJQOjNDDuU1TeQhJsjoADOxbFVjx9vl5SNoo:1rDgsZ:GnmkoYMAfbLZZWJ6sHELd3R3T2lhlISgfDwl6M49cbU','2023-12-28 08:15:35.116477'),('0mhykwbi9833ycknfvyevsxaslmsg90w','.eJxVizsOwjAQRO_iGkXxP0tJzkBtrde7MkKAhOMKcXeC5AKqGc2891IJ-1ZTb_xMl6KOyqnD75aRrnz_HqNNI9u09rY9buedOg3oz6zY6q75YmTJyARitSngdI4M0TtLWCCambxZJNgZGQMzIIgPVoIn0ZKF1fsDUhg2Ww:1rcnHO:O3-Z_30QNKsWQ_EcaZrXBWzFYYzqT1Sga8qxNdyT0xU','2024-03-06 14:08:58.996792'),('0w0xb9scijlkyj76rp1ohipitfinurgf','.eJxVizsOwjAQRO_iGkVe_FtTwhmorfXGKyMESDiuEHdPIrmAakYz731Uor7U1Ft5p9usTgrU4XfLxPfy3I_RppFtuvS2vB7XjToP6M-s1OqmWRGHpgB5IECPGKNgcCYIayuZjQ5FwPgQvGQXydF8RGGrDcci6NV3BS4RNUs:1rqxdT:bW2Q7hgV0hiHnSZ4Es4deLcGYfhvrsVUkN1YvZGPJ0Q','2024-04-14 16:02:19.587013'),('0w941fbynbhexbicsx86btwo2mmhp1kj','.eJxVi8EOwiAQRP-Fs2kWui3g0X6DZwK7bDBGTaScTP-9NeGgp5nMvPdRIba1hFbzO9xYnZVWp98tRbrn5_fobehZh6XV9fW4HtSlQ39mibUcmkENZoQk0XnKRMAyWpzZTZ4EgRGBHM7CGqwVk5H9pNmK1xhtIqO2HTUCNVE:1rN5uQ:C0rN9d7sSz9bBT6doHG7gxh7hHulDKPWFuaqxjuztYs','2024-01-23 06:48:22.160111'),('0y908r5a0vuxwvcuuljcm4plum0btew5','.eJxVi7EOAiEQRP-F2lxY2IPF0vsGa7LsQTBGTeSojP_umVBoNZOZ914qct9q7C0_42VVRwVOHX7HxHLN9-8z2jSyTUtv2-N23qnTgP7Myq3umnV2Zu0NYSYTRDIYYY1sCgRw4mZPxRNoEijJ4eotopFSgmWrmZJ6fwA9YTT0:1rn3Eb:K3AD0OMV63gaQ4NMZZ0ETP-45LAAsuoghsjlBhAuuc4','2024-04-03 21:12:29.225998'),('13w7hiatlwxct2294a2bmy980t253rrj','.eJxVizsOwjAQRO_iGkVe_FtTwhmorfXGKyMESDiuEHdPIrmAakYz731Uor7U1Ft5p9usTgrU4XfLxPfy3I_RppFtuvS2vB7XjToP6M-s1OqmWRGHpgB5IECPGKNgcCYIayuZjQ5FwPgQvGQXydF8RGGrDcci6NV3BS4RNUs:1rqxck:mZB8WoPd8iib4Se5QAxDPwB7bLfL-XOXB2JNL7uVVHI','2024-04-14 16:01:34.670803'),('1966bgzrmdslddbhtlbg2bamvmqvpnum','.eJxVizsOwjAQRO_iGkXxP0tJzkBtrde7MkKAhOMKcXeC5AKqGc2891IJ-1ZTb_xMl6KOyqnD75aRrnz_HqNNI9u09rY9buedOg3oz6zY6q75YmTJyARitSngdI4M0TtLWCCambxZJNgZGQMzIIgPVoIn0ZKF1fsDUhg2Ww:1rdP3J:CD94b-QZDENA5Xy42FlLOIt-YIYDzwyUmwJ8YxSQiM8','2024-03-08 06:28:57.414321'),('1by37amegsfp4um0agdr9f4emul867xm','.eJxVi0EOwiAURO_y16bhFyrg0p7BNRkKPxijJlJWxrvbJix0NZOZ994U0NYSWs2vcE10IqbD7xax3PJjP3obetZhbnV93i8bde7Qn1lQy6ZNfJxGrVP2ehFEWCTjIMjaJQOjNDDuU1TeQhJsjoADOxbFVjx9vl5SNoo:1rFjib:BCxKUBDfZLpOa0_WlOg5U2V4WUZfyrIFw6UFOBELjo4','2024-01-02 23:41:45.204792'),('1c1eai7skut1qzroxsqlby0gwsarixav','.eJxVizsOwjAQRO_iGkXxP0tJzkBtrde7MkKAhOMKcXeC5AKqGc2891IJ-1ZTb_xMl6KOyqnD75aRrnz_HqNNI9u09rY9buedOg3oz6zY6q75YmTJyARitSngdI4M0TtLWCCambxZJNgZGQMzIIgPVoIn0ZKF1fsDUhg2Ww:1rpzCI:xE2hDYDocAls1DCnpg4p2QguDi6U7-bxIQomYOqsfDQ','2024-04-11 23:30:14.296966'),('1fanthhjwe5egeigv9z2pe6qccirxjzi','.eJxVjMEOwiAQRP-Fs2kaWNjFo35Dz2SBJRijJlJOxn9vm3DQ00xm3sxHBe5rDb3JO9yyOitQp98scrrL8yiGm4a26drb-nosO3UZ0N-ycqvHn0MUQq0dJxddziYWSWILYATEPAMw0Wyjz9oXYkZvjLFASOisEfXdADzsNPA:1rNZLv:AHbVX0pCZaqLlenlzE6gj2i3u9KgFaNUcpj5DauvoEo','2024-01-24 14:14:43.132070'),('1feuuyk3hfzwc057n27i105s32b0h0q8','.eJxVizsOwjAQRO_iGkXxP0tJzkBtrde7MkKAhOMKcXeC5AKqGc2891IJ-1ZTb_xMl6KOyqnD75aRrnz_HqNNI9u09rY9buedOg3oz6zY6q75YmTJyARitSngdI4M0TtLWCCambxZJNgZGQMzIIgPVoIn0ZKF1fsDUhg2Ww:1rhpwU:Tbd7I8O12aEsO0qI7nPemKBeCEmguMlNJqj6cCQ2_tQ','2024-03-20 12:00:14.228397'),('1gt4bzyet5h66w0karbi5s8ik6vrmlmo','.eJxVizsOwjAQRO_iGkXxP0tJzkBtrde7MkKAhOMKcXeC5AKqGc2891IJ-1ZTb_xMl6KOyqnD75aRrnz_HqNNI9u09rY9buedOg3oz6zY6q75YmTJyARitSngdI4M0TtLWCCambxZJNgZGQMzIIgPVoIn0ZKF1fsDUhg2Ww:1rfGrC:AuIKvuPssHTaZrJEGfYkkgQ3rOGN8Kqpikio80Lv7xI','2024-03-13 10:08:10.758027'),('1mpavklwjymkpbgm00e3w8lvsr7unlbf','.eJxVi0EOwiAURO_y16bhFyrg0p7BNRkKPxijJlJWxrvbJix0NZOZ994U0NYSWs2vcE10IqbD7xax3PJjP3obetZhbnV93i8bde7Qn1lQy6ZNfJxGrVP2ehFEWCTjIMjaJQOjNDDuU1TeQhJsjoADOxbFVjx9vl5SNoo:1rFuqz:w0Y_0XdWNdEuM8OWrO7_Yy3B-9HxPrlDI4HpntHMufM','2024-01-03 11:35:09.622690'),('1n5augjwlc4plg89066k1tfsurotrje2','.eJxVi0EOwiAURO_y16bhFyrg0p7BNRkKPxijJlJWxrvbJix0NZOZ994U0NYSWs2vcE10IqbD7xax3PJjP3obetZhbnV93i8bde7Qn1lQy6ZNfJxGrVP2ehFEWCTjIMjaJQOjNDDuU1TeQhJsjoADOxbFVjx9vl5SNoo:1rGna8:AZKU1HxHEABTYMdyD2SAJLX5iiWBvrbTuMOiOx2q3w0','2024-01-05 22:01:24.315605'),('1oa09ch4vjpzwj0jaxpdfwe3uyvsk8hg','.eJxVizsOwjAQRO_iGkXxP0tJzkBtrde7MkKAhOMKcXeC5AKqGc2891IJ-1ZTb_xMl6KOyqnD75aRrnz_HqNNI9u09rY9buedOg3oz6zY6q75YmTJyARitSngdI4M0TtLWCCambxZJNgZGQMzIIgPVoIn0ZKF1fsDUhg2Ww:1roiNM:e98NUnTv35UYgfLTPRlqu3G-fsVhChaQadSQrsIjbkg','2024-04-08 11:20:24.088765'),('1pc5eqeeo054f34qbqfhpq2fx10ke75u','.eJxVizsOwjAQRO_iGkXxP0tJzkBtrde7MkKAhOMKcXeC5AKqGc2891IJ-1ZTb_xMl6KOyqnD75aRrnz_HqNNI9u09rY9buedOg3oz6zY6q75YmTJyARitSngdI4M0TtLWCCambxZJNgZGQMzIIgPVoIn0ZKF1fsDUhg2Ww:1rjaua:9suod5vlxozGa39WO-MUCM3ZoX-ObexWW859RkgIWsk','2024-03-25 08:21:32.810549'),('1pxk5pbd2zwyctfgjy558zr12fmq5dn5','.eJxVi7EOAiEQRP-F2lzg2FvA0vsGa8KySzBGTeSojP_umVBoNZOZ914qpr7V2Js844XVUYE6_G6U8lXu32O0aWSb1t62x-28U6cB_Zk1tbprgRw5yQV5YchZmCwKWiDwYZ6XwMGTAzaMhdFY0oWMBky6oATOXr0_YcA2KA:1rHWKM:XtLY8MQalpbka9lOto5yFgWLHrrb7pdDU46DOCBRvcg','2024-01-07 21:48:06.668402'),('1qt2dg4zy2zxdh1xqk84v3b7nn9vb8ui','.eJxVi7EOAiEQRP-F2ly4O2AXS-8brAm7C8EYNZGjMv67mFBoNZOZ914qxLaX0Gp6houoozKoDr8jRb6m-_cZbRpZp63V_XE7d-o0oD-zxFq6hkToQAMgsrBZMxEI2KxxFU8YvZ55MX2QxSNk8pa9cSjG5jm5ROr9AWO6Nb4:1rsLEL:a1O8ZvRqWXpEybMxuQXIGMSGtQwXiFa3bIdSv2Z3sY0','2024-04-18 11:26:05.589019'),('1tbrj4kg3ht6i8pldbr594xbjvw8dgdv','.eJxVizsOwjAQRO_iGkXxP0tJzkBtrde7MkKAhOMKcXeC5AKqGc2891IJ-1ZTb_xMl6KOyqnD75aRrnz_HqNNI9u09rY9buedOg3oz6zY6q75YmTJyARitSngdI4M0TtLWCCambxZJNgZGQMzIIgPVoIn0ZKF1fsDUhg2Ww:1rkIpm:YwejLPL_XaytKARNv8S71x2dq2MBDQ1KYBbhcTMWIPQ','2024-03-27 07:15:30.489611'),('23idlg83fjnj8tchf0fzos77830za0t5','.eJxVi7EOAiEQRP-F2lzg2FvA0vsGa8KySzBGTeSojP_umVBoNZOZ914qpr7V2Js844XVUYE6_G6U8lXu32O0aWSb1t62x-28U6cB_Zk1tbprgRw5yQV5YchZmCwKWiDwYZ6XwMGTAzaMhdFY0oWMBky6oATOXr0_YcA2KA:1rI5Io:WofXtq5EJllTIaEwTL-nO7_eDBFtHbRc-naqQOFHn6s','2024-01-09 11:08:50.769808'),('24pkn72o6fr3d5uttwl46i7u9ykqsryj','.eJxVi7EOAiEQRP-F2lzg2FvA0vsGa8KySzBGTeSojP_umVBoNZOZ914qpr7V2Js844XVUYE6_G6U8lXu32O0aWSb1t62x-28U6cB_Zk1tbprgRw5yQV5YchZmCwKWiDwYZ6XwMGTAzaMhdFY0oWMBky6oATOXr0_YcA2KA:1rIW6t:rUidrRA7PQX4SkuOGVcurNI8kXAZj38-5v1VqpR-c64','2024-01-10 15:46:19.720437'),('25kynq6c5m1ihhxuhlsx248ohfnf8e0n','.eJxVizsOwjAQRO_iGkXxP0tJzkBtrde7MkKAhOMKcXeC5AKqGc2891IJ-1ZTb_xMl6KOyqnD75aRrnz_HqNNI9u09rY9buedOg3oz6zY6q75YmTJyARitSngdI4M0TtLWCCambxZJNgZGQMzIIgPVoIn0ZKF1fsDUhg2Ww:1rqJ6q:WlrhFBHnVkT5Tk4sAhGG4Kvq4mdjW9VpTE0cdW0Ae-4','2024-04-12 20:45:56.132044'),('25rgyuzacu7r0w3rqi531bqz2d197iqw','.eJxVi7EOAiEQRP-F2lxY2IPF0vsGa7LsQTBGTeSojP_umVBoNZOZ914qct9q7C0_42VVRwVOHX7HxHLN9-8z2jSyTUtv2-N23qnTgP7Myq3umnV2Zu0NYSYTRDIYYY1sCgRw4mZPxRNoEijJ4eotopFSgmWrmZJ6fwA9YTT0:1rqIrw:CcisVSMt1IL465B4KZgst6HyhWvP7c3P8P_URnP1L2Q','2024-04-12 20:30:32.149001'),('28737la5gxaj3iq3bcn1w76ljd67b4pv','.eJxVi0EOwiAURO_y16bhFyrg0p7BNRkKPxijJlJWxrvbJix0NZOZ994U0NYSWs2vcE10IqbD7xax3PJjP3obetZhbnV93i8bde7Qn1lQy6ZNfJxGrVP2ehFEWCTjIMjaJQOjNDDuU1TeQhJsjoADOxbFVjx9vl5SNoo:1rFxAh:qRDxj8yU9_DkSepfXVl4cYAYRc5PBY30kEF-jWygYKo','2024-01-03 14:03:39.425963'),('28whj8csfi3fd7ow7xqdqwl3u333d48o','.eJxVizsOwjAQRO_iGkXxP0tJzkBtrde7MkKAhOMKcXeC5AKqGc2891IJ-1ZTb_xMl6KOyqnD75aRrnz_HqNNI9u09rY9buedOg3oz6zY6q75YmTJyARitSngdI4M0TtLWCCambxZJNgZGQMzIIgPVoIn0ZKF1fsDUhg2Ww:1rcieQ:vx9kPrkEC43KkvuWCXa2u1JMbQrn06rdlYKFPrc5AS8','2024-03-06 09:12:26.141616'),('2bsnpw1qqt26s6l8r9xnwp03rp89m1fg','.eJxVi7EOAiEQRP-F2lzg2FvA0vsGa8KySzBGTeSojP_umVBoNZOZ914qpr7V2Js844XVUYE6_G6U8lXu32O0aWSb1t62x-28U6cB_Zk1tbprgRw5yQV5YchZmCwKWiDwYZ6XwMGTAzaMhdFY0oWMBky6oATOXr0_YcA2KA:1rKPe1:9NiLKISvTXHV546ViL146qOS-POzlU3TGmUweRTal3Q','2024-01-15 23:16:21.730958'),('2d00c5xo7nb16gwcyi1khw5wvjhbf30i','.eJxVi0EOwiAURO_y16bhFyrg0p7BNRkKPxijJlJWxrvbJix0NZOZ994U0NYSWs2vcE10IqbD7xax3PJjP3obetZhbnV93i8bde7Qn1lQy6ZNfJxGrVP2ehFEWCTjIMjaJQOjNDDuU1TeQhJsjoADOxbFVjx9vl5SNoo:1rG2XW:qlM1bNOJ5yeAMNuXmh7xeGXdUaTwx341dM5nWyUR_5k','2024-01-03 19:47:34.261279'),('2dcahr5picpmaxfuqe8bew57xaey72z5','.eJxVizsOwjAQRO_iGkXxP0tJzkBtrde7MkKAhOMKcXeC5AKqGc2891IJ-1ZTb_xMl6KOyqnD75aRrnz_HqNNI9u09rY9buedOg3oz6zY6q75YmTJyARitSngdI4M0TtLWCCambxZJNgZGQMzIIgPVoIn0ZKF1fsDUhg2Ww:1rnGb3:qA1uFERQic8d8YD0nl_iJrj--_iM8Jfcdl6c6CSN2qM','2024-04-04 11:28:33.516408'),('2ggmhhh5luz2k31enyeqs1nkh88aupe8','.eJxVi0EOwiAURO_y16bhFyrg0p7BNRkKPxijJlJWxrvbJix0NZOZ994U0NYSWs2vcE10IqbD7xax3PJjP3obetZhbnV93i8bde7Qn1lQy6ZNfJxGrVP2ehFEWCTjIMjaJQOjNDDuU1TeQhJsjoADOxbFVjx9vl5SNoo:1rFv3b:yO33pDpSj8Pz3qvSHuUS_AnsltVBMZ5zMGmgxFa7CME','2024-01-03 11:48:11.444023'),('2kxamiwgexgasglsp0tn6a5krkf3qdoj','.eJxVi0EOwiAURO_y16bhFyrg0p7BNRkKPxijJlJWxrvbJix0NZOZ994U0NYSWs2vcE10IqbD7xax3PJjP3obetZhbnV93i8bde7Qn1lQy6ZNfJxGrVP2ehFEWCTjIMjaJQOjNDDuU1TeQhJsjoADOxbFVjx9vl5SNoo:1rDeLa:3wRcGdOcl0rUBHXnFtIJjHzJwe9kSMNmN-Jyhty5wLc','2023-12-28 05:33:22.852114'),('2o96qac9w4i3wsntkmmfnwvr0t2h146x','.eJxVizsOwjAQRO_iGkVe_FtTwhmorfXGKyMESDiuEHdPIrmAakYz731Uor7U1Ft5p9usTgrU4XfLxPfy3I_RppFtuvS2vB7XjToP6M-s1OqmWRGHpgB5IECPGKNgcCYIayuZjQ5FwPgQvGQXydF8RGGrDcci6NV3BS4RNUs:1rqJCf:TO3Tv6vfe2rcptisN0K8RayDTtCyoGhQOKUDGHYGBKQ','2024-04-12 20:51:57.394712'),('2rksi0ddwttfc6niwh7dmg4isc9a9emx','.eJxVizsOwjAQRO_iGkXxP0tJzkBtrde7MkKAhOMKcXeC5AKqGc2891IJ-1ZTb_xMl6KOyqnD75aRrnz_HqNNI9u09rY9buedOg3oz6zY6q75YmTJyARitSngdI4M0TtLWCCambxZJNgZGQMzIIgPVoIn0ZKF1fsDUhg2Ww:1rrkvg:rzOS03RQgjz67kVURmucLrNdi9fLjMo5T2Jd_zi7PAk','2024-04-16 20:40:24.960599'),('2t8776vaofom8vdr5nzyje0ffqe8lxil','.eJxVizsOwjAQRO_iGkVeJ_5RkjNQW7vrjYwQIOG4QtwdI7mAakbz3rxUwraX1Ko80yWrowKnDr8jIV_l_iWjTSPrtLa6P27nbp2G9PcsWEu_oUSTLQhwJNwIEfwcggsaspdI1vPMCwaGvGkjkokNgV10p0joUL0_hy027w:1rO2xF:yeoGjdAvu1evqVMQQKozM8_NO7nOcoT__bzmLhDtays','2024-01-25 21:51:13.571547'),('2tfeguilxdspis594nlldw0wu6144fgh','.eJxVi0EOwiAURO_y16bhFyrg0p7BNRkKPxijJlJWxrvbJix0NZOZ994U0NYSWs2vcE10IqbD7xax3PJjP3obetZhbnV93i8bde7Qn1lQy6ZNfJxGrVP2ehFEWCTjIMjaJQOjNDDuU1TeQhJsjoADOxbFVjx9vl5SNoo:1rG00x:gutXbMXGmyoVC-E2ZSS3VoogUXXb6bDftHkt1swjDkQ','2024-01-03 17:05:47.702525'),('2u6fcjfvmj4yxwr49z07ih2cfkyg4ejw','.eJxVizsOwjAQRO_iGkVe_FtTwhmorfXGKyMESDiuEHdPIrmAakYz731Uor7U1Ft5p9usTgrU4XfLxPfy3I_RppFtuvS2vB7XjToP6M-s1OqmWRGHpgB5IECPGKNgcCYIayuZjQ5FwPgQvGQXydF8RGGrDcci6NV3BS4RNUs:1rpzEI:mMuuYP1aE20Z1aU09B3Riz0uZDHLn_X02IkRgo4Hmcg','2024-04-11 23:32:18.658988'),('2wis6svk4jw83zf88a75bqnqcapsmpxb','.eJxVi7EOAiEQRP-F2ly4O2AXS-8brAm7C8EYNZGjMv67mFBoNZOZ914qxLaX0Gp6houoozKoDr8jRb6m-_cZbRpZp63V_XE7d-o0oD-zxFq6hkToQAMgsrBZMxEI2KxxFU8YvZ55MX2QxSNk8pa9cSjG5jm5ROr9AWO6Nb4:1rr4sc:RcDSrFGLPsgaUXbGD-xMEig9kcW_kh2LazaVnpYHslE','2024-04-14 23:46:26.674867'),('2xjm8rg4y43gkvvquk2yiml4s84lx112','.eJxVi0EOwiAURO_y16bhFyrg0p7BNRkKPxijJlJWxrvbJix0NZOZ994U0NYSWs2vcE10IqbD7xax3PJjP3obetZhbnV93i8bde7Qn1lQy6ZNfJxGrVP2ehFEWCTjIMjaJQOjNDDuU1TeQhJsjoADOxbFVjx9vl5SNoo:1rDUW9:w6ldqZk46uvqP4U6-p-ZdWonF69SyIOy4iuH8BWyLv4','2023-12-27 19:03:37.293514'),('2yj3kla1o0ldsozcha2md5s3ysbqszlh','.eJxVizsOwjAQRO_iGkXxP0tJzkBtrde7MkKAhOMKcXeC5AKqGc2891IJ-1ZTb_xMl6KOyqnD75aRrnz_HqNNI9u09rY9buedOg3oz6zY6q75YmTJyARitSngdI4M0TtLWCCambxZJNgZGQMzIIgPVoIn0ZKF1fsDUhg2Ww:1rpuIg:MZUwdS3HBmAkx2nq2dIhRjLsvn7YoXrHxLq_lT6zoaA','2024-04-11 18:16:30.273028'),('2zrnbo47bk3t64kdqg8v1i3mqe5yxt7g','.eJxVi7EOAiEQRP-F2lzg2FvA0vsGa8KySzBGTeSojP_umVBoNZOZ914qpr7V2Js844XVUYE6_G6U8lXu32O0aWSb1t62x-28U6cB_Zk1tbprgRw5yQV5YchZmCwKWiDwYZ6XwMGTAzaMhdFY0oWMBky6oATOXr0_YcA2KA:1rGWhE:1qOrNhOpMQm3ArdcOQCTu9rQfvNiatlwBwgHq-rEATg','2024-01-05 03:59:36.182994'),('32dijom2nnot42cvgwreifsu2z9kooda','.eJxVi0EOwiAURO_y16bhFyrg0p7BNRkKPxijJlJWxrvbJix0NZOZ994U0NYSWs2vcE10IqbD7xax3PJjP3obetZhbnV93i8bde7Qn1lQy6ZNfJxGrVP2ehFEWCTjIMjaJQOjNDDuU1TeQhJsjoADOxbFVjx9vl5SNoo:1rDWiM:ZlGPUQT-quh2HprtGL8YuDEgws-kE9FfifE23MSnhDU','2023-12-27 21:24:22.622902'),('33njumxpj3lkcnhg0kidcur0b9vuuwmg','.eJxVi7EOAiEQRP-F2lxY2IPF0vsGa7LsQTBGTeSojP_umVBoNZOZ914qct9q7C0_42VVRwVOHX7HxHLN9-8z2jSyTUtv2-N23qnTgP7Myq3umnV2Zu0NYSYTRDIYYY1sCgRw4mZPxRNoEijJ4eotopFSgmWrmZJ6fwA9YTT0:1rdRIi:At0UbF8OAiuHUUBQojGZJt_9QS1bHgA4OOZF-cvIC70','2024-03-08 08:53:00.632707'),('34s8xf2kfl2o8mfq1kp6cm3ui5j9ldqp','.eJxVizsOwjAQRO_iGkXxP0tJzkBtrde7MkKAhOMKcXeC5AKqGc2891IJ-1ZTb_xMl6KOyqnD75aRrnz_HqNNI9u09rY9buedOg3oz6zY6q75YmTJyARitSngdI4M0TtLWCCambxZJNgZGQMzIIgPVoIn0ZKF1fsDUhg2Ww:1rqW1W:4UKjwMmfP-ZGuXrqMXOUx-ZG0e9uDovbFZ7OJwJD0C0','2024-04-13 10:33:18.740885'),('35befl4ukip2hdn2vg5q8n1zxnrghbdw','.eJxVi7EOAiEQRP-F2ly4O2AXS-8brAm7C8EYNZGjMv67mFBoNZOZ914qxLaX0Gp6houoozKoDr8jRb6m-_cZbRpZp63V_XE7d-o0oD-zxFq6hkToQAMgsrBZMxEI2KxxFU8YvZ55MX2QxSNk8pa9cSjG5jm5ROr9AWO6Nb4:1rr1pN:UdWC_62VOGrwYD9D4oLP3SAK4tAU-4a3QDaClHvMRZk','2024-04-14 20:30:53.654926'),('38fciry2qwwsbd3uakji73bpag9dtcui','.eJxVizsOwjAQRO_iGkXxP0tJzkBtrde7MkKAhOMKcXeC5AKqGc2891IJ-1ZTb_xMl6KOyqnD75aRrnz_HqNNI9u09rY9buedOg3oz6zY6q75YmTJyARitSngdI4M0TtLWCCambxZJNgZGQMzIIgPVoIn0ZKF1fsDUhg2Ww:1rmZUl:oWk21zYSMSTa76t4M7dty70jBpobFzR7jm94wpe0ewM','2024-04-02 13:27:11.754186'),('38xfukysjxyuuuzpaael5tfv6fdsw3w6','.eJxVizsOwjAQRO_iGkXxP0tJzkBtrde7MkKAhOMKcXeC5AKqGc2891IJ-1ZTb_xMl6KOyqnD75aRrnz_HqNNI9u09rY9buedOg3oz6zY6q75YmTJyARitSngdI4M0TtLWCCambxZJNgZGQMzIIgPVoIn0ZKF1fsDUhg2Ww:1rnEwL:h4t_YnsYK7ERfwhA1iCn2030IlUjSbBtVY8ZcQph5tQ','2024-04-04 09:42:25.597344'),('3e8wrh7ioy08f54sxka6uifpqvno3x0m','.eJxVi0EOwiAURO_y16bhFyrg0p7BNRkKPxijJlJWxrvbJix0NZOZ994U0NYSWs2vcE10IqbD7xax3PJjP3obetZhbnV93i8bde7Qn1lQy6ZNfJxGrVP2ehFEWCTjIMjaJQOjNDDuU1TeQhJsjoADOxbFVjx9vl5SNoo:1rFYRv:Pg1PYapYC0g3bjXf592M_Oq9YxchY4aql0fPPQ0xfeU','2024-01-02 11:39:47.014904'),('3ffgpl5f9el9gpde32cc69a2p4tl90q3','.eJxVi7EOAiEQRP-F2lzg2FvA0vsGa8KySzBGTeSojP_umVBoNZOZ914qpr7V2Js844XVUYE6_G6U8lXu32O0aWSb1t62x-28U6cB_Zk1tbprgRw5yQV5YchZmCwKWiDwYZ6XwMGTAzaMhdFY0oWMBky6oATOXr0_YcA2KA:1rKvKz:_dHTtv7Bn9M5K3q7D5u0fLcCCI3069CX7c_Sra0dfKM','2024-01-17 09:06:49.161358'),('3hwyclmhyi7ue1d2fse4i1rv319dzkvm','.eJxVizsOwjAQRO_iGkXxP0tJzkBtrde7MkKAhOMKcXeC5AKqGc2891IJ-1ZTb_xMl6KOyqnD75aRrnz_HqNNI9u09rY9buedOg3oz6zY6q75YmTJyARitSngdI4M0TtLWCCambxZJNgZGQMzIIgPVoIn0ZKF1fsDUhg2Ww:1roiRJ:AHtyHznKn53om0glmwVvZFP1GUkW9I7jmMv7Y--VU3g','2024-04-08 11:24:29.029120'),('3j3fyn01ll2ezbw1elgk9uyj7nqiw7ib','.eJxVizsOwjAQRO_iGkVe_FtTwhmorfXGKyMESDiuEHdPIrmAakYz731Uor7U1Ft5p9usTgrU4XfLxPfy3I_RppFtuvS2vB7XjToP6M-s1OqmWRGHpgB5IECPGKNgcCYIayuZjQ5FwPgQvGQXydF8RGGrDcci6NV3BS4RNUs:1rq9st:e4YlPu6X2Pga_7HzL7c0DySopjBUcJlgZJWbxK3Btt4','2024-04-12 10:54:55.834072'),('3lornq4mw4qs8k5badx1yw69yttk22vu','.eJxVi7EOAiEQRP-F2lzg2FvA0vsGa8KySzBGTeSojP_umVBoNZOZ914qpr7V2Js844XVUYE6_G6U8lXu32O0aWSb1t62x-28U6cB_Zk1tbprgRw5yQV5YchZmCwKWiDwYZ6XwMGTAzaMhdFY0oWMBky6oATOXr0_YcA2KA:1rIVKN:jXqqEland92fHj3axeauCMPfi7EITPSCR8x2zo2VGvY','2024-01-10 14:56:11.849778'),('3lsyssxtc0vnt73msvchv3cegzwzf06v','.eJxVizsOwjAQRO_iGkXxP0tJzkBtrde7MkKAhOMKcXeC5AKqGc2891IJ-1ZTb_xMl6KOyqnD75aRrnz_HqNNI9u09rY9buedOg3oz6zY6q75YmTJyARitSngdI4M0TtLWCCambxZJNgZGQMzIIgPVoIn0ZKF1fsDUhg2Ww:1rolJ4:OhfVmYGG0Gzh-eLzVoUvADaHqQibS6AeV146e-2Mb0w','2024-04-08 14:28:10.276998'),('3lu1cex2iu4js47huuw49k65g3q7sg3x','.eJxVizsOwjAQRO_iGkVe_FtTwhmorfXGKyMESDiuEHdPIrmAakYz731Uor7U1Ft5p9usTgrU4XfLxPfy3I_RppFtuvS2vB7XjToP6M-s1OqmWRGHpgB5IECPGKNgcCYIayuZjQ5FwPgQvGQXydF8RGGrDcci6NV3BS4RNUs:1rpqar:Uqr0_KocKa7wJC10V-UcxWnVOp4bNuoXOmw4RRzT5n4','2024-04-11 14:19:01.410395'),('3lurp5kugeo7c1bxnhafxq7noyylhavf','.eJxVizsOwjAQRO_iGkXxP0tJzkBtrde7MkKAhOMKcXeC5AKqGc2891IJ-1ZTb_xMl6KOyqnD75aRrnz_HqNNI9u09rY9buedOg3oz6zY6q75YmTJyARitSngdI4M0TtLWCCambxZJNgZGQMzIIgPVoIn0ZKF1fsDUhg2Ww:1rqDuZ:VJe5QQ3oSq4MDmr1-U3YtQAS0kjY1gXKBLyIMvwNM0g','2024-04-12 15:12:55.163083'),('3p0kl5ej96svq7ilpvs3bwfao0ylh285','.eJxVizsOwjAQRO_iGkXxP0tJzkBtrde7MkKAhOMKcXeC5AKqGc2891IJ-1ZTb_xMl6KOyqnD75aRrnz_HqNNI9u09rY9buedOg3oz6zY6q75YmTJyARitSngdI4M0TtLWCCambxZJNgZGQMzIIgPVoIn0ZKF1fsDUhg2Ww:1rdRJQ:TVtw-JobmCBsUMsJHPQ2PhFfzv0Iw6DVgBFQJ34H3xg','2024-03-08 08:53:44.063498'),('3rli2wl2bu76lydtxy9w05km8n18z111','.eJxVizsOwjAQRO_iGkXxP0tJzkBtrde7MkKAhOMKcXeC5AKqGc2891IJ-1ZTb_xMl6KOyqnD75aRrnz_HqNNI9u09rY9buedOg3oz6zY6q75YmTJyARitSngdI4M0TtLWCCambxZJNgZGQMzIIgPVoIn0ZKF1fsDUhg2Ww:1rolGq:ju6QzHH56T1FvUwYeGRTpFk9KFbKEqfyj7Dlvr5DUSw','2024-04-08 14:25:52.905817'),('3u1b3umb8mr360hibko7idd76zc8b1dk','.eJxVi7EOAiEQRP-F2lxY2IPF0vsGa7LsQTBGTeSojP_umVBoNZOZ914qct9q7C0_42VVRwVOHX7HxHLN9-8z2jSyTUtv2-N23qnTgP7Myq3umnV2Zu0NYSYTRDIYYY1sCgRw4mZPxRNoEijJ4eotopFSgmWrmZJ6fwA9YTT0:1rhy41:84p0moo7E1adSmVGjkP8LuToePe2-FldQ-CqEIzFnvI','2024-03-20 20:40:33.293667'),('3yt5pkeq80jgkjvfyj7jyzk9rydltmnr','.eJxVizsOwjAQRO_iGkVe_FtTwhmorfXGKyMESDiuEHdPIrmAakYz731Uor7U1Ft5p9usTgrU4XfLxPfy3I_RppFtuvS2vB7XjToP6M-s1OqmWRGHpgB5IECPGKNgcCYIayuZjQ5FwPgQvGQXydF8RGGrDcci6NV3BS4RNUs:1rqJB2:RMgURZ3b2UMBNVs6M2aadJFyyepqApnCbupLT9301NY','2024-04-12 20:50:16.056296'),('43ia04ax5op0zeegq2m2hf6beq9ifb4v','.eJxVi7EOAiEQRP-F2lxY2IPF0vsGa7LsQTBGTeSojP_umVBoNZOZ914qct9q7C0_42VVRwVOHX7HxHLN9-8z2jSyTUtv2-N23qnTgP7Myq3umnV2Zu0NYSYTRDIYYY1sCgRw4mZPxRNoEijJ4eotopFSgmWrmZJ6fwA9YTT0:1rnEpE:WiI8peWWE_bD2ypO5AukMZwDMzsUI8qecV365PiIlpw','2024-04-04 09:35:04.031519'),('48vw65k9jliixjt2ymdyx8h021qpxnsa','.eJxVi7EOAiEQRP-F2lzg2FvA0vsGa8KySzBGTeSojP_umVBoNZOZ914qpr7V2Js844XVUYE6_G6U8lXu32O0aWSb1t62x-28U6cB_Zk1tbprgRw5yQV5YchZmCwKWiDwYZ6XwMGTAzaMhdFY0oWMBky6oATOXr0_YcA2KA:1rMEPm:3_mSvZUdY4tVi7K3oFVDZZFJnIIIN-ydmpudIMqsk0I','2024-01-20 21:41:10.998273'),('49y660nnnn4soaoe8xru2facpsohcjqs','.eJxVjMEOwiAQRP-Fs2kaWNjFo35Dz2SBJRijJlJOxn9vm3DQ00xm3sxHBe5rDb3JO9yyOitQp98scrrL8yiGm4a26drb-nosO3UZ0N-ycqvHn0MUQq0dJxddziYWSWILYATEPAMw0Wyjz9oXYkZvjLFASOisEfXdADzsNPA:1rOvJZ:_FmBBl1947PcwBUqmCJQO2tGgZiredDnCnXW3kvLw0I','2024-01-28 07:53:53.737100'),('4bdi1q3gf6sw4tfxghcl2vk1k1ezmi2l','.eJxVi0EOwiAURO_y16bhFyrg0p7BNRkKPxijJlJWxrvbJix0NZOZ994U0NYSWs2vcE10IqbD7xax3PJjP3obetZhbnV93i8bde7Qn1lQy6ZNfJxGrVP2ehFEWCTjIMjaJQOjNDDuU1TeQhJsjoADOxbFVjx9vl5SNoo:1rDMjS:adEsulKEbJpfOlEiqHLQDd9RcOovkT6VpMrP5lXN-Ic','2023-12-27 10:44:50.961864'),('4dz91r0syyvuq6rx3cbp2sdxm5e3asr7','.eJxVizsOwjAQRO_iGkXxP0tJzkBtrde7MkKAhOMKcXeC5AKqGc2891IJ-1ZTb_xMl6KOyqnD75aRrnz_HqNNI9u09rY9buedOg3oz6zY6q75YmTJyARitSngdI4M0TtLWCCambxZJNgZGQMzIIgPVoIn0ZKF1fsDUhg2Ww:1rqtlw:qUHazA33KpAYtVvGuZ_lrKFHHc0om5wxzHa-nLcIOng','2024-04-14 11:54:48.889108'),('4oih129w04zsmsfh27rjnsw8yy8pk1dq','.eJxVizsOwjAQRO_iGkVe_FtTwhmorfXGKyMESDiuEHdPIrmAakYz731Uor7U1Ft5p9usTgrU4XfLxPfy3I_RppFtuvS2vB7XjToP6M-s1OqmWRGHpgB5IECPGKNgcCYIayuZjQ5FwPgQvGQXydF8RGGrDcci6NV3BS4RNUs:1rqJAo:8a1qG2z6SHMthklOkZWReXs4ST78vn-ah6YjyouyM6U','2024-04-12 20:50:02.373182'),('4p0ivcfem6tyr9gyx9urckva6drf6byc','.eJxVi0EOwiAURO_y16bhFyrg0p7BNRkKPxijJlJWxrvbJix0NZOZ994U0NYSWs2vcE10IqbD7xax3PJjP3obetZhbnV93i8bde7Qn1lQy6ZNfJxGrVP2ehFEWCTjIMjaJQOjNDDuU1TeQhJsjoADOxbFVjx9vl5SNoo:1rFuup:gKWJFGQZiXNMuS8GeFmHs_Hq-GlUyQmrtyEHcX0se2A','2024-01-03 11:39:07.363717'),('4rkkgpyhmy7u43qw6096chxj3ly6mktw','.eJxVi0EOwiAURO_y16bhFyrg0p7BNRkKPxijJlJWxrvbJix0NZOZ994U0NYSWs2vcE10IqbD7xax3PJjP3obetZhbnV93i8bde7Qn1lQy6ZNfJxGrVP2ehFEWCTjIMjaJQOjNDDuU1TeQhJsjoADOxbFVjx9vl5SNoo:1rDPMS:ZHG0KqwPiheNCsvGhUz0ALIYRUJBC7BCWhS1b5Io0es','2023-12-27 13:33:16.922733'),('4runu58x8ie57vru9cst8ww37rlnsudd','.eJxVi7EOAiEQRP-F2lzg2FvA0vsGa8KySzBGTeSojP_umVBoNZOZ914qpr7V2Js844XVUYE6_G6U8lXu32O0aWSb1t62x-28U6cB_Zk1tbprgRw5yQV5YchZmCwKWiDwYZ6XwMGTAzaMhdFY0oWMBky6oATOXr0_YcA2KA:1rIarn:DWbc2VQCpmQ7aucYVd4cH9GkVlUaN3W0HnLHcJiageQ','2024-01-10 20:51:03.700540'),('4ueatlkqzl6w3k419qsyul8d1p3y6tmp','.eJxVizsOwjAQRO_iGkXxP0tJzkBtrde7MkKAhOMKcXeC5AKqGc2891IJ-1ZTb_xMl6KOyqnD75aRrnz_HqNNI9u09rY9buedOg3oz6zY6q75YmTJyARitSngdI4M0TtLWCCambxZJNgZGQMzIIgPVoIn0ZKF1fsDUhg2Ww:1rpuKt:B5XXfO1-_Ii5SAyoAQq-TPrc3tSwIQqTsR98LfFowlM','2024-04-11 18:18:47.674873'),('4usqibzlww96kvj2slihs4naeyxd50n3','.eJxVi0EOwiAURO_y16bhFyrg0p7BNRkKPxijJlJWxrvbJix0NZOZ994U0NYSWs2vcE10IqbD7xax3PJjP3obetZhbnV93i8bde7Qn1lQy6ZNfJxGrVP2ehFEWCTjIMjaJQOjNDDuU1TeQhJsjoADOxbFVjx9vl5SNoo:1rFtZA:uVD35eWxIET8O7WObGzx2EHslT_nq_rkAnI6qm_frzU','2024-01-03 10:12:40.408991'),('4wlsk2l0ca54xvpsdsk8ra4prr0x94j6','.eJxVizsOwjAQRO_iGkXxP0tJzkBtrde7MkKAhOMKcXeC5AKqGc2891IJ-1ZTb_xMl6KOyqnD75aRrnz_HqNNI9u09rY9buedOg3oz6zY6q75YmTJyARitSngdI4M0TtLWCCambxZJNgZGQMzIIgPVoIn0ZKF1fsDUhg2Ww:1rchFc:UnEFqQEVZq55JRwlL4BwUajieA3p8SPL7w3jNXv-fW4','2024-03-06 07:42:44.142327'),('4xo1o18gc14xwh9brfej92a1amd9jg1j','.eJxVizsOwjAQRO_iGkXxP0tJzkBtrde7MkKAhOMKcXeC5AKqGc2891IJ-1ZTb_xMl6KOyqnD75aRrnz_HqNNI9u09rY9buedOg3oz6zY6q75YmTJyARitSngdI4M0TtLWCCambxZJNgZGQMzIIgPVoIn0ZKF1fsDUhg2Ww:1roPi1:ul7hnp_VShSxaAitRgfwWomCsE_yltX-SOykIKPrbjY','2024-04-07 15:24:29.159766'),('4y004l5on6ls5mejdq2l816s6tn6vcf0','.eJxVi7EOAiEQRP-F2lzg2FvA0vsGa8KySzBGTeSojP_umVBoNZOZ914qpr7V2Js844XVUYE6_G6U8lXu32O0aWSb1t62x-28U6cB_Zk1tbprgRw5yQV5YchZmCwKWiDwYZ6XwMGTAzaMhdFY0oWMBky6oATOXr0_YcA2KA:1rGoqm:GkAU5xDGbf_ctmhuudeHwG0b5WJn7b32FigjMmuTU5k','2024-01-05 23:22:40.088650'),('4yddi75yajc6euz0ncp8wf5zjzwfywqe','.eJxVi0EOwiAURO_y16bhFyrg0p7BNRkKPxijJlJWxrvbJix0NZOZ994U0NYSWs2vcE10IqbD7xax3PJjP3obetZhbnV93i8bde7Qn1lQy6ZNfJxGrVP2ehFEWCTjIMjaJQOjNDDuU1TeQhJsjoADOxbFVjx9vl5SNoo:1rIUl3:aB2vdBiR2ESLq4PUDhFKxIhTqMH8ZPPlDUuPxER6C1w','2024-01-10 14:19:41.405364'),('52ywtzqc9nobo5ctyv0zbrnwrdtszdj3','.eJxVizsOwjAQRO_iGkXxP0tJzkBtrde7MkKAhOMKcXeC5AKqGc2891IJ-1ZTb_xMl6KOyqnD75aRrnz_HqNNI9u09rY9buedOg3oz6zY6q75YmTJyARitSngdI4M0TtLWCCambxZJNgZGQMzIIgPVoIn0ZKF1fsDUhg2Ww:1rnFw2:Fx0kuqXxSbLf4XTzciuJ4mR4xsO0gzrVsMzCp56DkNw','2024-04-04 10:46:10.853086'),('59s7vebb9op7otaxq2za22atb582xbpm','.eJxVizsOwjAQRO_iGkXxP0tJzkBtrde7MkKAhOMKcXeC5AKqGc2891IJ-1ZTb_xMl6KOyqnD75aRrnz_HqNNI9u09rY9buedOg3oz6zY6q75YmTJyARitSngdI4M0TtLWCCambxZJNgZGQMzIIgPVoIn0ZKF1fsDUhg2Ww:1rncrh:PEdIokxgoCVOYaFHRNbLTnIKT-u1q-JRts3vNLX6HEc','2024-04-05 11:15:13.749007'),('5a6ndbxvsdxbtqtvydxhndejrvpyzc3k','.eJxVi0EOwiAURO_y16bhFyrg0p7BNRkKPxijJlJWxrvbJix0NZOZ994U0NYSWs2vcE10IqbD7xax3PJjP3obetZhbnV93i8bde7Qn1lQy6ZNfJxGrVP2ehFEWCTjIMjaJQOjNDDuU1TeQhJsjoADOxbFVjx9vl5SNoo:1rFpR8:Ben7emynnv89QYDCa7Gyq2vj7RxK9dNvoFUOOFiZ3j4','2024-01-03 05:48:06.407691'),('5b0gdhsja3n33ft9evdg004q5bpsza2h','.eJxVi0EOwiAURO_y16bhFyrg0p7BNRkKPxijJlJWxrvbJix0NZOZ994U0NYSWs2vcE10IqbD7xax3PJjP3obetZhbnV93i8bde7Qn1lQy6ZNfJxGrVP2ehFEWCTjIMjaJQOjNDDuU1TeQhJsjoADOxbFVjx9vl5SNoo:1rFpVP:ZlRIxuYUwumq6A7C9ZQF6kDjeYRjls6BRsVH8ne41k8','2024-01-03 05:52:31.230827'),('5by3izj1oe6flekj5u4oyecx70im5zrb','.eJxVizsOwjAQRO_iGkXxP0tJzkBtrde7MkKAhOMKcXeC5AKqGc2891IJ-1ZTb_xMl6KOyqnD75aRrnz_HqNNI9u09rY9buedOg3oz6zY6q75YmTJyARitSngdI4M0TtLWCCambxZJNgZGQMzIIgPVoIn0ZKF1fsDUhg2Ww:1rpn8F:hJWllSQrnWA1MN3_dfOHWjjX-3wJbIP8vjYOK7COitE','2024-04-11 10:37:15.834784'),('5c16074cni4tte0fpfsk5bu7hethgdjw','.eJxVizsOwjAQRO_iGkVeJ_5RkjNQW7vrjYwQIOG4QtwdI7mAakbz3rxUwraX1Ko80yWrowKnDr8jIV_l_iWjTSPrtLa6P27nbp2G9PcsWEu_oUSTLQhwJNwIEfwcggsaspdI1vPMCwaGvGkjkokNgV10p0joUL0_hy027w:1rTgSX:7lbCV4dLvgBMkG91pxyC1wYLNhjOKL1tWAa8y0w_wHI','2024-02-10 13:02:49.950567'),('5cz51a74zfgu6dw6040hb6igq03o53m1','.eJxVi7EOAiEQRP-F2lxY2IPF0vsGa7LsQTBGTeSojP_umVBoNZOZ914qct9q7C0_42VVRwVOHX7HxHLN9-8z2jSyTUtv2-N23qnTgP7Myq3umnV2Zu0NYSYTRDIYYY1sCgRw4mZPxRNoEijJ4eotopFSgmWrmZJ6fwA9YTT0:1roQVm:8xa8KAtn6nPKqklIG6UIXzlODnbHi2xG3AU5r0xN7t0','2024-04-07 16:15:54.379057'),('5ecg5xg5q6gb2z0hih8fehzyvccz5vf0','.eJxVi0EOwiAURO_y16bhFyrg0p7BNRkKPxijJlJWxrvbJix0NZOZ994U0NYSWs2vcE10IqbD7xax3PJjP3obetZhbnV93i8bde7Qn1lQy6ZNfJxGrVP2ehFEWCTjIMjaJQOjNDDuU1TeQhJsjoADOxbFVjx9vl5SNoo:1rDQhx:_m4Vw8R6gbnGxQ6ZMp35vB2DFPfJoQw7JCT4sT4Rjz0','2023-12-27 14:59:33.037204'),('5eh1sny3lwukg2q9b2wnm3gbqkjpjvdh','.eJxVi7EOAiEQRP-F2ly4O2AXS-8brAm7C8EYNZGjMv67mFBoNZOZ914qxLaX0Gp6houoozKoDr8jRb6m-_cZbRpZp63V_XE7d-o0oD-zxFq6hkToQAMgsrBZMxEI2KxxFU8YvZ55MX2QxSNk8pa9cSjG5jm5ROr9AWO6Nb4:1rrxz4:qJYUTff3SQ0erRaUn2RgQyUUXmAZMJxOgJFjWeCvBbQ','2024-04-17 10:36:46.719549'),('5el7yw2ivuadcuavxi0vcouhrdahp97t','.eJxVi7EOAiEQRP-F2ly4O2AXS-8brAm7C8EYNZGjMv67mFBoNZOZ914qxLaX0Gp6houoozKoDr8jRb6m-_cZbRpZp63V_XE7d-o0oD-zxFq6hkToQAMgsrBZMxEI2KxxFU8YvZ55MX2QxSNk8pa9cSjG5jm5ROr9AWO6Nb4:1rr55M:I-4G2EJMb4wwq5IaBIXo1C_7Cwte2mhE_ZUqUt-nnJk','2024-04-14 23:59:36.979249'),('5fvce2j2djt6l3t0ebttz53z5xqqzct3','.eJxVi0EOwiAURO_y16bhFyrg0p7BNRkKPxijJlJWxrvbJix0NZOZ994U0NYSWs2vcE10IqbD7xax3PJjP3obetZhbnV93i8bde7Qn1lQy6ZNfJxGrVP2ehFEWCTjIMjaJQOjNDDuU1TeQhJsjoADOxbFVjx9vl5SNoo:1rFpMD:owYi1KKNWcO3tCa2Q6TSYgdQJJeCsiWFSDUvHSCgrkA','2024-01-03 05:43:01.899912'),('5gb4jtn9gnxoesxhabsww2jj6eke474s','.eJxVizsOwjAQRO_iGkXxP0tJzkBtrde7MkKAhOMKcXeC5AKqGc2891IJ-1ZTb_xMl6KOyqnD75aRrnz_HqNNI9u09rY9buedOg3oz6zY6q75YmTJyARitSngdI4M0TtLWCCambxZJNgZGQMzIIgPVoIn0ZKF1fsDUhg2Ww:1rlwBK:8TV7bXXyMXY0KZySIJwaC0M3IgWr4599rIeUCH4Z4s8','2024-03-31 19:28:30.083820'),('5kubx2bzuyqbzgzdsv9e1cker381nubf','.eJxVi0EOwiAURO_y16bhFyrg0p7BNRkKPxijJlJWxrvbJix0NZOZ994U0NYSWs2vcE10IqbD7xax3PJjP3obetZhbnV93i8bde7Qn1lQy6ZNfJxGrVP2ehFEWCTjIMjaJQOjNDDuU1TeQhJsjoADOxbFVjx9vl5SNoo:1rDeqv:gDkeTKn1_H-YfH1MiPTcNxyuQwr_33ghQxpfr5poVM4','2023-12-28 06:05:45.671147'),('5pf7kpye3eag0o893g4lvdm310pohekr','.eJxVizsOwjAQRO_iGkXxP0tJzkBtrde7MkKAhOMKcXeC5AKqGc2891IJ-1ZTb_xMl6KOyqnD75aRrnz_HqNNI9u09rY9buedOg3oz6zY6q75YmTJyARitSngdI4M0TtLWCCambxZJNgZGQMzIIgPVoIn0ZKF1fsDUhg2Ww:1rpmFv:VzdtdAk_Ican6WejRA3PprNTgb112vQhYnMLhig4YKY','2024-04-11 09:41:07.963299'),('6cl3eu5lsdd64oii8z6fmoowtvpggzql','.eJxVizsOwjAQRO_iGkXxP0tJzkBtrde7MkKAhOMKcXeC5AKqGc2891IJ-1ZTb_xMl6KOyqnD75aRrnz_HqNNI9u09rY9buedOg3oz6zY6q75YmTJyARitSngdI4M0TtLWCCambxZJNgZGQMzIIgPVoIn0ZKF1fsDUhg2Ww:1rt7ES:wFmSrpSM_uiu4RYJpKSEPyqv53qkJp7ZiyrMF3-UV-g','2024-04-20 14:41:24.701934'),('6ir6slk8y4536dm6w1u3own8g7z9l9bb','.eJxVi7EOAiEQRP-F2lzg2FvA0vsGa8KySzBGTeSojP_umVBoNZOZ914qpr7V2Js844XVUYE6_G6U8lXu32O0aWSb1t62x-28U6cB_Zk1tbprgRw5yQV5YchZmCwKWiDwYZ6XwMGTAzaMhdFY0oWMBky6oATOXr0_YcA2KA:1rGLRb:HKiKncVvwfJloK7BDx7nOi7Udsje98aaoqvJDCTAJJU','2024-01-04 15:58:43.308102'),('6iw8b2jcfn2ffrwynw0u5hxyrwnat28j','.eJxVi0EOwiAURO_y16bhFyrg0p7BNRkKPxijJlJWxrvbJix0NZOZ994U0NYSWs2vcE10IqbD7xax3PJjP3obetZhbnV93i8bde7Qn1lQy6ZNfJxGrVP2ehFEWCTjIMjaJQOjNDDuU1TeQhJsjoADOxbFVjx9vl5SNoo:1rFhiv:A8jn0o0t1xqx16nV19ySlmNLhYMuUGloX5Gtt7LlBpo','2024-01-02 21:33:57.643383'),('6k1topynncsud29b2c9mrix1suph4n4k','.eJxVi7EOAiEQRP-F2lzg2FvA0vsGa8KySzBGTeSojP_umVBoNZOZ914qpr7V2Js844XVUYE6_G6U8lXu32O0aWSb1t62x-28U6cB_Zk1tbprgRw5yQV5YchZmCwKWiDwYZ6XwMGTAzaMhdFY0oWMBky6oATOXr0_YcA2KA:1rIlDp:v03UY9f1yIguLsjGGOFGAbYfnk3hGIoo3vPVX93g8Ss','2024-01-11 07:54:29.638927'),('6lvq19p6qk7bea76c1jsxs1889lfbugj','.eJxVi0EOwiAURO_y16bhFyrg0p7BNRkKPxijJlJWxrvbJix0NZOZ994U0NYSWs2vcE10IqbD7xax3PJjP3obetZhbnV93i8bde7Qn1lQy6ZNfJxGrVP2ehFEWCTjIMjaJQOjNDDuU1TeQhJsjoADOxbFVjx9vl5SNoo:1rFYnb:YeddUTac61UTBwS7OD3c5aZDEq64bhZlfc_R47WV2oY','2024-01-02 12:02:11.115328'),('6wmiofwz05iiyaevl3cl34tljx5qvxfk','.eJxVi7EOAiEQRP-F2lxY2IPF0vsGa7LsQTBGTeSojP_umVBoNZOZ914qct9q7C0_42VVRwVOHX7HxHLN9-8z2jSyTUtv2-N23qnTgP7Myq3umnV2Zu0NYSYTRDIYYY1sCgRw4mZPxRNoEijJ4eotopFSgmWrmZJ6fwA9YTT0:1rpnk4:VhiuwHKVJUW9XEWI8unSegz-Vyr79bbkrDc0I2wtXUI','2024-04-11 11:16:20.295497'),('6x62oiunhq87x3kf9knm3ytkpwr45gm5','.eJxVi0EOwiAURO_y16bhFyrg0p7BNRkKPxijJlJWxrvbJix0NZOZ994U0NYSWs2vcE10IqbD7xax3PJjP3obetZhbnV93i8bde7Qn1lQy6ZNfJxGrVP2ehFEWCTjIMjaJQOjNDDuU1TeQhJsjoADOxbFVjx9vl5SNoo:1rFtcl:FRO_kNa2A5viiTZf-7MKeDGtGaVWbrW6beKfa20GZB4','2024-01-03 10:16:23.754407'),('75hhav1w5hihzkc2sqz490sk4fd5beww','.eJxVizsOwjAQRO_iGkXxP0tJzkBtrde7MkKAhOMKcXeC5AKqGc2891IJ-1ZTb_xMl6KOyqnD75aRrnz_HqNNI9u09rY9buedOg3oz6zY6q75YmTJyARitSngdI4M0TtLWCCambxZJNgZGQMzIIgPVoIn0ZKF1fsDUhg2Ww:1rrkqP:-csuc1t3Nw3SX5R6XcQJdJbqlaq1X-aa10NSVfqezlo','2024-04-16 20:34:57.799152'),('772tqy4pnktrs1dbivo2paybc8m5ehs2','.eJxVi0EOwiAURO_y16bhFyrg0p7BNRkKPxijJlJWxrvbJix0NZOZ994U0NYSWs2vcE10IqbD7xax3PJjP3obetZhbnV93i8bde7Qn1lQy6ZNfJxGrVP2ehFEWCTjIMjaJQOjNDDuU1TeQhJsjoADOxbFVjx9vl5SNoo:1rFvBQ:W-oTpdASAced6QNM-YHg4hjL6mxIWmA7xJXsG_anUis','2024-01-03 11:56:16.475548'),('77bci5p0v5mq42zw4bee8byjurch71o9','.eJxVi0EOwiAURO_y16bhFyrg0p7BNRkKPxijJlJWxrvbJix0NZOZ994U0NYSWs2vcE10IqbD7xax3PJjP3obetZhbnV93i8bde7Qn1lQy6ZNfJxGrVP2ehFEWCTjIMjaJQOjNDDuU1TeQhJsjoADOxbFVjx9vl5SNoo:1rMjq3:SxhKPUqMJmYOJI86teVJ4T69JqtP4og5gIQo4yNjZUE','2024-01-22 07:14:23.288151'),('7c5tnwjgoqssjp0g25ften1u707l8fvv','.eJxVizsOwjAQRO_iGkXxP0tJzkBtrde7MkKAhOMKcXeC5AKqGc2891IJ-1ZTb_xMl6KOyqnD75aRrnz_HqNNI9u09rY9buedOg3oz6zY6q75YmTJyARitSngdI4M0TtLWCCambxZJNgZGQMzIIgPVoIn0ZKF1fsDUhg2Ww:1rnJTD:q1myBna2Vw86Zg_LMAODx4MYfc8-lKK3BexM7v3J-No','2024-04-04 14:32:39.162265'),('7ikung26muvinwl7rxb4239tauotsizs','.eJxVjMEOwiAQRP-Fs2kaWNjFo35Dz2SBJRijJlJOxn9vm3DQ00xm3sxHBe5rDb3JO9yyOitQp98scrrL8yiGm4a26drb-nosO3UZ0N-ycqvHn0MUQq0dJxddziYWSWILYATEPAMw0Wyjz9oXYkZvjLFASOisEfXdADzsNPA:1rPHbH:P50jkKMX4hK41ZnJ8IIIWu36r7s2PoGUJpOLAIo3Gm4','2024-01-29 07:41:39.717389'),('7in0xyghlz1bfojndrr0uusksv0ecftj','.eJxVizsOwjAQRO_iGkXxP0tJzkBtrde7MkKAhOMKcXeC5AKqGc2891IJ-1ZTb_xMl6KOyqnD75aRrnz_HqNNI9u09rY9buedOg3oz6zY6q75YmTJyARitSngdI4M0TtLWCCambxZJNgZGQMzIIgPVoIn0ZKF1fsDUhg2Ww:1rqIXx:_J-w--T4xae_zgEkSmbv6lmihyp8s0vRAoOhOD1lfJQ','2024-04-12 20:09:53.676770'),('7o1mcteplnk5re52eb0z3l21mqeibrl0','.eJxVizsOwjAQRO_iGkXxP0tJzkBtrde7MkKAhOMKcXeC5AKqGc2891IJ-1ZTb_xMl6KOyqnD75aRrnz_HqNNI9u09rY9buedOg3oz6zY6q75YmTJyARitSngdI4M0TtLWCCambxZJNgZGQMzIIgPVoIn0ZKF1fsDUhg2Ww:1rrkwV:5dzBPWZhS5XLTIXBIzrH5z7H7c8rudhGvHjCOOoXZyU','2024-04-16 20:41:15.904875'),('7qg8vhx8o0c0lugufuwoeb9f3d064uyh','.eJxVi7EOAiEQRP-F2lzg2FvA0vsGa8KySzBGTeSojP_umVBoNZOZ914qpr7V2Js844XVUYE6_G6U8lXu32O0aWSb1t62x-28U6cB_Zk1tbprgRw5yQV5YchZmCwKWiDwYZ6XwMGTAzaMhdFY0oWMBky6oATOXr0_YcA2KA:1rHic5:ANjxATBGVDlAvK7s7ZLTCdsF9dpEghyDiEbCS97CTLk','2024-01-08 10:55:13.420971'),('7uwaiwtwst0e8ruym5sylxkp1t4gl145','.eJxVizsOwjAQRO_iGkXxP0tJzkBtrde7MkKAhOMKcXeC5AKqGc2891IJ-1ZTb_xMl6KOyqnD75aRrnz_HqNNI9u09rY9buedOg3oz6zY6q75YmTJyARitSngdI4M0TtLWCCambxZJNgZGQMzIIgPVoIn0ZKF1fsDUhg2Ww:1rqVEp:Zf5Ynd6ibmdW8Are2KfBN6k20Xsyz9PgfTiMKtPWMs4','2024-04-13 09:42:59.781009'),('7wb9ync99sxaoen2lomjk9akh3c37q78','.eJxVi0EOwiAURO_y16bhFyrg0p7BNRkKPxijJlJWxrvbJix0NZOZ994U0NYSWs2vcE10IqbD7xax3PJjP3obetZhbnV93i8bde7Qn1lQy6ZNfJxGrVP2ehFEWCTjIMjaJQOjNDDuU1TeQhJsjoADOxbFVjx9vl5SNoo:1rFYUE:6VFuOpbqH70ZUcxTabaCpIVMhcOgTPfc8fPwOjTSHXM','2024-01-02 11:42:10.277775'),('85as9blkg9izorvfa8zxwg06wwun018k','.eJxVi0EOwiAURO_y16bhFyrg0p7BNRkKPxijJlJWxrvbJix0NZOZ994U0NYSWs2vcE10IqbD7xax3PJjP3obetZhbnV93i8bde7Qn1lQy6ZNfJxGrVP2ehFEWCTjIMjaJQOjNDDuU1TeQhJsjoADOxbFVjx9vl5SNoo:1rDeM0:uIXdHawB0pLClpNsK1GRr6WvMC9JQjwRqpFqC5VhoPo','2023-12-28 05:33:48.394698'),('86e54xwergpqbiogxb5obkkc1r6lz0yu','.eJxVi0EOwiAURO_y16bhFyrg0p7BNRkKPxijJlJWxrvbJix0NZOZ994U0NYSWs2vcE10IqbD7xax3PJjP3obetZhbnV93i8bde7Qn1lQy6ZNfJxGrVP2ehFEWCTjIMjaJQOjNDDuU1TeQhJsjoADOxbFVjx9vl5SNoo:1rDSb7:WUuZkgDAQOxjrMiMrzT6d_006nfAg912SeyXVBFznu0','2023-12-27 17:00:37.152055'),('87p1erzjshjt5kus9iywz8nh5ezpl44o','.eJxVi7EOAiEQRP-F2lzg2FvA0vsGa8KySzBGTeSojP_umVBoNZOZ914qpr7V2Js844XVUYE6_G6U8lXu32O0aWSb1t62x-28U6cB_Zk1tbprgRw5yQV5YchZmCwKWiDwYZ6XwMGTAzaMhdFY0oWMBky6oATOXr0_YcA2KA:1rKBjA:bx1XO9aowF6ivRKjzPkUINebH4tp0aeTIH08AVHzKgs','2024-01-15 08:24:44.145708'),('8aabuv5gwmxvxgd5wifnrmq601wg4ep9','.eJxVi0EOwiAURO_y16bhFyrg0p7BNRkKPxijJlJWxrvbJix0NZOZ994U0NYSWs2vcE10IqbD7xax3PJjP3obetZhbnV93i8bde7Qn1lQy6ZNfJxGrVP2ehFEWCTjIMjaJQOjNDDuU1TeQhJsjoADOxbFVjx9vl5SNoo:1rFsD8:EL0Nm8ckGufRcshTlxQVwvGRmUQZmRxOKAT-nGhafQo','2024-01-03 08:45:50.077868'),('8b49s8ocjoc2kjkmnq2hjsdme8q2w22x','.eJxVizsOwjAQRO_iGkXxP0tJzkBtrde7MkKAhOMKcXeC5AKqGc2891IJ-1ZTb_xMl6KOyqnD75aRrnz_HqNNI9u09rY9buedOg3oz6zY6q75YmTJyARitSngdI4M0TtLWCCambxZJNgZGQMzIIgPVoIn0ZKF1fsDUhg2Ww:1rsHcx:bnGWMpxnF2gdGKQNuwJHzNSeju8n6r_6dL0iDpCZMm8','2024-04-18 07:35:15.249852'),('8gq5bd527nv268mkxdm5ja83mv4autkx','.eJxVizsOwjAQRO_iGkXxP0tJzkBtrde7MkKAhOMKcXeC5AKqGc2891IJ-1ZTb_xMl6KOyqnD75aRrnz_HqNNI9u09rY9buedOg3oz6zY6q75YmTJyARitSngdI4M0TtLWCCambxZJNgZGQMzIIgPVoIn0ZKF1fsDUhg2Ww:1rcKDG:xKPa3GxH5ttQm7jF9hhpG7FrX1A-zuUgqfBVuM882_s','2024-03-05 07:06:46.187649'),('8lpzdo5tocll6prpvuf2vcn9giv5reza','.eJxVizsOwjAQRO_iGkXxP0tJzkBtrde7MkKAhOMKcXeC5AKqGc2891IJ-1ZTb_xMl6KOyqnD75aRrnz_HqNNI9u09rY9buedOg3oz6zY6q75YmTJyARitSngdI4M0TtLWCCambxZJNgZGQMzIIgPVoIn0ZKF1fsDUhg2Ww:1rpn74:jIEp-HO0QJbVhzyzsYlJTPLLdUWH0JNK0FBMobVuJp8','2024-04-11 10:36:02.124371'),('8m8rfdzn721z9bhap00p1twtq0qvspwa','.eJxVi0EOwiAURO_y16bhFyrg0p7BNRkKPxijJlJWxrvbJix0NZOZ994U0NYSWs2vcE10IqbD7xax3PJjP3obetZhbnV93i8bde7Qn1lQy6ZNfJxGrVP2ehFEWCTjIMjaJQOjNDDuU1TeQhJsjoADOxbFVjx9vl5SNoo:1rDeMW:iYIZV43dosltkAKMdc2njql95gCEbQ48ICQmrhJpfc8','2023-12-28 05:34:20.070259'),('8p41mr4tldz28expm8n72v5hcdciecp2','.eJxVizsOwjAQRO_iGkXxP0tJzkBtrde7MkKAhOMKcXeC5AKqGc2891IJ-1ZTb_xMl6KOyqnD75aRrnz_HqNNI9u09rY9buedOg3oz6zY6q75YmTJyARitSngdI4M0TtLWCCambxZJNgZGQMzIIgPVoIn0ZKF1fsDUhg2Ww:1rpzIZ:wdUBsiuHGBn5UlIh-vkMowKaLBUztIISsJBMZRtG9hw','2024-04-11 23:36:43.544230'),('8s997jytisgatfg6bnhav4tbbcuvjwhn','.eJxVizsOwjAQRO_iGkXxP0tJzkBtrde7MkKAhOMKcXeC5AKqGc2891IJ-1ZTb_xMl6KOyqnD75aRrnz_HqNNI9u09rY9buedOg3oz6zY6q75YmTJyARitSngdI4M0TtLWCCambxZJNgZGQMzIIgPVoIn0ZKF1fsDUhg2Ww:1rpnim:_phrFHhvVUGzJCieLL6cRPPOXYnZ17kjM9jux1gzmVg','2024-04-11 11:15:00.322620'),('8vob341t8t8g0cgkpgf4f43ukw6ahdlx','.eJxVi7EOAiEQRP-F2lzg2FvA0vsGa8KySzBGTeSojP_umVBoNZOZ914qpr7V2Js844XVUYE6_G6U8lXu32O0aWSb1t62x-28U6cB_Zk1tbprgRw5yQV5YchZmCwKWiDwYZ6XwMGTAzaMhdFY0oWMBky6oATOXr0_YcA2KA:1rJogO:0b8ePzlVmRKbs-hD4P2DtbbBiqDG4vdq022O0R_N8B0','2024-01-14 07:48:20.118021'),('8y1i9fzzr22d2ykfxfie2uqor13khr59','.eJxVi0EOwiAURO_y16bhFyrg0p7BNRkKPxijJlJWxrvbJix0NZOZ994U0NYSWs2vcE10IqbD7xax3PJjP3obetZhbnV93i8bde7Qn1lQy6ZNfJxGrVP2ehFEWCTjIMjaJQOjNDDuU1TeQhJsjoADOxbFVjx9vl5SNoo:1rFurB:OlgBZB56uuNO8Nv36DqnJVnole8VVJgsEpHaHh0ELjQ','2024-01-03 11:35:21.542504'),('8yt2w2omdmjgrrhvwyn576nas93p3fnj','.eJxVizsOwjAQRO_iGkVe_FtTwhmorfXGKyMESDiuEHdPIrmAakYz731Uor7U1Ft5p9usTgrU4XfLxPfy3I_RppFtuvS2vB7XjToP6M-s1OqmWRGHpgB5IECPGKNgcCYIayuZjQ5FwPgQvGQXydF8RGGrDcci6NV3BS4RNUs:1rqJDN:iuUpOctSSnaA2hOSjVIcaEhn4Y5IDUkL9wu8U8Df37s','2024-04-12 20:52:41.686771'),('91ndk6ulm7f46spsqsumhvgzwis4y98t','.eJxVi0EOwiAURO_y16bhFyrg0p7BNRkKPxijJlJWxrvbJix0NZOZ994U0NYSWs2vcE10IqbD7xax3PJjP3obetZhbnV93i8bde7Qn1lQy6ZNfJxGrVP2ehFEWCTjIMjaJQOjNDDuU1TeQhJsjoADOxbFVjx9vl5SNoo:1rE4Kc:uuVsQWjmH29W3SyLueb1aiULzAgIcrQO5Q7WsgMvHmw','2023-12-29 09:18:06.048260'),('92dggvzd2gclv7s2p5ktw1p8w3dtglpj','.eJxVi0EOwiAURO_y16bhFyrg0p7BNRkKPxijJlJWxrvbJix0NZOZ994U0NYSWs2vcE10IqbD7xax3PJjP3obetZhbnV93i8bde7Qn1lQy6ZNfJxGrVP2ehFEWCTjIMjaJQOjNDDuU1TeQhJsjoADOxbFVjx9vl5SNoo:1rDeEY:sVbQUiODdKgOB-ART4BXLWKFw6uNSStGX8mrMPhiqPA','2023-12-28 05:26:06.254667'),('980ba917r0sevyfxjdp0sl2bbmrxt578','.eJxVi7EOAiEQRP-F2lxY2IPF0vsGa7LsQTBGTeSojP_umVBoNZOZ914qct9q7C0_42VVRwVOHX7HxHLN9-8z2jSyTUtv2-N23qnTgP7Myq3umnV2Zu0NYSYTRDIYYY1sCgRw4mZPxRNoEijJ4eotopFSgmWrmZJ6fwA9YTT0:1riID4:psDxRwvyTHlQKSdunp3f_vuepSqwKJ_JImjPEs5fVWM','2024-03-21 18:11:14.925655'),('9cooq1gbztcig5ine35g026t4yllp9xi','.eJxVizsOwjAQRO_iGkVe_FtTwhmorfXGKyMESDiuEHdPIrmAakYz731Uor7U1Ft5p9usTgrU4XfLxPfy3I_RppFtuvS2vB7XjToP6M-s1OqmWRGHpgB5IECPGKNgcCYIayuZjQ5FwPgQvGQXydF8RGGrDcci6NV3BS4RNUs:1rqJC0:tN3l1NfEuW2l5l5A4-dgOmDk3jnoH2iXS--sQ5lo0jM','2024-04-12 20:51:16.801792'),('9eglzv8mq2noa5d2evcc33ejm28ezqsu','.eJxVi0EOwiAURO_y16bhFyrg0p7BNRkKPxijJlJWxrvbJix0NZOZ994U0NYSWs2vcE10IqbD7xax3PJjP3obetZhbnV93i8bde7Qn1lQy6ZNfJxGrVP2ehFEWCTjIMjaJQOjNDDuU1TeQhJsjoADOxbFVjx9vl5SNoo:1rDMe6:w7UpShuyTjOkR10atHEBpQmvP36rvCvXjgngChyqq8Q','2023-12-27 10:39:18.646166'),('9gb4891ghdvtliv0k82axh1wwdthc60y','.eJxVi0EOwiAURO_y16bhFyrg0p7BNRkKPxijJlJWxrvbJix0NZOZ994U0NYSWs2vcE10IqbD7xax3PJjP3obetZhbnV93i8bde7Qn1lQy6ZNfJxGrVP2ehFEWCTjIMjaJQOjNDDuU1TeQhJsjoADOxbFVjx9vl5SNoo:1rFSEm:stPKm6Q-X-UgFmJW7EcB_YQVgBRb9sYZJgdMEv6bPbI','2024-01-02 05:01:48.428094'),('9jpju8ipzoinzil3dqnaq187dbpumlzq','.eJxVizsOwjAQRO_iGkVeJ_5RkjNQW7vrjYwQIOG4QtwdI7mAakbz3rxUwraX1Ko80yWrowKnDr8jIV_l_iWjTSPrtLa6P27nbp2G9PcsWEu_oUSTLQhwJNwIEfwcggsaspdI1vPMCwaGvGkjkokNgV10p0joUL0_hy027w:1rXfNS:yq5TbN-WfMJvqAHYw3ZGKaBEJTJWF6dZZEP8bYaZx7Y','2024-02-21 10:42:02.217351'),('9mt1mlwnksl6swmym3zyl0503u9vmkph','.eJxVizsOwjAQRO_iGkVeJ_5RkjNQW7vrjYwQIOG4QtwdI7mAakbz3rxUwraX1Ko80yWrowKnDr8jIV_l_iWjTSPrtLa6P27nbp2G9PcsWEu_oUSTLQhwJNwIEfwcggsaspdI1vPMCwaGvGkjkokNgV10p0joUL0_hy027w:1rWYlV:ZsDJkDagHEO7L_lQwHCb7rEW3vPqQ4iaZqmvgud6_h0','2024-02-18 09:26:17.153274'),('9rlw898jdqnci16dukc4xnmv3e8blq4h','.eJxVizsOwjAQRO_iGkXxP0tJzkBtrde7MkKAhOMKcXeC5AKqGc2891IJ-1ZTb_xMl6KOyqnD75aRrnz_HqNNI9u09rY9buedOg3oz6zY6q75YmTJyARitSngdI4M0TtLWCCambxZJNgZGQMzIIgPVoIn0ZKF1fsDUhg2Ww:1rnG0T:143CAYVX6a0z8EmzEWwM7gtIl2ZLbRp8IfmToP02ivA','2024-04-04 10:50:45.928253'),('9w8q0d256xsdlvpl0y4rei768fkgzrds','.eJxVizsOwjAQRO_iGkXxP0tJzkBtrde7MkKAhOMKcXeC5AKqGc2891IJ-1ZTb_xMl6KOyqnD75aRrnz_HqNNI9u09rY9buedOg3oz6zY6q75YmTJyARitSngdI4M0TtLWCCambxZJNgZGQMzIIgPVoIn0ZKF1fsDUhg2Ww:1rrOJQ:ZjsrDwDH2DOZWCsgbfDhPupoHaHjmnK346mnoSDHg3I','2024-04-15 20:31:24.007251'),('9wfhb7nk5ca6tbxj8vci1482gvrc7i96','.eJxVi7EOAiEQRP-F2lzg2FvA0vsGa8KySzBGTeSojP_umVBoNZOZ914qpr7V2Js844XVUYE6_G6U8lXu32O0aWSb1t62x-28U6cB_Zk1tbprgRw5yQV5YchZmCwKWiDwYZ6XwMGTAzaMhdFY0oWMBky6oATOXr0_YcA2KA:1rJdNb:kB1qvTIhRLUWFvTjTfM8dq_XRpdWB9H8xb6taFQQarI','2024-01-13 19:44:11.941609'),('9xbgv783sz1ulx18j8y72953z1c5dr14','.eJxVi7EOAiEQRP-F2lzg2FvA0vsGa8KySzBGTeSojP_umVBoNZOZ914qpr7V2Js844XVUYE6_G6U8lXu32O0aWSb1t62x-28U6cB_Zk1tbprgRw5yQV5YchZmCwKWiDwYZ6XwMGTAzaMhdFY0oWMBky6oATOXr0_YcA2KA:1rKLH6:J1DssESefkzlREi0FwS9ytocQyikYm8d4jiTotGtKHQ','2024-01-15 18:36:24.151864'),('a0qqcwdwt2qc4jitnhcoitmkzscb59de','.eJxVi0EOwiAURO_y16bhFyrg0p7BNRkKPxijJlJWxrvbJix0NZOZ994U0NYSWs2vcE10IqbD7xax3PJjP3obetZhbnV93i8bde7Qn1lQy6ZNfJxGrVP2ehFEWCTjIMjaJQOjNDDuU1TeQhJsjoADOxbFVjx9vl5SNoo:1rGkdd:Lt0aaudPnB_b1qs1rMZ0TwBOBKKDlXtHhEuOksb-GHg','2024-01-05 18:52:49.234400'),('a5cxt2p7d08le81g3vpymqim5gcafxqo','.eJxVizsOwjAQRO_iGkXxP0tJzkBtrde7MkKAhOMKcXeC5AKqGc2891IJ-1ZTb_xMl6KOyqnD75aRrnz_HqNNI9u09rY9buedOg3oz6zY6q75YmTJyARitSngdI4M0TtLWCCambxZJNgZGQMzIIgPVoIn0ZKF1fsDUhg2Ww:1rrPzI:aI2RQhDaEn-YHE6MqTW_SzekBZ_fftOpGuFyRaC-t5k','2024-04-15 22:18:44.270186'),('a9qkzgg7za2sqf32fpirmxvshq4n9o3q','.eJxVi7EOAiEQRP-F2lxY2IPF0vsGa7LsQTBGTeSojP_umVBoNZOZ914qct9q7C0_42VVRwVOHX7HxHLN9-8z2jSyTUtv2-N23qnTgP7Myq3umnV2Zu0NYSYTRDIYYY1sCgRw4mZPxRNoEijJ4eotopFSgmWrmZJ6fwA9YTT0:1rr54a:aObOvC-_p-6WtQE1FomfJrDHW_HQ1is_raJxrSjZgbA','2024-04-14 23:58:48.358340'),('adyixv6x9wumomaahhegl7e7gradv2k0','.eJxVizsOwjAQRO_iGkXxP0tJzkBtrde7MkKAhOMKcXeC5AKqGc2891IJ-1ZTb_xMl6KOyqnD75aRrnz_HqNNI9u09rY9buedOg3oz6zY6q75YmTJyARitSngdI4M0TtLWCCambxZJNgZGQMzIIgPVoIn0ZKF1fsDUhg2Ww:1rq9D1:EhXvnoxJlHxfAtSFzbiiqn9GZQuSzmTbb4Fhu3LvGC8','2024-04-12 10:11:39.699816'),('ae234f8iyn2ztx0ugpl5byid0gqntjpf','.eJxVi0EOwiAURO_y16bhFyrg0p7BNRkKPxijJlJWxrvbJix0NZOZ994U0NYSWs2vcE10IqbD7xax3PJjP3obetZhbnV93i8bde7Qn1lQy6ZNfJxGrVP2ehFEWCTjIMjaJQOjNDDuU1TeQhJsjoADOxbFVjx9vl5SNoo:1rGynX:Yaf0fct6CPbubU5ylEw1pZGtAgLSK0TZx96NjPRGAvw','2024-01-06 09:59:59.541991'),('aelggd37aao9acdltant3sf79dbod207','.eJxVi0EOwiAURO_y16bhFyrg0p7BNRkKPxijJlJWxrvbJix0NZOZ994U0NYSWs2vcE10IqbD7xax3PJjP3obetZhbnV93i8bde7Qn1lQy6ZNfJxGrVP2ehFEWCTjIMjaJQOjNDDuU1TeQhJsjoADOxbFVjx9vl5SNoo:1rIqWE:9WLburDhGH32LwvVQJIqy0Q6OfZ7XkZUq_6uhawOj-E','2024-01-11 15:33:50.581061'),('af7clcour7h74hwa5ya9epzxw45b8t6o','.eJxVizsOwjAQRO_iGkXxP0tJzkBtrde7MkKAhOMKcXeC5AKqGc2891IJ-1ZTb_xMl6KOyqnD75aRrnz_HqNNI9u09rY9buedOg3oz6zY6q75YmTJyARitSngdI4M0TtLWCCambxZJNgZGQMzIIgPVoIn0ZKF1fsDUhg2Ww:1rjaAO:alXpPjaIGfvUZGNqj4rNaLti82A6CrxsqkpFdC_CU9Q','2024-03-25 07:33:48.222128'),('aj2eo9lsgcb64nld7foyu3f3ypf3c3fu','.eJxVi0EOwiAURO_y16bhFyrg0p7BNRkKPxijJlJWxrvbJix0NZOZ994U0NYSWs2vcE10IqbD7xax3PJjP3obetZhbnV93i8bde7Qn1lQy6ZNfJxGrVP2ehFEWCTjIMjaJQOjNDDuU1TeQhJsjoADOxbFVjx9vl5SNoo:1rDhFz:omZ6n1PPurbe5zC79ooWQMPzDLJPY4s03uHX3pMMpLo','2023-12-28 08:39:47.470032'),('aj7c7ft2bac47355wh9qxkyisxe0ue7o','.eJxVizsOwjAQRO_iGkXxP0tJzkBtrde7MkKAhOMKcXeC5AKqGc2891IJ-1ZTb_xMl6KOyqnD75aRrnz_HqNNI9u09rY9buedOg3oz6zY6q75YmTJyARitSngdI4M0TtLWCCambxZJNgZGQMzIIgPVoIn0ZKF1fsDUhg2Ww:1rrkxZ:eije3XhRVuuKfWQA8pKFIapva_7ru1-zxMp3rFxeTdg','2024-04-16 20:42:21.065143'),('ajd8fen488nwgvbq3o8v1vjv9j9hq2b9','.eJxVizsOwjAQRO_iGkXxP0tJzkBtrde7MkKAhOMKcXeC5AKqGc2891IJ-1ZTb_xMl6KOyqnD75aRrnz_HqNNI9u09rY9buedOg3oz6zY6q75YmTJyARitSngdI4M0TtLWCCambxZJNgZGQMzIIgPVoIn0ZKF1fsDUhg2Ww:1rqA11:M9BaW0R7-TuHtuFh0H6MMMDepQ6mLa8MKD62uxgjp4w','2024-04-12 11:03:19.731748'),('aluerc3qruxwrmlblz32mrxugvlj0jj9','.eJxVizsOwjAQRO_iGkVe_FtTwhmorfXGKyMESDiuEHdPIrmAakYz731Uor7U1Ft5p9usTgrU4XfLxPfy3I_RppFtuvS2vB7XjToP6M-s1OqmWRGHpgB5IECPGKNgcCYIayuZjQ5FwPgQvGQXydF8RGGrDcci6NV3BS4RNUs:1rqIFZ:50eqnlXqzoSFSHXF8MlBI3hCeWzbcGwlAbaEFlVDR04','2024-04-12 19:50:53.912654'),('am5wu8iaivxo3puolhk2tr65uwnff2a9','.eJxVizsOwjAQRO_iGkXxP0tJzkBtrde7MkKAhOMKcXeC5AKqGc2891IJ-1ZTb_xMl6KOyqnD75aRrnz_HqNNI9u09rY9buedOg3oz6zY6q75YmTJyARitSngdI4M0TtLWCCambxZJNgZGQMzIIgPVoIn0ZKF1fsDUhg2Ww:1rtSfH:vuh64uRm2F5l-Uvdvar_8hmLWwAQLk1xvBR7aTWya9E','2024-04-21 13:34:31.343648'),('amwmz5xor7jjtl8tvc6yn0v4jyyan6gg','.eJxVizsOwjAQRO_iGkXxP0tJzkBtrde7MkKAhOMKcXeC5AKqGc2891IJ-1ZTb_xMl6KOyqnD75aRrnz_HqNNI9u09rY9buedOg3oz6zY6q75YmTJyARitSngdI4M0TtLWCCambxZJNgZGQMzIIgPVoIn0ZKF1fsDUhg2Ww:1rhDLO:p65V5WitomAW2rYA4KVpJMGwc-C9n9WSmMU_DR2E7-8','2024-03-18 18:47:22.941026'),('aoz7db0xv4qsudo1ir006c0mfemn6h6d','.eJxVizsOwjAQRO_iGkVeJ_5RkjNQW7vrjYwQIOG4QtwdI7mAakbz3rxUwraX1Ko80yWrowKnDr8jIV_l_iWjTSPrtLa6P27nbp2G9PcsWEu_oUSTLQhwJNwIEfwcggsaspdI1vPMCwaGvGkjkokNgV10p0joUL0_hy027w:1rRY2c:h9dfbsWebBzj8H9WKupVNWNOAdamJOtGJHYOIOeOJMQ','2024-02-04 15:39:14.534830'),('atbnl5mc9hpt7zlvshjcdrae7k9hnpea','.eJxVizsOwjAQRO_iGkVe_FtTwhmorfXGKyMESDiuEHdPIrmAakYz731Uor7U1Ft5p9usTgrU4XfLxPfy3I_RppFtuvS2vB7XjToP6M-s1OqmWRGHpgB5IECPGKNgcCYIayuZjQ5FwPgQvGQXydF8RGGrDcci6NV3BS4RNUs:1rqJBJ:nnDiRJWBQRmSUQhNUPTwiWvn2sx969NuW0imCg_Wwic','2024-04-12 20:50:33.282901'),('aus00y865gbope78f6vz4z8kae7z9zb8','.eJxVizsOwjAQRO_iGkVe_FtTwhmorfXGKyMESDiuEHdPIrmAakYz731Uor7U1Ft5p9usTgrU4XfLxPfy3I_RppFtuvS2vB7XjToP6M-s1OqmWRGHpgB5IECPGKNgcCYIayuZjQ5FwPgQvGQXydF8RGGrDcci6NV3BS4RNUs:1rtDK3:egtCbJqjEkhpVgIgrcemQODw7DakfIu2xM5dQ3vBdCQ','2024-04-20 21:11:35.102516'),('awhwxb6qj56ffc7e4tc6j8fmsu6eb3z7','.eJxVizsOwjAQRO_iGkXxP0tJzkBtrde7MkKAhOMKcXeC5AKqGc2891IJ-1ZTb_xMl6KOyqnD75aRrnz_HqNNI9u09rY9buedOg3oz6zY6q75YmTJyARitSngdI4M0TtLWCCambxZJNgZGQMzIIgPVoIn0ZKF1fsDUhg2Ww:1rqE2q:tiwEOakl236hLtbd1TSLViwLt4oE3AZblDY7YYZ2Ccs','2024-04-12 15:21:28.608249'),('ax7z1a3va7zh9gben44kf1wwss5pcepq','.eJxVizsOwjAQRO_iGkXxP0tJzkBtrde7MkKAhOMKcXeC5AKqGc2891IJ-1ZTb_xMl6KOyqnD75aRrnz_HqNNI9u09rY9buedOg3oz6zY6q75YmTJyARitSngdI4M0TtLWCCambxZJNgZGQMzIIgPVoIn0ZKF1fsDUhg2Ww:1rqDvx:PhmGKDcoffR63VXCXlDx4Z2qlj1sAn0RjIecVG9_rQo','2024-04-12 15:14:21.785972'),('aymtwf9x8vnhfriqf0uzudqpvl3lpjc4','.eJxVi0EOwiAURO_y16bhFyrg0p7BNRkKPxijJlJWxrvbJix0NZOZ994U0NYSWs2vcE10IqbD7xax3PJjP3obetZhbnV93i8bde7Qn1lQy6ZNfJxGrVP2ehFEWCTjIMjaJQOjNDDuU1TeQhJsjoADOxbFVjx9vl5SNoo:1rFumE:ycUYx4nNkV6sR4OnNZURSooMqJeBSa6suIw79-ZGBCo','2024-01-03 11:30:14.725892'),('b270lf0y1mohqukbp9vrohe66qayay4d','.eJxVi7EOAiEQRP-F2lzg2FvA0vsGa8KySzBGTeSojP_umVBoNZOZ914qpr7V2Js844XVUYE6_G6U8lXu32O0aWSb1t62x-28U6cB_Zk1tbprgRw5yQV5YchZmCwKWiDwYZ6XwMGTAzaMhdFY0oWMBky6oATOXr0_YcA2KA:1rHnAw:0pN_1LAJkmaOU87_TRFEXwej75oX0yFGVdmvOh3_0m4','2024-01-08 15:47:30.595178'),('b6naz6dpmxmwut0qb2dix2ixmfxgw0xb','.eJxVi7EOAiEQRP-F2lzg2FvA0vsGa8KySzBGTeSojP_umVBoNZOZ914qpr7V2Js844XVUYE6_G6U8lXu32O0aWSb1t62x-28U6cB_Zk1tbprgRw5yQV5YchZmCwKWiDwYZ6XwMGTAzaMhdFY0oWMBky6oATOXr0_YcA2KA:1rGBkQ:t0-WKrViewr29bWbsVwOaQ_zTt4vhqXgzeudfyDAsq8','2024-01-04 05:37:30.649927'),('b8m1hcgi3ow55aks0hz5v0kt9sna86th','.eJxVizsOwjAQRO_iGkVe_FtTwhmorfXGKyMESDiuEHdPIrmAakYz731Uor7U1Ft5p9usTgrU4XfLxPfy3I_RppFtuvS2vB7XjToP6M-s1OqmWRGHpgB5IECPGKNgcCYIayuZjQ5FwPgQvGQXydF8RGGrDcci6NV3BS4RNUs:1rqVxG:lAn13I_yd3v6X2Y_bJSPahFxZwvI1SZDUV2sjJe8A5A','2024-04-13 10:28:54.550671'),('b8r8quuhy8q5m4z082uiva3yxbml8k7l','.eJxVizsOwjAQRO_iGkXxP0tJzkBtrde7MkKAhOMKcXeC5AKqGc2891IJ-1ZTb_xMl6KOyqnD75aRrnz_HqNNI9u09rY9buedOg3oz6zY6q75YmTJyARitSngdI4M0TtLWCCambxZJNgZGQMzIIgPVoIn0ZKF1fsDUhg2Ww:1rqJ7j:jDIYtTU9iQaz88XVgjlho2QSWmAs5fEIRKFQRo4br-I','2024-04-12 20:46:51.839006'),('bajq8z3iio3n1r7xmb3fe3jcsp0qj4vm','.eJxVizsOwjAQRO_iGkVe_FtTwhmorfXGKyMESDiuEHdPIrmAakYz731Uor7U1Ft5p9usTgrU4XfLxPfy3I_RppFtuvS2vB7XjToP6M-s1OqmWRGHpgB5IECPGKNgcCYIayuZjQ5FwPgQvGQXydF8RGGrDcci6NV3BS4RNUs:1rrLhW:VJ6aLS-mOykCB2gKQTiXrjIuXdzk5Dgyhk7XQoBCYg0','2024-04-15 17:44:06.742409'),('bani18dvplhr0jdgwga9zvp6h5f69qae','.eJxVi7EOAiEQRP-F2lzg2FvA0vsGa8KySzBGTeSojP_umVBoNZOZ914qpr7V2Js844XVUYE6_G6U8lXu32O0aWSb1t62x-28U6cB_Zk1tbprgRw5yQV5YchZmCwKWiDwYZ6XwMGTAzaMhdFY0oWMBky6oATOXr0_YcA2KA:1rK18A:Aefjw66a72N6pUqpptAVti7S9oAvjAx5pTdvCdxbcLA','2024-01-14 21:05:50.228222'),('bbv9opq4hffirs6tmpjg19bv813ziycw','.eJxVi0EOwiAURO_y16bhFyrg0p7BNRkKPxijJlJWxrvbJix0NZOZ994U0NYSWs2vcE10IqbD7xax3PJjP3obetZhbnV93i8bde7Qn1lQy6ZNfJxGrVP2ehFEWCTjIMjaJQOjNDDuU1TeQhJsjoADOxbFVjx9vl5SNoo:1rG00a:4fzpNQtAAaWM_iJMmRcxXzm-rjA9G3ywcp-3lUPi1YU','2024-01-03 17:05:24.355685'),('bg30eqwvod8ivpd8yis9sa56y5vpbbnp','.eJxVi7EOAiEQRP-F2lzg2FvA0vsGa8KySzBGTeSojP_umVBoNZOZ914qpr7V2Js844XVUYE6_G6U8lXu32O0aWSb1t62x-28U6cB_Zk1tbprgRw5yQV5YchZmCwKWiDwYZ6XwMGTAzaMhdFY0oWMBky6oATOXr0_YcA2KA:1rIlCC:nSHihJAOE6nYXkGnaL8Q3PI7wUQJ01iOTwpACAr7XOw','2024-01-11 07:52:48.586133'),('bhh62wjtljsyxro4t5vda6lfrr0m3s2o','.eJxVizsOwjAQRO_iGkXxP0tJzkBtrde7MkKAhOMKcXeC5AKqGc2891IJ-1ZTb_xMl6KOyqnD75aRrnz_HqNNI9u09rY9buedOg3oz6zY6q75YmTJyARitSngdI4M0TtLWCCambxZJNgZGQMzIIgPVoIn0ZKF1fsDUhg2Ww:1rpqO9:WXP4kvUuLC1BIwlZu5hycU_iEiX43AyWuHT1aXxSEBE','2024-04-11 14:05:53.614941'),('bik1pmshru54z1wemmdshl98egpdj2ts','.eJxVizsOwjAQRO_iGkVeJ_5RkjNQW7vrjYwQIOG4QtwdI7mAakbz3rxUwraX1Ko80yWrowKnDr8jIV_l_iWjTSPrtLa6P27nbp2G9PcsWEu_oUSTLQhwJNwIEfwcggsaspdI1vPMCwaGvGkjkokNgV10p0joUL0_hy027w:1rYW1j:k_hwvf-unowuLI_0tUZJBQ8wNV0wdY4CBdsYRw1lTNM','2024-02-23 18:55:07.235837'),('bj57hz7j3zhk6k6qjijags2u9rnp3dn4','.eJxVizsOwjAQRO_iGkXxP0tJzkBtrde7MkKAhOMKcXeC5AKqGc2891IJ-1ZTb_xMl6KOyqnD75aRrnz_HqNNI9u09rY9buedOg3oz6zY6q75YmTJyARitSngdI4M0TtLWCCambxZJNgZGQMzIIgPVoIn0ZKF1fsDUhg2Ww:1rqJ72:tE6q9iKxT5aB1klaSPY-HPcayH2ymnZK7AMoUzKpcr8','2024-04-12 20:46:08.746620'),('bn53fm0rmt2z030qyqdcr1oc1klj87o7','.eJxVizsOwjAQRO_iGkXxP0tJzkBtrde7MkKAhOMKcXeC5AKqGc2891IJ-1ZTb_xMl6KOyqnD75aRrnz_HqNNI9u09rY9buedOg3oz6zY6q75YmTJyARitSngdI4M0TtLWCCambxZJNgZGQMzIIgPVoIn0ZKF1fsDUhg2Ww:1rnEv1:nxONG9a7IvmjvzmPZotnreD-hqLG2IB1q4EKPnqpCMk','2024-04-04 09:41:03.611617'),('bq89la4eqa5ivfbvn3ugk8r7n2cbjp34','.eJxVjMEOwiAQRP-Fs2kaWNjFo35Dz2SBJRijJlJOxn9vm3DQ00xm3sxHBe5rDb3JO9yyOitQp98scrrL8yiGm4a26drb-nosO3UZ0N-ycqvHn0MUQq0dJxddziYWSWILYATEPAMw0Wyjz9oXYkZvjLFASOisEfXdADzsNPA:1rQkQj:PMVCAWg641XfcJbJ3jX5B_J1eqJHA8W4d8Cl1mc46XM','2024-02-02 10:40:49.580068'),('bs1j4kc0jon4e4wsnwgigamo90vskwg5','.eJxVizsOwjAQRO_iGkXxP0tJzkBtrde7MkKAhOMKcXeC5AKqGc2891IJ-1ZTb_xMl6KOyqnD75aRrnz_HqNNI9u09rY9buedOg3oz6zY6q75YmTJyARitSngdI4M0TtLWCCambxZJNgZGQMzIIgPVoIn0ZKF1fsDUhg2Ww:1rnLGo:HDj1E8h8Y04kD8wenCFX64FrOXDDmwfPOvOxsklUoJc','2024-04-04 16:27:58.715667'),('btaxpif2aanwpbpg30p1b1xxrail8gor','.eJxVizsOwjAQRO_iGkVeJ_5RkjNQW7vrjYwQIOG4QtwdI7mAakbz3rxUwraX1Ko80yWrowKnDr8jIV_l_iWjTSPrtLa6P27nbp2G9PcsWEu_oUSTLQhwJNwIEfwcggsaspdI1vPMCwaGvGkjkokNgV10p0joUL0_hy027w:1rScbt:jYjcglrMgK1M4DNKmizJlQkYYIIIpy0uACiT2eDoxWM','2024-02-07 14:44:05.533301'),('bulolmgrkp98f07bg3jwk3c3s62q0lsk','.eJxVi7EOAiEQRP-F2lxY2IPF0vsGa7LsQTBGTeSojP_umVBoNZOZ914qct9q7C0_42VVRwVOHX7HxHLN9-8z2jSyTUtv2-N23qnTgP7Myq3umnV2Zu0NYSYTRDIYYY1sCgRw4mZPxRNoEijJ4eotopFSgmWrmZJ6fwA9YTT0:1rqtlJ:m_qX3isyMnKqMjmZX3POgp-Y47lgk4e8yZpgfBJ3ysg','2024-04-14 11:54:09.152139'),('bumkymekydfawsd29kal9gqm0f9vbwx7','.eJxVi7EOAiEQRP-F2ly4O2AXS-8brAm7C8EYNZGjMv67mFBoNZOZ914qxLaX0Gp6houoozKoDr8jRb6m-_cZbRpZp63V_XE7d-o0oD-zxFq6hkToQAMgsrBZMxEI2KxxFU8YvZ55MX2QxSNk8pa9cSjG5jm5ROr9AWO6Nb4:1rtNdy:KjbJ8zXiGX7iAbZlFkIArsdN_qp_7GilJ6utNuQBYDw','2024-04-21 08:12:50.334110'),('bzf20mzbedclz027hx9900prrgogdktx','.eJxVi0EOwiAURO_y16bhFyrg0p7BNRkKPxijJlJWxrvbJix0NZOZ994U0NYSWs2vcE10IqbD7xax3PJjP3obetZhbnV93i8bde7Qn1lQy6ZNfJxGrVP2ehFEWCTjIMjaJQOjNDDuU1TeQhJsjoADOxbFVjx9vl5SNoo:1rFv3e:oyXFjMiMSIXq3-ciJKsOVM5gwEgMTz1mocp_-u2eyM4','2024-01-03 11:48:14.701071'),('c00m6vwvf76o303162hi5ckaacfvvzgk','.eJxVizsOwjAQRO_iGkXxP0tJzkBtrde7MkKAhOMKcXeC5AKqGc2891IJ-1ZTb_xMl6KOyqnD75aRrnz_HqNNI9u09rY9buedOg3oz6zY6q75YmTJyARitSngdI4M0TtLWCCambxZJNgZGQMzIIgPVoIn0ZKF1fsDUhg2Ww:1rqIrE:JiBPjVRZIDPmiKDm80wlP-KUh7p4eB0X58uOOLy8tdM','2024-04-12 20:29:48.070293'),('c0kia9hqb2huloigl93uqskg1h1wr6m5','.eJxVizsOwjAQRO_iGkXxP0tJzkBtrde7MkKAhOMKcXeC5AKqGc2891IJ-1ZTb_xMl6KOyqnD75aRrnz_HqNNI9u09rY9buedOg3oz6zY6q75YmTJyARitSngdI4M0TtLWCCambxZJNgZGQMzIIgPVoIn0ZKF1fsDUhg2Ww:1rrOa2:LtIo3uERhkxvAXvt7Rq9bhwIipa7Lc-kDoDX8t0VIjk','2024-04-15 20:48:34.711577'),('c1z7kldn5jlrslu28adg2y8jmx3eicl4','.eJxVizsOwjAQRO_iGkXxP0tJzkBtrde7MkKAhOMKcXeC5AKqGc2891IJ-1ZTb_xMl6KOyqnD75aRrnz_HqNNI9u09rY9buedOg3oz6zY6q75YmTJyARitSngdI4M0TtLWCCambxZJNgZGQMzIIgPVoIn0ZKF1fsDUhg2Ww:1rpz5S:Vom-WvZHuSYLRUtxRE3MpznpObe0uE77Pb6vUmXSSoc','2024-04-11 23:23:10.089373'),('c6ezsku03dpxgzh3yappdhewlckwjd6n','.eJxVizsOwjAQRO_iGkVeJ_5RkjNQW7vrjYwQIOG4QtwdI7mAakbz3rxUwraX1Ko80yWrowKnDr8jIV_l_iWjTSPrtLa6P27nbp2G9PcsWEu_oUSTLQhwJNwIEfwcggsaspdI1vPMCwaGvGkjkokNgV10p0joUL0_hy027w:1rTc2S:U7N118ui5Gi_5WbfHqnVmkpezUd0zaGe0IDIPGznCKk','2024-02-10 08:19:36.887760'),('c8hiblj7v9jhbsxisbin16a0weia8ss9','.eJxVjMEOwiAQRP-Fs2kaWNjFo35Dz2SBJRijJlJOxn9vm3DQ00xm3sxHBe5rDb3JO9yyOitQp98scrrL8yiGm4a26drb-nosO3UZ0N-ycqvHn0MUQq0dJxddziYWSWILYATEPAMw0Wyjz9oXYkZvjLFASOisEfXdADzsNPA:1rOvJZ:_FmBBl1947PcwBUqmCJQO2tGgZiredDnCnXW3kvLw0I','2024-01-28 07:53:53.742756'),('c8lmuo3eljbizf7o60gxd5n1mz6ms5qs','.eJxVizsOwjAQRO_iGkXxP0tJzkBtrde7MkKAhOMKcXeC5AKqGc2891IJ-1ZTb_xMl6KOyqnD75aRrnz_HqNNI9u09rY9buedOg3oz6zY6q75YmTJyARitSngdI4M0TtLWCCambxZJNgZGQMzIIgPVoIn0ZKF1fsDUhg2Ww:1rqW3s:RtDtaqENsmO2GJ4bJgWfS7HUlaqEKuXcC19ieg56T9w','2024-04-13 10:35:44.248521'),('cd4rzav7c3wxbzjuxwa0jm413zc184fv','.eJxVi0EOwiAURO_y16bhFyrg0p7BNRkKPxijJlJWxrvbJix0NZOZ994U0NYSWs2vcE10IqbD7xax3PJjP3obetZhbnV93i8bde7Qn1lQy6ZNfJxGrVP2ehFEWCTjIMjaJQOjNDDuU1TeQhJsjoADOxbFVjx9vl5SNoo:1rGmLv:PjZBPr7ESCVe4VTHJ85xTKhQb-b0ZXwMk6Wki2Up86Y','2024-01-05 20:42:39.189163'),('cdepjfkf1wwcmsi33nakds5ony9l6f4c','.eJxVjMEOwiAQRP-Fs2kaWNjFo35Dz2SBJRijJlJOxn9vm3DQ00xm3sxHBe5rDb3JO9yyOitQp98scrrL8yiGm4a26drb-nosO3UZ0N-ycqvHn0MUQq0dJxddziYWSWILYATEPAMw0Wyjz9oXYkZvjLFASOisEfXdADzsNPA:1rOvJZ:_FmBBl1947PcwBUqmCJQO2tGgZiredDnCnXW3kvLw0I','2024-01-28 07:53:53.742609'),('ci8ec91bp07hct3lwogr3uv97oi1fi4l','.eJxVizsOwjAQRO_iGkXxP0tJzkBtrde7MkKAhOMKcXeC5AKqGc2891IJ-1ZTb_xMl6KOyqnD75aRrnz_HqNNI9u09rY9buedOg3oz6zY6q75YmTJyARitSngdI4M0TtLWCCambxZJNgZGQMzIIgPVoIn0ZKF1fsDUhg2Ww:1rnFzh:ADRWusOYf-nR8qOZKJtCq7ZDDElI8c8OIxLyJUMhtMk','2024-04-04 10:49:57.752235'),('cil19nxfn7dze5on86bz75fxwbturum4','.eJxVi7EOAiEQRP-F2lzg2FvA0vsGa8KySzBGTeSojP_umVBoNZOZ914qpr7V2Js844XVUYE6_G6U8lXu32O0aWSb1t62x-28U6cB_Zk1tbprgRw5yQV5YchZmCwKWiDwYZ6XwMGTAzaMhdFY0oWMBky6oATOXr0_YcA2KA:1rIOFM:8yZuUS310m5l23xhd_NS_nNNFPjvDTVEjiub1EubnWo','2024-01-10 07:22:32.764728'),('cjylbqkzke8quznwuozd9cl39yl1i6t0','.eJxVi7EOAiEQRP-F2lzg2FvA0vsGa8KySzBGTeSojP_umVBoNZOZ914qpr7V2Js844XVUYE6_G6U8lXu32O0aWSb1t62x-28U6cB_Zk1tbprgRw5yQV5YchZmCwKWiDwYZ6XwMGTAzaMhdFY0oWMBky6oATOXr0_YcA2KA:1rG6HG:Gn5YAQVgXcBDveIWEt-1VDgP57cwivxvo-GrBf0Ggqk','2024-01-03 23:47:02.349374'),('cm47qcqveadal1yertupufz1p7f1jpxe','.eJxVi0EOwiAURO_y16bhFyrg0p7BNRkKPxijJlJWxrvbJix0NZOZ994U0NYSWs2vcE10IqbD7xax3PJjP3obetZhbnV93i8bde7Qn1lQy6ZNfJxGrVP2ehFEWCTjIMjaJQOjNDDuU1TeQhJsjoADOxbFVjx9vl5SNoo:1rIU8r:9YBirKEeayortqRQzhNXfqG6jWmQc_ucHBQtaGruVcI','2024-01-10 13:40:13.773743'),('cm81itfktpw0x6rok5njlsn86eiobod8','.eJxVizsOwjAQRO_iGkXxP0tJzkBtrde7MkKAhOMKcXeC5AKqGc2891IJ-1ZTb_xMl6KOyqnD75aRrnz_HqNNI9u09rY9buedOg3oz6zY6q75YmTJyARitSngdI4M0TtLWCCambxZJNgZGQMzIIgPVoIn0ZKF1fsDUhg2Ww:1rnJJN:2P6bboZ29hAIDlF1aflA-ouPEiF2Ws5hk_x2lhncpLA','2024-04-04 14:22:29.770637'),('cm83g12y35xi4h9jtb2tk2q9qgzw5894','.eJxVi7EOAiEQRP-F2ly4O2AXS-8brAm7C8EYNZGjMv67mFBoNZOZ914qxLaX0Gp6houoozKoDr8jRb6m-_cZbRpZp63V_XE7d-o0oD-zxFq6hkToQAMgsrBZMxEI2KxxFU8YvZ55MX2QxSNk8pa9cSjG5jm5ROr9AWO6Nb4:1rr22N:eyCdxoe93N4tVbGBhzIc63X-LYBu7fdxDbtTY-y7XaU','2024-04-14 20:44:19.942131'),('cvjqn8oze338gnnph1s819y38k4m9v7p','.eJxVizsOwjAQRO_iGkVeJ_5RkjNQW7vrjYwQIOG4QtwdI7mAakbz3rxUwraX1Ko80yWrowKnDr8jIV_l_iWjTSPrtLa6P27nbp2G9PcsWEu_oUSTLQhwJNwIEfwcggsaspdI1vPMCwaGvGkjkokNgV10p0joUL0_hy027w:1rWFYk:8ssSc1fmbxWUQYmbyLPi4Eag0-kToDAEuIJ0tQm0UjI','2024-02-17 12:55:50.758685'),('d1b6mrzx2yqh81z84qyg49exp5brv7h5','.eJxVi8EOwiAQRP-Fs2kWui3g0X6DZwK7bDBGTaScTP-9NeGgp5nMvPdRIba1hFbzO9xYnZVWp98tRbrn5_fobehZh6XV9fW4HtSlQ39mibUcmkENZoQk0XnKRMAyWpzZTZ4EgRGBHM7CGqwVk5H9pNmK1xhtIqO2HTUCNVE:1rMqoa:0NmrTKNhw11o47IPV-uzlQl0cT3BCB_29sJe3Gfqx-4','2024-01-22 14:41:20.390563'),('d6kbwoejtdpm1n98mdpo3k8rakidexoq','.eJxVi0EOwiAURO_y16bhFyrg0p7BNRkKPxijJlJWxrvbJix0NZOZ994U0NYSWs2vcE10IqbD7xax3PJjP3obetZhbnV93i8bde7Qn1lQy6ZNfJxGrVP2ehFEWCTjIMjaJQOjNDDuU1TeQhJsjoADOxbFVjx9vl5SNoo:1rFvMf:FGDKQcrSj78Ke1rUk5EFWzciJC59tbVnritF8v13fy4','2024-01-03 12:07:53.486482'),('d908v2s19jmxsxyxpu2fuslmiaea9ckq','.eJxVi7EOAiEQRP-F2lxY2IPF0vsGa7LsQTBGTeSojP_umVBoNZOZ914qct9q7C0_42VVRwVOHX7HxHLN9-8z2jSyTUtv2-N23qnTgP7Myq3umnV2Zu0NYSYTRDIYYY1sCgRw4mZPxRNoEijJ4eotopFSgmWrmZJ6fwA9YTT0:1rpnnf:ZSJKxoAFNTOw466BNFsmuxhP4q6q2opx2K9kTRxjQTU','2024-04-11 11:20:03.841746'),('da2etanabe5nttnii8sp7rz18zijrker','.eJxVizsOwjAQRO_iGkXxP0tJzkBtrde7MkKAhOMKcXeC5AKqGc2891IJ-1ZTb_xMl6KOyqnD75aRrnz_HqNNI9u09rY9buedOg3oz6zY6q75YmTJyARitSngdI4M0TtLWCCambxZJNgZGQMzIIgPVoIn0ZKF1fsDUhg2Ww:1rrkvB:ZuxPSgT2SIDEFfNx_Zkb26_KOZjm_xbLrExHDWTQsr0','2024-04-16 20:39:53.328360'),('dhpvwjs90gl4ft7pdblvdmroikisac53','.eJxVizsOwjAQRO_iGkXxP0tJzkBtrde7MkKAhOMKcXeC5AKqGc2891IJ-1ZTb_xMl6KOyqnD75aRrnz_HqNNI9u09rY9buedOg3oz6zY6q75YmTJyARitSngdI4M0TtLWCCambxZJNgZGQMzIIgPVoIn0ZKF1fsDUhg2Ww:1rrKcP:Mfs7GwQUhEp0XZ0oRI10KZ1uKte_piQ_xQEc9KSV9As','2024-04-15 16:34:45.448691'),('diehyrqks2jp7w9b5dkial14dfe5z3ox','.eJxVizsOwjAQRO_iGkVe_FtTwhmorfXGKyMESDiuEHdPIrmAakYz731Uor7U1Ft5p9usTgrU4XfLxPfy3I_RppFtuvS2vB7XjToP6M-s1OqmWRGHpgB5IECPGKNgcCYIayuZjQ5FwPgQvGQXydF8RGGrDcci6NV3BS4RNUs:1rqJ69:K5h0B13fbXb_dJ74AG0KSUmiI-teq_2aJS_veyUM1To','2024-04-12 20:45:13.733510'),('dk8g0a8y43wr6znb536drput1focrpn9','.eJxVi8EOwiAQRP-Fs2kWui3g0X6DZwK7bDBGTaScTP-9NeGgp5nMvPdRIba1hFbzO9xYnZVWp98tRbrn5_fobehZh6XV9fW4HtSlQ39mibUcmkENZoQk0XnKRMAyWpzZTZ4EgRGBHM7CGqwVk5H9pNmK1xhtIqO2HTUCNVE:1rN60k:NoKQ0uAORmIYVdMiWnbAYVAd0O_J14o-UPnvVHrTvcA','2024-01-23 06:54:54.602472'),('dmhumo2ktqpy2umcd3mio3ezyv3fbaxg','.eJxVizsOwjAQRO_iGkXxP0tJzkBtrde7MkKAhOMKcXeC5AKqGc2891IJ-1ZTb_xMl6KOyqnD75aRrnz_HqNNI9u09rY9buedOg3oz6zY6q75YmTJyARitSngdI4M0TtLWCCambxZJNgZGQMzIIgPVoIn0ZKF1fsDUhg2Ww:1rnIn1:MPndj7uV2cohE2PwfZ2PHNwSyao4MJRknPyBzp6Y6KQ','2024-04-04 13:49:03.445171'),('dmpohp848bznihyn5utps6achtg0wcd3','.eJxVizsOwjAQRO_iGkVe_FtTwhmorfXGKyMESDiuEHdPIrmAakYz731Uor7U1Ft5p9usTgrU4XfLxPfy3I_RppFtuvS2vB7XjToP6M-s1OqmWRGHpgB5IECPGKNgcCYIayuZjQ5FwPgQvGQXydF8RGGrDcci6NV3BS4RNUs:1rnLNS:tr82tx5cnDXtGKkaSWkhmn1fE91knFZoPDAorSaN9zQ','2024-04-04 16:34:50.395355'),('dr74ssjnood97lylh6jwzbxz35b94yh5','.eJxVizsOwjAQRO_iGkXxP0tJzkBtrde7MkKAhOMKcXeC5AKqGc2891IJ-1ZTb_xMl6KOyqnD75aRrnz_HqNNI9u09rY9buedOg3oz6zY6q75YmTJyARitSngdI4M0TtLWCCambxZJNgZGQMzIIgPVoIn0ZKF1fsDUhg2Ww:1rpqPi:nZSed8FZQBuKAs03PojHyoBnhfmdQ6eg5rWbLY2FKV0','2024-04-11 14:07:30.273620'),('e1fyqb48x59mxyqpjeffk755j3bnc3yq','.eJxVi0EOwiAURO_y16bhFyrg0p7BNRkKPxijJlJWxrvbJix0NZOZ994U0NYSWs2vcE10IqbD7xax3PJjP3obetZhbnV93i8bde7Qn1lQy6ZNfJxGrVP2ehFEWCTjIMjaJQOjNDDuU1TeQhJsjoADOxbFVjx9vl5SNoo:1rBuFf:uuS63MRkTBB8I0qa_Wcgaf7S3MDVf5B1JEuh1ZEvfb4','2023-12-23 10:08:03.522936'),('e1yc3be7xhmdh4r4eq6vxt667usss473','.eJxVizsOwjAQRO_iGkVeJ_5RkjNQW7vrjYwQIOG4QtwdI7mAakbz3rxUwraX1Ko80yWrowKnDr8jIV_l_iWjTSPrtLa6P27nbp2G9PcsWEu_oUSTLQhwJNwIEfwcggsaspdI1vPMCwaGvGkjkokNgV10p0joUL0_hy027w:1rU6WE:F1rGB5BRoh3MpmO-IQC8ayuPCyVw88yjGHhISQc11oY','2024-02-11 14:52:22.397266'),('e3j5cviaen5hm0gogplws1kabrtrb1uz','.eJxVi0EOwiAURO_y16bhFyrg0p7BNRkKPxijJlJWxrvbJix0NZOZ994U0NYSWs2vcE10IqbD7xax3PJjP3obetZhbnV93i8bde7Qn1lQy6ZNfJxGrVP2ehFEWCTjIMjaJQOjNDDuU1TeQhJsjoADOxbFVjx9vl5SNoo:1rG013:KYxzkml7WyCr8X7XA-mW72MsKrP9cCWm0Q63BGvPu78','2024-01-03 17:05:53.810610'),('e3m3ylxa0ds98er3obwr9jnxytf5jvti','.eJxVi0EOwiAURO_y16bhFyrg0p7BNRkKPxijJlJWxrvbJix0NZOZ994U0NYSWs2vcE10IqbD7xax3PJjP3obetZhbnV93i8bde7Qn1lQy6ZNfJxGrVP2ehFEWCTjIMjaJQOjNDDuU1TeQhJsjoADOxbFVjx9vl5SNoo:1rE48l:vS_MivIvoqccL41Izp0HG7LinFqAnfvjGpz2JYoZWh4','2023-12-29 09:05:51.769537'),('e4dkil461fragxstu3kccp7lry2bf552','.eJxVizsOwjAQRO_iGkVeJ_5RkjNQW7vrjYwQIOG4QtwdI7mAakbz3rxUwraX1Ko80yWrowKnDr8jIV_l_iWjTSPrtLa6P27nbp2G9PcsWEu_oUSTLQhwJNwIEfwcggsaspdI1vPMCwaGvGkjkokNgV10p0joUL0_hy027w:1rWG8A:VyO0OSZgjRDLyi__12-B7_LgvzjsAiXHyzYarSPvVbc','2024-02-17 13:32:26.621105'),('e4uc21jua3ifwuj632h9owe9c4uxhgsx','.eJxVi7EOAiEQRP-F2lxY2IPF0vsGa7LsQTBGTeSojP_umVBoNZOZ914qct9q7C0_42VVRwVOHX7HxHLN9-8z2jSyTUtv2-N23qnTgP7Myq3umnV2Zu0NYSYTRDIYYY1sCgRw4mZPxRNoEijJ4eotopFSgmWrmZJ6fwA9YTT0:1rrKd1:KJMONVk7uYkta8Js1JeDqKTHGTVo9c3mb2ZcB4tLl4g','2024-04-15 16:35:23.447230'),('e52i0gn390wsgphar4ypti5th1ljy8i7','.eJxVizsOwjAQRO_iGkXxP0tJzkBtrde7MkKAhOMKcXeC5AKqGc2891IJ-1ZTb_xMl6KOyqnD75aRrnz_HqNNI9u09rY9buedOg3oz6zY6q75YmTJyARitSngdI4M0TtLWCCambxZJNgZGQMzIIgPVoIn0ZKF1fsDUhg2Ww:1rpqWM:ONLQuoOzW33yFHLCj99_5X8ton9Op7rCyaTwFVHgSEg','2024-04-11 14:14:22.238656'),('e5auzys1bz6bnt9mt8k9i6j7ctrcwct8','.eJxVizsOwjAQRO_iGkXxP0tJzkBtrde7MkKAhOMKcXeC5AKqGc2891IJ-1ZTb_xMl6KOyqnD75aRrnz_HqNNI9u09rY9buedOg3oz6zY6q75YmTJyARitSngdI4M0TtLWCCambxZJNgZGQMzIIgPVoIn0ZKF1fsDUhg2Ww:1rrKX3:R7w3jUfTbWKlsYZkwTGwtI0Y49BUSVsnE6CsUR9mhzI','2024-04-15 16:29:13.484775'),('e6ikwfeuan8lt3jcmxmb7is3igeyajm7','.eJxVizsOwjAQRO_iGkXxP0tJzkBtrde7MkKAhOMKcXeC5AKqGc2891IJ-1ZTb_xMl6KOyqnD75aRrnz_HqNNI9u09rY9buedOg3oz6zY6q75YmTJyARitSngdI4M0TtLWCCambxZJNgZGQMzIIgPVoIn0ZKF1fsDUhg2Ww:1rrku6:i76EsoRSHvxj_zPXrRBI3RSbV446GxYfFesHXnwFGvQ','2024-04-16 20:38:46.286687'),('e70papuvmjwm27bmx6yfvwbd7639vop2','.eJxVi7EOAiEQRP-F2lzg2FvA0vsGa8KySzBGTeSojP_umVBoNZOZ914qpr7V2Js844XVUYE6_G6U8lXu32O0aWSb1t62x-28U6cB_Zk1tbprgRw5yQV5YchZmCwKWiDwYZ6XwMGTAzaMhdFY0oWMBky6oATOXr0_YcA2KA:1rI7in:COTlmT4IgsXT7kEujqMFdGu2DLRj5PdpnwXsoOW2sa8','2024-01-09 13:43:49.405547'),('e78hf1n6vklaa7z3eii6tahpflud93u1','.eJxVi7EOAiEQRP-F2lzg2FvA0vsGa8KySzBGTeSojP_umVBoNZOZ914qpr7V2Js844XVUYE6_G6U8lXu32O0aWSb1t62x-28U6cB_Zk1tbprgRw5yQV5YchZmCwKWiDwYZ6XwMGTAzaMhdFY0oWMBky6oATOXr0_YcA2KA:1rGIs5:Mg4BprtqIJ90bHj5NPBA1SXkedDRnqcBenp7Npk9ark','2024-01-04 13:13:53.255428'),('e8i690tixdd5tpp3w6nm487ml1jtrrsn','.eJxVi7EOAiEQRP-F2lzg2FvA0vsGa8KySzBGTeSojP_umVBoNZOZ914qpr7V2Js844XVUYE6_G6U8lXu32O0aWSb1t62x-28U6cB_Zk1tbprgRw5yQV5YchZmCwKWiDwYZ6XwMGTAzaMhdFY0oWMBky6oATOXr0_YcA2KA:1rKztB:g9WcJVS7wKX-DZ8orn64tUHUeuPOrxZQETHIxBMfcE0','2024-01-17 11:58:25.800179'),('ean2krl7kh4tlnlbzcg1kzu5xcs8oz3y','.eJxVi7EOAiEQRP-F2lzg2FvA0vsGa8KySzBGTeSojP_umVBoNZOZ914qpr7V2Js844XVUYE6_G6U8lXu32O0aWSb1t62x-28U6cB_Zk1tbprgRw5yQV5YchZmCwKWiDwYZ6XwMGTAzaMhdFY0oWMBky6oATOXr0_YcA2KA:1rJoti:gtJQqypM26SYZ5UHoyU8Ekt45XrDRQzO1Tal0IT7JKs','2024-01-14 08:02:06.061498'),('ed2z0j3176djluqdovxmbddqcopjslc9','.eJxVi7EOAiEQRP-F2lzg2FvA0vsGa8KySzBGTeSojP_umVBoNZOZ914qpr7V2Js844XVUYE6_G6U8lXu32O0aWSb1t62x-28U6cB_Zk1tbprgRw5yQV5YchZmCwKWiDwYZ6XwMGTAzaMhdFY0oWMBky6oATOXr0_YcA2KA:1rJdjJ:K0xOtUlOAoSpvACGkDMf3IyVJdNozT8t89dMwsPLRfo','2024-01-13 20:06:37.298582'),('ed7ln98jb8k7ypjeuuhxxxc6155peub0','.eJxVi0EOwiAURO_y16bhFyrg0p7BNRkKPxijJlJWxrvbJix0NZOZ994U0NYSWs2vcE10IqbD7xax3PJjP3obetZhbnV93i8bde7Qn1lQy6ZNfJxGrVP2ehFEWCTjIMjaJQOjNDDuU1TeQhJsjoADOxbFVjx9vl5SNoo:1rDWZR:5V5SPZd-h6dmpbhIDp7tKnxksk48olHuzeOczOc6RYo','2023-12-27 21:15:09.573292'),('efqlx0i6o1cdh2wrfh9hn60pt2socy79','.eJxVizsOwjAQRO_iGkXxP0tJzkBtrde7MkKAhOMKcXeC5AKqGc2891IJ-1ZTb_xMl6KOyqnD75aRrnz_HqNNI9u09rY9buedOg3oz6zY6q75YmTJyARitSngdI4M0TtLWCCambxZJNgZGQMzIIgPVoIn0ZKF1fsDUhg2Ww:1rhQPT:KR0Sef8ZlPlqknnOUNYLtRKuZ0OXSb_u0pcp-GD4VVo','2024-03-19 08:44:27.615752'),('eg32j7rcrvtccxxq8h9tnkg43gykhfej','.eJxVi0EOwiAURO_y16bhFyrg0p7BNRkKPxijJlJWxrvbJix0NZOZ994U0NYSWs2vcE10IqbD7xax3PJjP3obetZhbnV93i8bde7Qn1lQy6ZNfJxGrVP2ehFEWCTjIMjaJQOjNDDuU1TeQhJsjoADOxbFVjx9vl5SNoo:1rFv8P:dkpfp-YP33XeO8wYG3fh9KFwG97uUMYY-lhSOuXPOrs','2024-01-03 11:53:09.862597'),('el82i9gt1g8ww7lnaozqgjw1piy08cg4','.eJxVi0EOwiAURO_y16bhFyrg0p7BNRkKPxijJlJWxrvbJix0NZOZ994U0NYSWs2vcE10IqbD7xax3PJjP3obetZhbnV93i8bde7Qn1lQy6ZNfJxGrVP2ehFEWCTjIMjaJQOjNDDuU1TeQhJsjoADOxbFVjx9vl5SNoo:1rIVAl:PAp8UoRKhD9gTE0Qj_jgsiL5EvMZs9VgBRrn4WbGwio','2024-01-10 14:46:15.379007'),('emu67cp8b4myhcn41uaf7jzvbjexy3u6','.eJxVi0EOwiAURO_y16bhFyrg0p7BNRkKPxijJlJWxrvbJix0NZOZ994U0NYSWs2vcE10IqbD7xax3PJjP3obetZhbnV93i8bde7Qn1lQy6ZNfJxGrVP2ehFEWCTjIMjaJQOjNDDuU1TeQhJsjoADOxbFVjx9vl5SNoo:1rG1ka:J-x2raDMJMk3jAu5sfP4NspLN6n3YtRXqOWozLCxDFU','2024-01-03 18:57:00.871494'),('enm5q20g5mfah9vx5gev7codmj0z4tkk','e30:1rGInl:jNrOwzPqz5jCxulOpMRIqnzPTB6O447bpNdMvRfWsQg','2024-01-04 13:09:25.608040'),('ensxaq0wetzvxsilne5prazhhozlstmw','.eJxVizsOwjAQRO_iGkXxP0tJzkBtrde7MkKAhOMKcXeC5AKqGc2891IJ-1ZTb_xMl6KOyqnD75aRrnz_HqNNI9u09rY9buedOg3oz6zY6q75YmTJyARitSngdI4M0TtLWCCambxZJNgZGQMzIIgPVoIn0ZKF1fsDUhg2Ww:1rncgd:mQbPiKcyQjyQ-xyC83DXIFvmHaHQr9JEIN_l0IwU-Jw','2024-04-05 11:03:47.123558'),('eoc16qfgfwdmx9gwnfkpho94bnawzu09','.eJxVi0EOwiAURO_y16bhFyrg0p7BNRkKPxijJlJWxrvbJix0NZOZ994U0NYSWs2vcE10IqbD7xax3PJjP3obetZhbnV93i8bde7Qn1lQy6ZNfJxGrVP2ehFEWCTjIMjaJQOjNDDuU1TeQhJsjoADOxbFVjx9vl5SNoo:1rE4PQ:ptuFzi3oiAAX62YoVwkj8v6o82QpuSdmddh-H4Iz5Ys','2023-12-29 09:23:04.684100'),('eop5i3nybfj41y50w84efjuarzwol6di','.eJxVi0EOwiAURO_y16bhFyrg0p7BNRkKPxijJlJWxrvbJix0NZOZ994U0NYSWs2vcE10IqbD7xax3PJjP3obetZhbnV93i8bde7Qn1lQy6ZNfJxGrVP2ehFEWCTjIMjaJQOjNDDuU1TeQhJsjoADOxbFVjx9vl5SNoo:1rFtBE:k2z_AVhNwPQiRG4uJaENHgdcQTTZag0B3GLZllYfWc0','2024-01-03 09:47:56.849836'),('eq6d8anbm9t5vrfcsqnk1nuypu2pnp0i','.eJxVizsOwjAQRO_iGkXxP0tJzkBtrde7MkKAhOMKcXeC5AKqGc2891IJ-1ZTb_xMl6KOyqnD75aRrnz_HqNNI9u09rY9buedOg3oz6zY6q75YmTJyARitSngdI4M0TtLWCCambxZJNgZGQMzIIgPVoIn0ZKF1fsDUhg2Ww:1rokpj:hkBKtQxIcmE0DlBw4g1NAnmBhi7IDijX2zZR4DcMChM','2024-04-08 13:57:51.325753'),('eqjo3g1nk2fdrh5hwtbcinehiglf7gct','.eJxVizsOwjAQRO_iGkXxP0tJzkBtrde7MkKAhOMKcXeC5AKqGc2891IJ-1ZTb_xMl6KOyqnD75aRrnz_HqNNI9u09rY9buedOg3oz6zY6q75YmTJyARitSngdI4M0TtLWCCambxZJNgZGQMzIIgPVoIn0ZKF1fsDUhg2Ww:1rt8kt:WHZh8y7lt4X9Q_0ph04xcaIdChg7_6xyKEl2GqTPQSQ','2024-04-20 16:18:59.351574'),('ewt3cqdsntiaxbsnx5hjqbmb4gbydlia','.eJxVi0EOwiAURO_y16bhFyrg0p7BNRkKPxijJlJWxrvbJix0NZOZ994U0NYSWs2vcE10IqbD7xax3PJjP3obetZhbnV93i8bde7Qn1lQy6ZNfJxGrVP2ehFEWCTjIMjaJQOjNDDuU1TeQhJsjoADOxbFVjx9vl5SNoo:1rFZb0:C5x772GrW0BukIrMvjVN_Ie1mdm76COcxkoiwb3wa7Q','2024-01-02 12:53:14.774908'),('exlhd7y5p51ekmvyu9i4qnchriqu6d5j','.eJxVi0EOwiAURO_y16bhFyrg0p7BNRkKPxijJlJWxrvbJix0NZOZ994U0NYSWs2vcE10IqbD7xax3PJjP3obetZhbnV93i8bde7Qn1lQy6ZNfJxGrVP2ehFEWCTjIMjaJQOjNDDuU1TeQhJsjoADOxbFVjx9vl5SNoo:1rDPUs:MRsxBepcE1kAyTyCu49xUMXyx2SoTpkUO_VI3A9UMzs','2023-12-27 13:41:58.817528'),('ezhwxua3z6w9fko197ntm2di7kdtdkij','.eJxVi0EOwiAURO_y16bhFyrg0p7BNRkKPxijJlJWxrvbJix0NZOZ994U0NYSWs2vcE10IqbD7xax3PJjP3obetZhbnV93i8bde7Qn1lQy6ZNfJxGrVP2ehFEWCTjIMjaJQOjNDDuU1TeQhJsjoADOxbFVjx9vl5SNoo:1rIouP:hKrHMWiS2Snl3IFl3_shIUpf34V7WXuc0B0uCLiJ_xQ','2024-01-11 13:50:41.541749'),('f29vv1j1nfvdsh1tcfj6r81iwl4jwiyk','.eJxVi7EOAiEQRP-F2lzg2FvA0vsGa8KySzBGTeSojP_umVBoNZOZ914qpr7V2Js844XVUYE6_G6U8lXu32O0aWSb1t62x-28U6cB_Zk1tbprgRw5yQV5YchZmCwKWiDwYZ6XwMGTAzaMhdFY0oWMBky6oATOXr0_YcA2KA:1rJdO4:X9a2ar8Tek2njTXkXyBK75Ol6g3d-XDRFmhI84XiDvM','2024-01-13 19:44:40.426830'),('f35xme273msxkq1fb2i2sjmq6l3dz4mv','.eJxVizsOwjAQRO_iGkVeJ_5RkjNQW7vrjYwQIOG4QtwdI7mAakbz3rxUwraX1Ko80yWrowKnDr8jIV_l_iWjTSPrtLa6P27nbp2G9PcsWEu_oUSTLQhwJNwIEfwcggsaspdI1vPMCwaGvGkjkokNgV10p0joUL0_hy027w:1rWGaO:Mw_e-ge5AJyzZsrxNzsq9KW2ir8W01zYgDEOwZjoIjQ','2024-02-17 14:01:36.958721'),('f3zbf1ruay8hjucr6to9znjid09vtvto','.eJxVizsOwjAQRO_iGkVeJ_5RkjNQW7vrjYwQIOG4QtwdI7mAakbz3rxUwraX1Ko80yWrowKnDr8jIV_l_iWjTSPrtLa6P27nbp2G9PcsWEu_oUSTLQhwJNwIEfwcggsaspdI1vPMCwaGvGkjkokNgV10p0joUL0_hy027w:1rXdo4:5nOtttG9RxC4OAQQqrb9FS3xNtI6yd2iPY5jLC8jEsU','2024-02-21 09:01:24.324363'),('f6zwgkxk672n0s4n62446eoorwung7s1','.eJxVizsOwjAQRO_iGkXxP0tJzkBtrde7MkKAhOMKcXeC5AKqGc2891IJ-1ZTb_xMl6KOyqnD75aRrnz_HqNNI9u09rY9buedOg3oz6zY6q75YmTJyARitSngdI4M0TtLWCCambxZJNgZGQMzIIgPVoIn0ZKF1fsDUhg2Ww:1rqIsC:_f1I4aQ8siun3-1XhV4xcsI2dvSnb5vlCLdZwZrsaAY','2024-04-12 20:30:48.689262'),('fbq0ew74z826hwaia243kr30qwomo3np','.eJxVi0EOwiAURO_y16bhFyrg0p7BNRkKPxijJlJWxrvbJix0NZOZ994U0NYSWs2vcE10IqbD7xax3PJjP3obetZhbnV93i8bde7Qn1lQy6ZNfJxGrVP2ehFEWCTjIMjaJQOjNDDuU1TeQhJsjoADOxbFVjx9vl5SNoo:1rFv8W:B7jgLttkQ-U39KaYqgOGxtCFqedLiuIKPqbqwnyNh5E','2024-01-03 11:53:16.056612'),('fhsorri2ni2fpt1pl11owm1qicgke5iz','.eJxVi7EOAiEQRP-F2lzg2FvA0vsGa8KySzBGTeSojP_umVBoNZOZ914qpr7V2Js844XVUYE6_G6U8lXu32O0aWSb1t62x-28U6cB_Zk1tbprgRw5yQV5YchZmCwKWiDwYZ6XwMGTAzaMhdFY0oWMBky6oATOXr0_YcA2KA:1rHK1f:Ozg32z7-o1Xpalg-NeS-WgkRUYYKq4fTlvscY2fIfDg','2024-01-07 08:39:59.942179'),('fnmy4iep06x39q1xfcuxjz31myozba0a','.eJxVi7EOAiEQRP-F2lzg2FvA0vsGa8KySzBGTeSojP_umVBoNZOZ914qpr7V2Js844XVUYE6_G6U8lXu32O0aWSb1t62x-28U6cB_Zk1tbprgRw5yQV5YchZmCwKWiDwYZ6XwMGTAzaMhdFY0oWMBky6oATOXr0_YcA2KA:1rIOJE:SqaECaH9xD2desE1pyjEAEcBVoROAqAemzymIRz-FxQ','2024-01-10 07:26:32.307340'),('fq8t03uozxrjksm932za9nzopusqinj6','.eJxVizsOwjAQRO_iGkVe_FtTwhmorfXGKyMESDiuEHdPIrmAakYz731Uor7U1Ft5p9usTgrU4XfLxPfy3I_RppFtuvS2vB7XjToP6M-s1OqmWRGHpgB5IECPGKNgcCYIayuZjQ5FwPgQvGQXydF8RGGrDcci6NV3BS4RNUs:1rqJDG:i-dyzekqtax531RPJI1FggYiORTXZTlKJodEl0mc574','2024-04-12 20:52:34.106432'),('fr29bjd0d7sddwqmga9dytl0z6co6x0r','.eJxVizsOwjAQRO_iGkXxP0tJzkBtrde7MkKAhOMKcXeC5AKqGc2891IJ-1ZTb_xMl6KOyqnD75aRrnz_HqNNI9u09rY9buedOg3oz6zY6q75YmTJyARitSngdI4M0TtLWCCambxZJNgZGQMzIIgPVoIn0ZKF1fsDUhg2Ww:1roJHk:OXRubDM7x8rkb5j2Sdng-b1BHvFOcig2mghB11jgYws','2024-04-07 08:32:56.201815'),('fsfttsivizuuq1rv5n41uttbbi9c3t75','.eJxVizsOwjAQRO_iGkXxP0tJzkBtrde7MkKAhOMKcXeC5AKqGc2891IJ-1ZTb_xMl6KOyqnD75aRrnz_HqNNI9u09rY9buedOg3oz6zY6q75YmTJyARitSngdI4M0TtLWCCambxZJNgZGQMzIIgPVoIn0ZKF1fsDUhg2Ww:1rqIyP:TuvMMixMgr4zlPqk4Mqeqjq4Z08dPQ2CrJKZaJpJlhU','2024-04-12 20:37:13.178863'),('fts8yk79f3rlye2ttl3aziyy7502ksug','.eJxVizsOwjAQRO_iGkXxP0tJzkBtrde7MkKAhOMKcXeC5AKqGc2891IJ-1ZTb_xMl6KOyqnD75aRrnz_HqNNI9u09rY9buedOg3oz6zY6q75YmTJyARitSngdI4M0TtLWCCambxZJNgZGQMzIIgPVoIn0ZKF1fsDUhg2Ww:1rr56b:FlLTGvZLennWZYRSD6VBT9_QKV29Sedo5D3XEJk3Asg','2024-04-15 00:00:53.324915'),('fwpodiig6xo8y05g2vbqrwlguzakxkqz','.eJxVizsOwjAQRO_iGkVeJ_5RkjNQW7vrjYwQIOG4QtwdI7mAakbz3rxUwraX1Ko80yWrowKnDr8jIV_l_iWjTSPrtLa6P27nbp2G9PcsWEu_oUSTLQhwJNwIEfwcggsaspdI1vPMCwaGvGkjkokNgV10p0joUL0_hy027w:1rXilM:3u6TLFmsHC-l9II5OXIPd5yTYuM3b0lQVYn_OKbZFpo','2024-02-21 14:18:56.524733'),('fx0d8d4od7uzbapr8snae9nqnyzk9m81','.eJxVi0EOwiAURO_y16bhFyrg0p7BNRkKPxijJlJWxrvbJix0NZOZ994U0NYSWs2vcE10IqbD7xax3PJjP3obetZhbnV93i8bde7Qn1lQy6ZNfJxGrVP2ehFEWCTjIMjaJQOjNDDuU1TeQhJsjoADOxbFVjx9vl5SNoo:1rDWGM:Eee6OAAN9vFOyR03mVrW-iyWrpSkKXpHllcmOYjzU0E','2023-12-27 20:55:26.755624'),('fxdjhunezzlar38lxf49vphhbamykpyp','.eJxVi0EOwiAURO_y16bhFyrg0p7BNRkKPxijJlJWxrvbJix0NZOZ994U0NYSWs2vcE10IqbD7xax3PJjP3obetZhbnV93i8bde7Qn1lQy6ZNfJxGrVP2ehFEWCTjIMjaJQOjNDDuU1TeQhJsjoADOxbFVjx9vl5SNoo:1rFur3:IvmcO3KKV_UMlYjWQW2sCU58GrtkCARBaWFEjky7txE','2024-01-03 11:35:13.215887'),('fyh7jdemmp6av0ktkkkwnwcpd768xsv5','.eJxVizsOwjAQRO_iGkXxP0tJzkBtrde7MkKAhOMKcXeC5AKqGc2891IJ-1ZTb_xMl6KOyqnD75aRrnz_HqNNI9u09rY9buedOg3oz6zY6q75YmTJyARitSngdI4M0TtLWCCambxZJNgZGQMzIIgPVoIn0ZKF1fsDUhg2Ww:1rrOaR:iPK1SgCvRaS5EWZ3FHsP_NLZX8-zylGrw-sRLMsvQ6w','2024-04-15 20:48:59.099430'),('g2qn2vnfrs9ad334p1p6p8lz2wnp3x9y','.eJxVi0EOwiAURO_y16bhFyrg0p7BNRkKPxijJlJWxrvbJix0NZOZ994U0NYSWs2vcE10IqbD7xax3PJjP3obetZhbnV93i8bde7Qn1lQy6ZNfJxGrVP2ehFEWCTjIMjaJQOjNDDuU1TeQhJsjoADOxbFVjx9vl5SNoo:1rFtws:0xo2a4JwYHnG4HbXbJXJT3hrU1sIFBEXUMoc7I9thDo','2024-01-03 10:37:10.358060'),('g3a8m5oafvct51pvsu8r69hfg6i99nzq','.eJxVizsOwjAQRO_iGkVeJ_5RkjNQW7vrjYwQIOG4QtwdI7mAakbz3rxUwraX1Ko80yWrowKnDr8jIV_l_iWjTSPrtLa6P27nbp2G9PcsWEu_oUSTLQhwJNwIEfwcggsaspdI1vPMCwaGvGkjkokNgV10p0joUL0_hy027w:1rWFei:y4Gk3FIoFCtcckam6sLgQftV78k6lBz3JzDTYWkaiiU','2024-02-17 13:02:00.297669'),('g56zqwu1n9noazm6cpnom70cz97k0m05','.eJxVizsOwjAQRO_iGkXxP0tJzkBtrde7MkKAhOMKcXeC5AKqGc2891IJ-1ZTb_xMl6KOyqnD75aRrnz_HqNNI9u09rY9buedOg3oz6zY6q75YmTJyARitSngdI4M0TtLWCCambxZJNgZGQMzIIgPVoIn0ZKF1fsDUhg2Ww:1rqCbl:ONgk9WXqI6joOzwP3jDnWiN4isXmZXjhYCvEDaY8ylE','2024-04-12 13:49:25.501424'),('g5dlcr7faffgoxh1w2smyqte8ujzum2k','.eJxVizsOwjAQRO_iGkXxP0tJzkBtrde7MkKAhOMKcXeC5AKqGc2891IJ-1ZTb_xMl6KOyqnD75aRrnz_HqNNI9u09rY9buedOg3oz6zY6q75YmTJyARitSngdI4M0TtLWCCambxZJNgZGQMzIIgPVoIn0ZKF1fsDUhg2Ww:1rsrjz:wsZe3aQaMvt0LHK1kB6cJ0q-Vswec3BVAKTG5Fjw5QY','2024-04-19 22:08:55.192225'),('g8jxfbhuyddbqpgqd6u7jat2bfqnfyxe','.eJxVizsOwjAQRO_iGkVe_FtTwhmorfXGKyMESDiuEHdPIrmAakYz731Uor7U1Ft5p9usTgrU4XfLxPfy3I_RppFtuvS2vB7XjToP6M-s1OqmWRGHpgB5IECPGKNgcCYIayuZjQ5FwPgQvGQXydF8RGGrDcci6NV3BS4RNUs:1riLkJ:7LlUIoaVuI708mLitwoquS83-HYtHzqEnmIhCBZQ05M','2024-03-21 21:57:47.665083'),('gbew101i5tuly28xuvc1txsjxe85myhn','.eJxVi0EOwiAURO_y16bhFyrg0p7BNRkKPxijJlJWxrvbJix0NZOZ994U0NYSWs2vcE10IqbD7xax3PJjP3obetZhbnV93i8bde7Qn1lQy6ZNfJxGrVP2ehFEWCTjIMjaJQOjNDDuU1TeQhJsjoADOxbFVjx9vl5SNoo:1rDWDx:8Q1-2QlBKNDZP3anV1qeIcHwAbxQ_XyS9PbQRVUqQqI','2023-12-27 20:52:57.069574'),('gcvts91f0lot1ob4bbtxq77hd8xdwsfq','.eJxVi7EOAiEQRP-F2lxY2IPF0vsGa7LsQTBGTeSojP_umVBoNZOZ914qct9q7C0_42VVRwVOHX7HxHLN9-8z2jSyTUtv2-N23qnTgP7Myq3umnV2Zu0NYSYTRDIYYY1sCgRw4mZPxRNoEijJ4eotopFSgmWrmZJ6fwA9YTT0:1rrKXM:G79pwr2aC7aR07JhqsNmYGo9hSpsdblnSXoXbXrb0oY','2024-04-15 16:29:32.208458'),('gggklish8xqh912xi4fa6ozfwip7kdwu','.eJxVizsOwjAQRO_iGkVe_FtTwhmorfXGKyMESDiuEHdPIrmAakYz731Uor7U1Ft5p9usTgrU4XfLxPfy3I_RppFtuvS2vB7XjToP6M-s1OqmWRGHpgB5IECPGKNgcCYIayuZjQ5FwPgQvGQXydF8RGGrDcci6NV3BS4RNUs:1rq9FD:CdHvu2Bw-UsbhlV3Rf3-d5ETNtSoC1ZV1MFOxAqP3-g','2024-04-12 10:13:55.758061'),('gk1stp7t5ezb6i6kuvsqqj68giw74udv','.eJxVi7EOAiEQRP-F2ly4O2AXS-8brAm7C8EYNZGjMv67mFBoNZOZ914qxLaX0Gp6houoozKoDr8jRb6m-_cZbRpZp63V_XE7d-o0oD-zxFq6hkToQAMgsrBZMxEI2KxxFU8YvZ55MX2QxSNk8pa9cSjG5jm5ROr9AWO6Nb4:1rrLAQ:BE2tfROECX60F8zoYfJs0VV2tH10-MaTii_vhs2VBck','2024-04-15 17:09:54.638279'),('gmnwbfc3yrorchxq5hecvnmrpvevcwdb','.eJxVizsOwjAQRO_iGkXxP0tJzkBtrde7MkKAhOMKcXeC5AKqGc2891IJ-1ZTb_xMl6KOyqnD75aRrnz_HqNNI9u09rY9buedOg3oz6zY6q75YmTJyARitSngdI4M0TtLWCCambxZJNgZGQMzIIgPVoIn0ZKF1fsDUhg2Ww:1rnP7I:jJpjqsJHyZSD4xei_f4nSzF7BDmMXEomWtGzYuxYyMI','2024-04-04 20:34:24.930815'),('grhihv3rjekzpsir8t1sldjecja0o8pw','.eJxVizsOwjAQRO_iGkXxP0tJzkBtrde7MkKAhOMKcXeC5AKqGc2891IJ-1ZTb_xMl6KOyqnD75aRrnz_HqNNI9u09rY9buedOg3oz6zY6q75YmTJyARitSngdI4M0TtLWCCambxZJNgZGQMzIIgPVoIn0ZKF1fsDUhg2Ww:1riCXz:hnk2SlrIQlaeYJlxu6hh5w41oZfYDa5BfgDTo-zcsYE','2024-03-21 12:08:27.230539'),('grkzm9wnkgpnw94g6ts6oww1h4x5eqjf','.eJxVi7EOAiEQRP-F2lxY2IPF0vsGa7LsQTBGTeSojP_umVBoNZOZ914qct9q7C0_42VVRwVOHX7HxHLN9-8z2jSyTUtv2-N23qnTgP7Myq3umnV2Zu0NYSYTRDIYYY1sCgRw4mZPxRNoEijJ4eotopFSgmWrmZJ6fwA9YTT0:1rnEbV:uKXaAxbarz4NuNVZRKQxRnqOuGzob-mwelMY_WcxMB0','2024-04-04 09:20:53.643625'),('gx3jzhhhyuizp0fbv52xslot6keqgc1w','.eJxVizsOwjAQRO_iGkXxP0tJzkBtrde7MkKAhOMKcXeC5AKqGc2891IJ-1ZTb_xMl6KOyqnD75aRrnz_HqNNI9u09rY9buedOg3oz6zY6q75YmTJyARitSngdI4M0TtLWCCambxZJNgZGQMzIIgPVoIn0ZKF1fsDUhg2Ww:1rr25y:wmwt6X8gLEm7iYZemKkQl_uD59oMofgPoxOgSSKC324','2024-04-14 20:48:02.750555'),('gzr4lddw0aqobd417z7p2ezj66i2qx1h','.eJxVizsOwjAQRO_iGkXxP0tJzkBtrde7MkKAhOMKcXeC5AKqGc2891IJ-1ZTb_xMl6KOyqnD75aRrnz_HqNNI9u09rY9buedOg3oz6zY6q75YmTJyARitSngdI4M0TtLWCCambxZJNgZGQMzIIgPVoIn0ZKF1fsDUhg2Ww:1rqJ8X:VzZp4XvNMM-9nzoh8NcEPIsgBUkWPqC7IhRUzdyQrjk','2024-04-12 20:47:41.437508'),('h3bln0fh6fkir86gyiposxjexnixojus','.eJxVi0EOwiAURO_y16bhFyrg0p7BNRkKPxijJlJWxrvbJix0NZOZ994U0NYSWs2vcE10IqbD7xax3PJjP3obetZhbnV93i8bde7Qn1lQy6ZNfJxGrVP2ehFEWCTjIMjaJQOjNDDuU1TeQhJsjoADOxbFVjx9vl5SNoo:1rFv3g:VT5FGEOlcLRaNzKl4BfWb_lhQ3iMqpqc-YIEpqLMqh8','2024-01-03 11:48:16.017027'),('h56crs1oc3kp02isbqr06waze2cgd8yu','.eJxVizsOwjAQRO_iGkXxP0tJzkBtrde7MkKAhOMKcXeC5AKqGc2891IJ-1ZTb_xMl6KOyqnD75aRrnz_HqNNI9u09rY9buedOg3oz6zY6q75YmTJyARitSngdI4M0TtLWCCambxZJNgZGQMzIIgPVoIn0ZKF1fsDUhg2Ww:1rnEbc:v-udYpM4u5NN-uAc7XJ2RQJt5KRWBTKFQkFy7yd4sD0','2024-04-04 09:21:00.195960'),('h7k2fgy0w2w1mada0zvnm8cwjup1hq2h','.eJxVizsOwjAQRO_iGkXxP0tJzkBtrde7MkKAhOMKcXeC5AKqGc2891IJ-1ZTb_xMl6KOyqnD75aRrnz_HqNNI9u09rY9buedOg3oz6zY6q75YmTJyARitSngdI4M0TtLWCCambxZJNgZGQMzIIgPVoIn0ZKF1fsDUhg2Ww:1rqW4l:iMCYUeTWhjGIbzyJgjvOp5rqbON7V4CVj67tWmXayM0','2024-04-13 10:36:39.573132'),('h9kusidu4f8j3m1o3k9k09zpn2i0qaxm','.eJxVizsOwjAQRO_iGkXxP0tJzkBtrde7MkKAhOMKcXeC5AKqGc2891IJ-1ZTb_xMl6KOyqnD75aRrnz_HqNNI9u09rY9buedOg3oz6zY6q75YmTJyARitSngdI4M0TtLWCCambxZJNgZGQMzIIgPVoIn0ZKF1fsDUhg2Ww:1rnEWR:ca0CG2X4a79g4LHnIPW8c8Yc_rGczgf0DCPKygbuM5Y','2024-04-04 09:15:39.673211'),('h9sqmk4t9o7b0d4v37artg09d0zctgq5','.eJxVi0EOwiAURO_y16bhFyrg0p7BNRkKPxijJlJWxrvbJix0NZOZ994U0NYSWs2vcE10IqbD7xax3PJjP3obetZhbnV93i8bde7Qn1lQy6ZNfJxGrVP2ehFEWCTjIMjaJQOjNDDuU1TeQhJsjoADOxbFVjx9vl5SNoo:1rFtJ8:5WrjtgdtXuFOonT6yYbJRRL5fCgm05xCaduPxfcFh0g','2024-01-03 09:56:06.371193'),('hcftpbhhvxwn9rj3siof70tk02cj2x1y','.eJxVizsOwjAQRO_iGkXxP0tJzkBtrde7MkKAhOMKcXeC5AKqGc2891IJ-1ZTb_xMl6KOyqnD75aRrnz_HqNNI9u09rY9buedOg3oz6zY6q75YmTJyARitSngdI4M0TtLWCCambxZJNgZGQMzIIgPVoIn0ZKF1fsDUhg2Ww:1rscAW:hVkGuLZsTShGHljdkWiZ8ZkZBZFf-7hentrSjdgNV-Q','2024-04-19 05:31:16.241524'),('hdz2ztso77ed2zwzoekyxxkptv02bsza','.eJxVizsOwjAQRO_iGkVeJ_5RkjNQW7vrjYwQIOG4QtwdI7mAakbz3rxUwraX1Ko80yWrowKnDr8jIV_l_iWjTSPrtLa6P27nbp2G9PcsWEu_oUSTLQhwJNwIEfwcggsaspdI1vPMCwaGvGkjkokNgV10p0joUL0_hy027w:1rWyJD:t0Dpm1Ih329IOeV-ECbURCOspJA3Q1NYvhJwFuFiCNU','2024-02-19 12:42:47.292063'),('heuqyxqxtme384152wdto3asv71xa10k','.eJxVi7EOAiEQRP-F2lzg2FvA0vsGa8KySzBGTeSojP_umVBoNZOZ914qpr7V2Js844XVUYE6_G6U8lXu32O0aWSb1t62x-28U6cB_Zk1tbprgRw5yQV5YchZmCwKWiDwYZ6XwMGTAzaMhdFY0oWMBky6oATOXr0_YcA2KA:1rJ7Pc:evEaTtjoETZwVb4KhoJdrjcQ-rAPkPhZazNQQrhTxlU','2024-01-12 09:36:08.425058'),('hgl2z6yyrgjaxle7f3bh97yh8v0tk3x1','.eJxVizsOwjAQRO_iGkXxP0tJzkBtrde7MkKAhOMKcXeC5AKqGc2891IJ-1ZTb_xMl6KOyqnD75aRrnz_HqNNI9u09rY9buedOg3oz6zY6q75YmTJyARitSngdI4M0TtLWCCambxZJNgZGQMzIIgPVoIn0ZKF1fsDUhg2Ww:1rqW3f:1CNeG25rYuEvdembv2BF3kbAbatBKnbIhAH6FQCFMDc','2024-04-13 10:35:31.731844'),('hjfi97jz9enbpmv3wslp3drt2jqdrkfk','.eJxVizsOwjAQRO_iGkXxP0tJzkBtrde7MkKAhOMKcXeC5AKqGc2891IJ-1ZTb_xMl6KOyqnD75aRrnz_HqNNI9u09rY9buedOg3oz6zY6q75YmTJyARitSngdI4M0TtLWCCambxZJNgZGQMzIIgPVoIn0ZKF1fsDUhg2Ww:1rqJ8C:sLTSKrup0HUNukzs7Wh5cwp2iaI92nTyU8CG4RSobp8','2024-04-12 20:47:20.740991'),('hk3khfnyl06fiedetkw9bchjlwjl0z8k','.eJxVi7EOAiEQRP-F2lxY2IPF0vsGa7LsQTBGTeSojP_umVBoNZOZ914qct9q7C0_42VVRwVOHX7HxHLN9-8z2jSyTUtv2-N23qnTgP7Myq3umnV2Zu0NYSYTRDIYYY1sCgRw4mZPxRNoEijJ4eotopFSgmWrmZJ6fwA9YTT0:1rcUmI:i7yrIHBrGvid6FX8cGeN8o9cHl3NhuNPRoKb5UroKvg','2024-03-05 18:23:38.683145'),('hmj178xckbh7qlomm15dp5q9k1xlg3pp','.eJxVi0EOwiAURO_y16bhFyrg0p7BNRkKPxijJlJWxrvbJix0NZOZ994U0NYSWs2vcE10IqbD7xax3PJjP3obetZhbnV93i8bde7Qn1lQy6ZNfJxGrVP2ehFEWCTjIMjaJQOjNDDuU1TeQhJsjoADOxbFVjx9vl5SNoo:1rFv8S:p9w904-hi1XMaK0dstooqlECiveuw9iC8r5azB8DpX0','2024-01-03 11:53:12.941772'),('hnh0lvimyxjy2r9jpo0tde4kyqazzajq','.eJxVizsOwjAQRO_iGkVe_FtTwhmorfXGKyMESDiuEHdPIrmAakYz731Uor7U1Ft5p9usTgrU4XfLxPfy3I_RppFtuvS2vB7XjToP6M-s1OqmWRGHpgB5IECPGKNgcCYIayuZjQ5FwPgQvGQXydF8RGGrDcci6NV3BS4RNUs:1rqJBR:uaIc3BIKeQI_Oe_PdHPgOkOhIfw--GSWZwtSX2fSxuA','2024-04-12 20:50:41.634633'),('hp4jv8rhzrdrzf1ujyy0er114s9de9nt','.eJxVizsOwjAQRO_iGkVe_FtTwhmorfXGKyMESDiuEHdPIrmAakYz731Uor7U1Ft5p9usTgrU4XfLxPfy3I_RppFtuvS2vB7XjToP6M-s1OqmWRGHpgB5IECPGKNgcCYIayuZjQ5FwPgQvGQXydF8RGGrDcci6NV3BS4RNUs:1riuaP:ZQPyZ8Xd4ozczmnmfoIf5iVXtiesmb2zCdTw5v65Rfk','2024-03-23 11:09:53.307672'),('hv4usdhzltgumfmbo7i4tzkz6lpve6gf','.eJxVi0EOwiAURO_y16bhFyrg0p7BNRkKPxijJlJWxrvbJix0NZOZ994U0NYSWs2vcE10IqbD7xax3PJjP3obetZhbnV93i8bde7Qn1lQy6ZNfJxGrVP2ehFEWCTjIMjaJQOjNDDuU1TeQhJsjoADOxbFVjx9vl5SNoo:1rFtYz:l2Sja3pKPaERVaRM09AfTNVwF_BwUkcgUG65311Wvr8','2024-01-03 10:12:29.567137'),('hxi2xw23rxypwwhvhjyldvi2kuq9zhsu','.eJxVi7EOAiEQRP-F2ly4O2AXS-8brAm7C8EYNZGjMv67mFBoNZOZ914qxLaX0Gp6houoozKoDr8jRb6m-_cZbRpZp63V_XE7d-o0oD-zxFq6hkToQAMgsrBZMxEI2KxxFU8YvZ55MX2QxSNk8pa9cSjG5jm5ROr9AWO6Nb4:1rrjkH:abGDR3SYabD_eppM_bpvscAbZETDCdmpZ6BVd-ytZhc','2024-04-16 19:24:33.788992'),('hyr90p9su7llbg7l098h5ik7f8zcglfa','.eJxVizsOwjAQRO_iGkVe_FtTwhmorfXGKyMESDiuEHdPIrmAakYz731Uor7U1Ft5p9usTgrU4XfLxPfy3I_RppFtuvS2vB7XjToP6M-s1OqmWRGHpgB5IECPGKNgcCYIayuZjQ5FwPgQvGQXydF8RGGrDcci6NV3BS4RNUs:1rpzA5:5RIujI9Xpms1B_FcGzT6GRqexWS-TLZcJA1kICeQOvs','2024-04-11 23:27:57.874943'),('hyy5fu5ybelcf4sp7kt2pqi094d1azy3','.eJxVi0EOwiAURO_y16bhFyrg0p7BNRkKPxijJlJWxrvbJix0NZOZ994U0NYSWs2vcE10IqbD7xax3PJjP3obetZhbnV93i8bde7Qn1lQy6ZNfJxGrVP2ehFEWCTjIMjaJQOjNDDuU1TeQhJsjoADOxbFVjx9vl5SNoo:1rFuuj:zCWgvX4G7NpfJKR0o-l8QidcMvEPsXNYwpHHxLXmfO4','2024-01-03 11:39:01.882178'),('hz6j7p3uox9o8kh5u4j2wgabxw864vq1','.eJxVi7EOAiEQRP-F2lzg2FvA0vsGa8KySzBGTeSojP_umVBoNZOZ914qpr7V2Js844XVUYE6_G6U8lXu32O0aWSb1t62x-28U6cB_Zk1tbprgRw5yQV5YchZmCwKWiDwYZ6XwMGTAzaMhdFY0oWMBky6oATOXr0_YcA2KA:1rIVxL:aSPkRYxhMgaX-o92V5dryVywMvBZEwV1T_Ag6l1_xWc','2024-01-10 15:36:27.926389'),('hzynxe2tid1ourramalvrsemy3ibpbox','.eJxVizsOwjAQRO_iGkXxP0tJzkBtrde7MkKAhOMKcXeC5AKqGc2891IJ-1ZTb_xMl6KOyqnD75aRrnz_HqNNI9u09rY9buedOg3oz6zY6q75YmTJyARitSngdI4M0TtLWCCambxZJNgZGQMzIIgPVoIn0ZKF1fsDUhg2Ww:1rdULX:h6dsQ3FKTcgesgkg4fpcUOT5Q4Eyrufv2zhD3NV9LPE','2024-03-08 12:08:07.574539'),('i25kwl8f3iyuv8qhnjqc0kn98w0lbva6','.eJxVi7EOAiEQRP-F2ly4O2AXS-8brAm7C8EYNZGjMv67mFBoNZOZ914qxLaX0Gp6houoozKoDr8jRb6m-_cZbRpZp63V_XE7d-o0oD-zxFq6hkToQAMgsrBZMxEI2KxxFU8YvZ55MX2QxSNk8pa9cSjG5jm5ROr9AWO6Nb4:1rr56C:zGQKxPP-94c9N30wFPFH9oqH1ddfm4Oy5vLPb2T7aQI','2024-04-15 00:00:28.275655'),('i57608v4b00ycozswv834o7wfas84665','.eJxVi7EOAiEQRP-F2lxY2IPF0vsGa7LsQTBGTeSojP_umVBoNZOZ914qct9q7C0_42VVRwVOHX7HxHLN9-8z2jSyTUtv2-N23qnTgP7Myq3umnV2Zu0NYSYTRDIYYY1sCgRw4mZPxRNoEijJ4eotopFSgmWrmZJ6fwA9YTT0:1rt9EC:y6SGl6xJQsY46FfvmNxP-3yPy2Rh4YEiSWZBwaLk8Ww','2024-04-20 16:49:16.291312'),('i98ggl745enp8785tm72c70l8ca629nz','.eJxVizsOwjAQRO_iGkVeJ_5RkjNQW7vrjYwQIOG4QtwdI7mAakbz3rxUwraX1Ko80yWrowKnDr8jIV_l_iWjTSPrtLa6P27nbp2G9PcsWEu_oUSTLQhwJNwIEfwcggsaspdI1vPMCwaGvGkjkokNgV10p0joUL0_hy027w:1rQlxk:WTt4Gcz5Zm-S53P91D4uEqa8Udc6ch5mDYn8z-PLLPQ','2024-02-02 12:19:00.813011'),('iaucf2mkchy65tinbw4vm2vlb2s2eufb','.eJxVizsOwjAQRO_iGkVeJ_5RkjNQW7vrjYwQIOG4QtwdI7mAakbz3rxUwraX1Ko80yWrowKnDr8jIV_l_iWjTSPrtLa6P27nbp2G9PcsWEu_oUSTLQhwJNwIEfwcggsaspdI1vPMCwaGvGkjkokNgV10p0joUL0_hy027w:1rWYk6:wZ27EO12heGINmgsywihkQZYkgA6ogdZG2qClHeSDqE','2024-02-18 09:24:50.369606'),('ib1adubnayykvzgxpvjaf0mcspwk47af','.eJxVizsOwjAQRO_iGkXxP0tJzkBtrde7MkKAhOMKcXeC5AKqGc2891IJ-1ZTb_xMl6KOyqnD75aRrnz_HqNNI9u09rY9buedOg3oz6zY6q75YmTJyARitSngdI4M0TtLWCCambxZJNgZGQMzIIgPVoIn0ZKF1fsDUhg2Ww:1rnEci:PHV-vabYEPRSDi44chXVg3PiBW5-RFXFgP8hHVLdgY0','2024-04-04 09:22:08.013460'),('ielqzx2e2rjsczm240bf42xuoosqm28q','.eJxVizsOwjAQRO_iGkXxP0tJzkBtrde7MkKAhOMKcXeC5AKqGc2891IJ-1ZTb_xMl6KOyqnD75aRrnz_HqNNI9u09rY9buedOg3oz6zY6q75YmTJyARitSngdI4M0TtLWCCambxZJNgZGQMzIIgPVoIn0ZKF1fsDUhg2Ww:1rolcB:clEFtgpL4e-7NDZPql5FMV0sIWlG0dP0LlWV3-JRjJI','2024-04-08 14:47:55.066876'),('iii27kfnvqkhiyc8s6algg5u3m3sb8hd','.eJxVi7EOAiEQRP-F2lzg2FvA0vsGa8KySzBGTeSojP_umVBoNZOZ914qpr7V2Js844XVUYE6_G6U8lXu32O0aWSb1t62x-28U6cB_Zk1tbprgRw5yQV5YchZmCwKWiDwYZ6XwMGTAzaMhdFY0oWMBky6oATOXr0_YcA2KA:1rGx8k:0mboQrNSGNQyp1YR0GqSZ0hbr6oqoo5oCs-gUD72a8Q','2024-01-06 08:13:46.381671'),('ijb4cgv1f0ovp4r3ondb3k6b1etl6375','.eJxVizsOwjAQRO_iGkVe_FtTwhmorfXGKyMESDiuEHdPIrmAakYz731Uor7U1Ft5p9usTgrU4XfLxPfy3I_RppFtuvS2vB7XjToP6M-s1OqmWRGHpgB5IECPGKNgcCYIayuZjQ5FwPgQvGQXydF8RGGrDcci6NV3BS4RNUs:1riEWl:EG8dlMiur6ZACKEI7_Z7iAp4fw9LE2yEugsqdhuCgBM','2024-03-21 14:15:19.073434'),('ik36x7rykuh38s5dy2qo07rtbi8vmcs5','.eJxVizsOwjAQRO_iGkXxP0tJzkBtrde7MkKAhOMKcXeC5AKqGc2891IJ-1ZTb_xMl6KOyqnD75aRrnz_HqNNI9u09rY9buedOg3oz6zY6q75YmTJyARitSngdI4M0TtLWCCambxZJNgZGQMzIIgPVoIn0ZKF1fsDUhg2Ww:1rr25C:P4wBnXbxGvTT_lmgNmcEwZyhzSNBnG9kpi15eAwp1Jk','2024-04-14 20:47:14.977924'),('ik3qtw7d5xgjs2tlmayl0mbo65j6kvva','.eJxVi0EOwiAURO_y16bhFyrg0p7BNRkKPxijJlJWxrvbJix0NZOZ994U0NYSWs2vcE10IqbD7xax3PJjP3obetZhbnV93i8bde7Qn1lQy6ZNfJxGrVP2ehFEWCTjIMjaJQOjNDDuU1TeQhJsjoADOxbFVjx9vl5SNoo:1rDWIH:QJS3T0laj7NX0d-fV5IX1C2CTCLqUheAxWJlbpoEsck','2023-12-27 20:57:25.157452'),('ikf94ubu7dwviva46szhdj5wnbc11ayf','.eJxVizsOwjAQRO_iGkXxP0tJzkBtrde7MkKAhOMKcXeC5AKqGc2891IJ-1ZTb_xMl6KOyqnD75aRrnz_HqNNI9u09rY9buedOg3oz6zY6q75YmTJyARitSngdI4M0TtLWCCambxZJNgZGQMzIIgPVoIn0ZKF1fsDUhg2Ww:1rpnuh:NkoYLmVL8Jb0dbbVrSNrb6fIwWWjn7Mq8q15UHQ6vIA','2024-04-11 11:27:19.060422'),('in3jrjtedc9go1xq8clfls5d95ffukes','.eJxVizsOwjAQRO_iGkVe_FtTwhmorfXGKyMESDiuEHdPIrmAakYz731Uor7U1Ft5p9usTgrU4XfLxPfy3I_RppFtuvS2vB7XjToP6M-s1OqmWRGHpgB5IECPGKNgcCYIayuZjQ5FwPgQvGQXydF8RGGrDcci6NV3BS4RNUs:1rqJBb:cCLhu1FcIVhZ7LEHY1j6gYiSPCW45BmJ2SucE8UKHdk','2024-04-12 20:50:51.082793'),('irfdvddaq1t9nv8trgeb6fkwtfqhi3rt','.eJxVi0EOwiAURO_y16bhFyrg0p7BNRkKPxijJlJWxrvbJix0NZOZ994U0NYSWs2vcE10IqbD7xax3PJjP3obetZhbnV93i8bde7Qn1lQy6ZNfJxGrVP2ehFEWCTjIMjaJQOjNDDuU1TeQhJsjoADOxbFVjx9vl5SNoo:1rFura:p2CV3eQbNUj5yNh3XfF7706JoOLxOCDwB3JRxdveUdg','2024-01-03 11:35:46.825895'),('it0xaurp6zgc6fmrjkb1388e8tc07v49','.eJxVi0EOwiAURO_y16bhFyrg0p7BNRkKPxijJlJWxrvbJix0NZOZ994U0NYSWs2vcE10IqbD7xax3PJjP3obetZhbnV93i8bde7Qn1lQy6ZNfJxGrVP2ehFEWCTjIMjaJQOjNDDuU1TeQhJsjoADOxbFVjx9vl5SNoo:1rCY7O:LhJXxD3Na5N8GI97l8FmyDZ97KtRNAr63CVEUAPTduE','2023-12-25 04:42:10.356403'),('it3pp1tg9x4zz3lym0s0anj47gk05cuz','.eJxVizsOwjAQRO_iGkVeJ_5RkjNQW7vrjYwQIOG4QtwdI7mAakbz3rxUwraX1Ko80yWrowKnDr8jIV_l_iWjTSPrtLa6P27nbp2G9PcsWEu_oUSTLQhwJNwIEfwcggsaspdI1vPMCwaGvGkjkokNgV10p0joUL0_hy027w:1rQsgC:S5sDC1bRZ6_kjOdpcun4T-uFvGb_QyVup30uS_SWAPQ','2024-02-02 19:29:20.197572'),('ivoz8l9fwf4dh2ixfcc0hw2w4wt0jcyi','.eJxVizsOwjAQRO_iGkXxP0tJzkBtrde7MkKAhOMKcXeC5AKqGc2891IJ-1ZTb_xMl6KOyqnD75aRrnz_HqNNI9u09rY9buedOg3oz6zY6q75YmTJyARitSngdI4M0TtLWCCambxZJNgZGQMzIIgPVoIn0ZKF1fsDUhg2Ww:1rqIXA:OpXR0PRx6aOQQFwjiwak8TFBQJe7wrvqFseJAyhFGn8','2024-04-12 20:09:04.231735'),('iwlkpkkz97opzwbdfhjjatriv4vkfyjd','.eJxVizsOwjAQRO_iGkXxP0tJzkBtrde7MkKAhOMKcXeC5AKqGc2891IJ-1ZTb_xMl6KOyqnD75aRrnz_HqNNI9u09rY9buedOg3oz6zY6q75YmTJyARitSngdI4M0TtLWCCambxZJNgZGQMzIIgPVoIn0ZKF1fsDUhg2Ww:1rpzl3:Ebw73wKTSZ_zu-ELM9E1iZW74CeNZBr-t3xLq3fq6fA','2024-04-12 00:06:09.567062'),('j3n8pufknfkm6jjylkhd9a56oza1ghvl','.eJxVizsOwjAQRO_iGkXxP0tJzkBtrde7MkKAhOMKcXeC5AKqGc2891IJ-1ZTb_xMl6KOyqnD75aRrnz_HqNNI9u09rY9buedOg3oz6zY6q75YmTJyARitSngdI4M0TtLWCCambxZJNgZGQMzIIgPVoIn0ZKF1fsDUhg2Ww:1rqW2A:kFoLGsFlVFrCjqVZuYez2_SoPqgSl3K3tsznL7DMGjk','2024-04-13 10:33:58.042783'),('j3u2bfh4swfn6sefs1h20unkruzuab0q','.eJxVi0EOwiAURO_y16bhFyrg0p7BNRkKPxijJlJWxrvbJix0NZOZ994U0NYSWs2vcE10IqbD7xax3PJjP3obetZhbnV93i8bde7Qn1lQy6ZNfJxGrVP2ehFEWCTjIMjaJQOjNDDuU1TeQhJsjoADOxbFVjx9vl5SNoo:1rFv2H:TYe3rNWZDU-qn00lc40XCjb45KSuRPaSLNZUGW4SgWY','2024-01-03 11:46:49.605885'),('ja093hw4my5g95meybbugmtpxr289h6i','.eJxVi7EOAiEQRP-F2lxY2IPF0vsGa7LsQTBGTeSojP_umVBoNZOZ914qct9q7C0_42VVRwVOHX7HxHLN9-8z2jSyTUtv2-N23qnTgP7Myq3umnV2Zu0NYSYTRDIYYY1sCgRw4mZPxRNoEijJ4eotopFSgmWrmZJ6fwA9YTT0:1riCW5:MHHX2fIG6PvjW4uYiNTIP4rjwpusWHniIAq8BettBgw','2024-03-21 12:06:29.799647'),('jjqdh5zjs53bs7lo47yan479bjdv8h0l','.eJxVizsOwjAQRO_iGkXxP0tJzkBtrde7MkKAhOMKcXeC5AKqGc2891IJ-1ZTb_xMl6KOyqnD75aRrnz_HqNNI9u09rY9buedOg3oz6zY6q75YmTJyARitSngdI4M0TtLWCCambxZJNgZGQMzIIgPVoIn0ZKF1fsDUhg2Ww:1rtDKQ:5c0l099IECM_xMmhnAdIc_ZtUFmX8r4fX9ZsCLBQa_E','2024-04-20 21:11:58.872571'),('jms0xpwh93lx6d95z2ki6a2b0z26psb6','.eJxVizsOwjAQRO_iGkVe_FtTwhmorfXGKyMESDiuEHdPIrmAakYz731Uor7U1Ft5p9usTgrU4XfLxPfy3I_RppFtuvS2vB7XjToP6M-s1OqmWRGHpgB5IECPGKNgcCYIayuZjQ5FwPgQvGQXydF8RGGrDcci6NV3BS4RNUs:1rnd1p:M5H9cCC-HXk_6GK_nMzxXXu1yEivF0OIx-hXzkPkNco','2024-04-05 11:25:41.279137'),('joi4yd0z6zhwwqhua91w8v6cwmz2km4z','.eJxVi7EOAiEQRP-F2lxY2IPF0vsGa7LsQTBGTeSojP_umVBoNZOZ914qct9q7C0_42VVRwVOHX7HxHLN9-8z2jSyTUtv2-N23qnTgP7Myq3umnV2Zu0NYSYTRDIYYY1sCgRw4mZPxRNoEijJ4eotopFSgmWrmZJ6fwA9YTT0:1riJhd:JDUiDkrf6xSOwhcqishqRBUo_5c0nxtKi2hZHy5W-fQ','2024-03-21 19:46:53.553666'),('jr9unhi5tpksmby3y48pibxo1g0hd45j','.eJxVi7EOAiEQRP-F2lzg2FvA0vsGa8KySzBGTeSojP_umVBoNZOZ914qpr7V2Js844XVUYE6_G6U8lXu32O0aWSb1t62x-28U6cB_Zk1tbprgRw5yQV5YchZmCwKWiDwYZ6XwMGTAzaMhdFY0oWMBky6oATOXr0_YcA2KA:1rHKEd:BVB-7o65Wm6oJ8X_H6wg_YvdzOKHtz9HXEe-zMINJQ0','2024-01-07 08:53:23.568466'),('jsmbpu52o058wth7fdhoac2hyqsoy94o','.eJxVizsOwjAQRO_iGkXxP0tJzkBtrde7MkKAhOMKcXeC5AKqGc2891IJ-1ZTb_xMl6KOyqnD75aRrnz_HqNNI9u09rY9buedOg3oz6zY6q75YmTJyARitSngdI4M0TtLWCCambxZJNgZGQMzIIgPVoIn0ZKF1fsDUhg2Ww:1rpm9l:pWcFk4bIEsicRYJOdG1LLXtYFD9f2FNU-dRe93Sg7bA','2024-04-11 09:34:45.278767'),('jtbvu9f771pkzniljz964qzwxu3gkkm7','.eJxVizsOwjAQRO_iGkXxP0tJzkBtrde7MkKAhOMKcXeC5AKqGc2891IJ-1ZTb_xMl6KOyqnD75aRrnz_HqNNI9u09rY9buedOg3oz6zY6q75YmTJyARitSngdI4M0TtLWCCambxZJNgZGQMzIIgPVoIn0ZKF1fsDUhg2Ww:1riuM8:rEHE8ARlVZM0wqQ_FZlbQO9txvoRA_8YaQcAG-2j28M','2024-03-23 10:55:08.987189'),('jvfotvflsnq1vrenl82wj7pt193rk5il','.eJxVizsOwjAQRO_iGkXxP0tJzkBtrde7MkKAhOMKcXeC5AKqGc2891IJ-1ZTb_xMl6KOyqnD75aRrnz_HqNNI9u09rY9buedOg3oz6zY6q75YmTJyARitSngdI4M0TtLWCCambxZJNgZGQMzIIgPVoIn0ZKF1fsDUhg2Ww:1rsqtv:9fDy6PzJ-Bj0GVeZh6ImUnKxNtwKEImQ9TiigdKpuK0','2024-04-19 21:15:07.883930'),('jze8ordznlfm3co4cpxmgqfpa2t6h7z7','.eJxVi0EOwiAURO_y16bhFyrg0p7BNRkKPxijJlJWxrvbJix0NZOZ994U0NYSWs2vcE10IqbD7xax3PJjP3obetZhbnV93i8bde7Qn1lQy6ZNfJxGrVP2ehFEWCTjIMjaJQOjNDDuU1TeQhJsjoADOxbFVjx9vl5SNoo:1rFv8Y:j65fl5uNiYxyLxStu8f-bPhATdEZkYcLapnoR7u7dio','2024-01-03 11:53:18.635503'),('k4v23ij0r1x5fjdd4cnjobjme6fxyfw6','.eJxVizsOwjAQRO_iGkXxP0tJzkBtrde7MkKAhOMKcXeC5AKqGc2891IJ-1ZTb_xMl6KOyqnD75aRrnz_HqNNI9u09rY9buedOg3oz6zY6q75YmTJyARitSngdI4M0TtLWCCambxZJNgZGQMzIIgPVoIn0ZKF1fsDUhg2Ww:1rqE1b:PhRQ0DwVAq_KQ9DpQfkHm4dKMmmqEDIyj2FSqrAdtJQ','2024-04-12 15:20:11.482371'),('k51fzusk7u71u48jmwjaa7b85j7a3p9g','.eJxVizsOwjAQRO_iGkXxP0tJzkBtrde7MkKAhOMKcXeC5AKqGc2891IJ-1ZTb_xMl6KOyqnD75aRrnz_HqNNI9u09rY9buedOg3oz6zY6q75YmTJyARitSngdI4M0TtLWCCambxZJNgZGQMzIIgPVoIn0ZKF1fsDUhg2Ww:1rnLHA:YqzTPLvmvmrl24NmCBsimvNDKA6AY1wUg7KLTWXxq3c','2024-04-04 16:28:20.068662'),('k6dtoqe4t5880zsl45fwcg6ulyl9qr9q','.eJxVizsOwjAQRO_iGkXxP0tJzkBtrde7MkKAhOMKcXeC5AKqGc2891IJ-1ZTb_xMl6KOyqnD75aRrnz_HqNNI9u09rY9buedOg3oz6zY6q75YmTJyARitSngdI4M0TtLWCCambxZJNgZGQMzIIgPVoIn0ZKF1fsDUhg2Ww:1rsJBw:6Oylm-uZGpdl1-tQrT5AoL0kpVpJT1wZwl9_aTAEYos','2024-04-18 09:15:28.453345'),('k8xad2hfyurudluhpmpnw9jr6lpcq4g8','.eJxVizsOwjAQRO_iGkXxP0tJzkBtrde7MkKAhOMKcXeC5AKqGc2891IJ-1ZTb_xMl6KOyqnD75aRrnz_HqNNI9u09rY9buedOg3oz6zY6q75YmTJyARitSngdI4M0TtLWCCambxZJNgZGQMzIIgPVoIn0ZKF1fsDUhg2Ww:1rqCbI:--8XJKFKl1pTvro9b5B6MaqNeOnbFPDlS7CSjDpHGq0','2024-04-12 13:48:56.754311'),('k9v75g881ev03iip4sxasd282cp9mvqx','.eJxVizsOwjAQRO_iGkXxP0tJzkBtrde7MkKAhOMKcXeC5AKqGc2891IJ-1ZTb_xMl6KOyqnD75aRrnz_HqNNI9u09rY9buedOg3oz6zY6q75YmTJyARitSngdI4M0TtLWCCambxZJNgZGQMzIIgPVoIn0ZKF1fsDUhg2Ww:1rqA2V:pSWEmY3e9hW-1Gy5FffAnVavTSSDMoxII2hoKomUpzg','2024-04-12 11:04:51.454858'),('kksd57a2sp63xbsrh0si95i4nqffo6n1','.eJxVi0EOwiAURO_y16bhFyrg0p7BNRkKPxijJlJWxrvbJix0NZOZ994U0NYSWs2vcE10IqbD7xax3PJjP3obetZhbnV93i8bde7Qn1lQy6ZNfJxGrVP2ehFEWCTjIMjaJQOjNDDuU1TeQhJsjoADOxbFVjx9vl5SNoo:1rFgxu:ayPn85H5omy4_vSj2MOwSE_jvhr87umfclvrZ0db7qo','2024-01-02 20:45:22.703444'),('kkxswxapeja8by7o5ageooab68lso4vt','.eJxVi0EOwiAURO_y16bhFyrg0p7BNRkKPxijJlJWxrvbJix0NZOZ994U0NYSWs2vcE10IqbD7xax3PJjP3obetZhbnV93i8bde7Qn1lQy6ZNfJxGrVP2ehFEWCTjIMjaJQOjNDDuU1TeQhJsjoADOxbFVjx9vl5SNoo:1rDeKG:9L3oyUc8uiiXXqZlX_SbpGFjPzE7kQgZLP4gWLv6aUE','2023-12-28 05:32:00.702469'),('km303at2h3pyn7rifydh5v49oah7pv3f','.eJxVizsOwjAQRO_iGkVeJ_5RkjNQW7vrjYwQIOG4QtwdI7mAakbz3rxUwraX1Ko80yWrowKnDr8jIV_l_iWjTSPrtLa6P27nbp2G9PcsWEu_oUSTLQhwJNwIEfwcggsaspdI1vPMCwaGvGkjkokNgV10p0joUL0_hy027w:1rU8zG:tK-k0B-MxfImZ1uUVs22Dzoi3-sjp0NR0IddWVmMOOY','2024-02-11 17:30:30.304706'),('krs5exu34txltltzmy7dessdw8ldgjlc','.eJxVjMEOwiAQRP-Fs2kaWNjFo35Dz2SBJRijJlJOxn9vm3DQ00xm3sxHBe5rDb3JO9yyOitQp98scrrL8yiGm4a26drb-nosO3UZ0N-ycqvHn0MUQq0dJxddziYWSWILYATEPAMw0Wyjz9oXYkZvjLFASOisEfXdADzsNPA:1rO2ry:GNiD0VSRRJGHTT3MuJ66J6uFMQrIaCSRLBzW8ecvQ1k','2024-01-25 21:45:46.728119'),('ksd01ibb9u51ihhpcor1nfkhrwflh58j','.eJxVizsOwjAQRO_iGkVe_FtTwhmorfXGKyMESDiuEHdPIrmAakYz731Uor7U1Ft5p9usTgrU4XfLxPfy3I_RppFtuvS2vB7XjToP6M-s1OqmWRGHpgB5IECPGKNgcCYIayuZjQ5FwPgQvGQXydF8RGGrDcci6NV3BS4RNUs:1rpzDC:yHJjEQ-wRiBc6X43qYpnMznHEjYHAFld7USfztqakT4','2024-04-11 23:31:10.004702'),('ksujbeqn1p9ti2gz69ynsx9cmgqe7srw','.eJxVi7EOAiEQRP-F2lzg2FvA0vsGa8KySzBGTeSojP_umVBoNZOZ914qpr7V2Js844XVUYE6_G6U8lXu32O0aWSb1t62x-28U6cB_Zk1tbprgRw5yQV5YchZmCwKWiDwYZ6XwMGTAzaMhdFY0oWMBky6oATOXr0_YcA2KA:1rI8l0:0j-8QmfdPIurBYkj4BwGk32Qnk8nJspzM3XNUi5r_P8','2024-01-09 14:50:10.821581'),('kta5mxekus35uyr30dd6lgdld0yrcgi5','.eJxVi0EOwiAURO_y16bhFyrg0p7BNRkKPxijJlJWxrvbJix0NZOZ994U0NYSWs2vcE10IqbD7xax3PJjP3obetZhbnV93i8bde7Qn1lQy6ZNfJxGrVP2ehFEWCTjIMjaJQOjNDDuU1TeQhJsjoADOxbFVjx9vl5SNoo:1rFqBx:Nnk5WbChpqZTc5s-YAGRb1XNJQMaYChvCv33G4xY8Mk','2024-01-03 06:36:29.725905'),('kujeh8u9l1snnltvvq85f34jmn6vvdzk','.eJxVizsOwjAQRO_iGkXxP0tJzkBtrde7MkKAhOMKcXeC5AKqGc2891IJ-1ZTb_xMl6KOyqnD75aRrnz_HqNNI9u09rY9buedOg3oz6zY6q75YmTJyARitSngdI4M0TtLWCCambxZJNgZGQMzIIgPVoIn0ZKF1fsDUhg2Ww:1rp8EP:c8_sHWGTYTipwjrzMG6LclVPJngEqi81EZP7itOc0R8','2024-04-09 14:56:53.270791'),('kuqns8a8246a2nbqeryueh3fkvwsaqcv','.eJxVizsOwjAQRO_iGkVeJ_5RkjNQW7vrjYwQIOG4QtwdI7mAakbz3rxUwraX1Ko80yWrowKnDr8jIV_l_iWjTSPrtLa6P27nbp2G9PcsWEu_oUSTLQhwJNwIEfwcggsaspdI1vPMCwaGvGkjkokNgV10p0joUL0_hy027w:1rUk5u:q9pw3EV3KwljVBcACrCNt9-zdo4ZIRx59JUqLDvIUPc','2024-02-13 09:07:50.736993'),('kvh5elcn11mo8a5r4gefrodrjhgpnx0e','.eJxVizsOwjAQRO_iGkXxP0tJzkBtrde7MkKAhOMKcXeC5AKqGc2891IJ-1ZTb_xMl6KOyqnD75aRrnz_HqNNI9u09rY9buedOg3oz6zY6q75YmTJyARitSngdI4M0TtLWCCambxZJNgZGQMzIIgPVoIn0ZKF1fsDUhg2Ww:1rrOam:YNOTt6jaYe4Ar6OToMqJcPhr0ZAWnXqQZAbARrCfY-k','2024-04-15 20:49:20.671144'),('kykri8h658dsopz6f8qz4gb6i3fwx4uk','.eJxVi0EOwiAURO_y16bhFyrg0p7BNRkKPxijJlJWxrvbJix0NZOZ994U0NYSWs2vcE10IqbD7xax3PJjP3obetZhbnV93i8bde7Qn1lQy6ZNfJxGrVP2ehFEWCTjIMjaJQOjNDDuU1TeQhJsjoADOxbFVjx9vl5SNoo:1rFvMZ:dkviIK9McN18OAIA6Q05qqCPyQxH_IpFAGSVXj_BtR0','2024-01-03 12:07:47.443108'),('kzc7jfrygzp4504u1ci4b6sy0ibmue6j','.eJxVizsOwjAQRO_iGkXxP0tJzkBtrde7MkKAhOMKcXeC5AKqGc2891IJ-1ZTb_xMl6KOyqnD75aRrnz_HqNNI9u09rY9buedOg3oz6zY6q75YmTJyARitSngdI4M0TtLWCCambxZJNgZGQMzIIgPVoIn0ZKF1fsDUhg2Ww:1rsgze:XUj3kN8j0Tp_3gRIp4a0untt6kc6B_Fa8xra1-BThvE','2024-04-19 10:40:22.902678'),('l181dwtavbw77hmddjif905yzulv1wm3','.eJxVi7EOAiEQRP-F2lzg2FvA0vsGa8KySzBGTeSojP_umVBoNZOZ914qpr7V2Js844XVUYE6_G6U8lXu32O0aWSb1t62x-28U6cB_Zk1tbprgRw5yQV5YchZmCwKWiDwYZ6XwMGTAzaMhdFY0oWMBky6oATOXr0_YcA2KA:1rCdnS:LFnl6kaYVbbQcoCW67au6NtixorrPrd0huui5f9EJ4s','2023-12-25 10:45:58.399841'),('l1xkn2wkgulcpy62orb2rih4bz4dkl4e','.eJxVizsOwjAQRO_iGkVeJ_5RkjNQW7vrjYwQIOG4QtwdI7mAakbz3rxUwraX1Ko80yWrowKnDr8jIV_l_iWjTSPrtLa6P27nbp2G9PcsWEu_oUSTLQhwJNwIEfwcggsaspdI1vPMCwaGvGkjkokNgV10p0joUL0_hy027w:1rUYad:xLPRJhMjSK1nkerzGzLWoQVJZxwXAV4xNPu706QP4Jg','2024-02-12 20:50:47.528805'),('l5brst0qgfgwzbanmrqxk0az2w3vx05z','.eJxVi0EOwiAURO_y16bhFyrg0p7BNRkKPxijJlJWxrvbJix0NZOZ994U0NYSWs2vcE10IqbD7xax3PJjP3obetZhbnV93i8bde7Qn1lQy6ZNfJxGrVP2ehFEWCTjIMjaJQOjNDDuU1TeQhJsjoADOxbFVjx9vl5SNoo:1rFZYj:7egJykzmalF_3kPJeBdwfdtRyqvZtlFXNLmwQOnVst0','2024-01-02 12:50:53.696120'),('l81et7rlo3bey8lswbkvr3j4jf9hgwtl','.eJxVizsOwjAQRO_iGkXxP0tJzkBtrde7MkKAhOMKcXeC5AKqGc2891IJ-1ZTb_xMl6KOyqnD75aRrnz_HqNNI9u09rY9buedOg3oz6zY6q75YmTJyARitSngdI4M0TtLWCCambxZJNgZGQMzIIgPVoIn0ZKF1fsDUhg2Ww:1rqDVJ:jra0iuCm5bwRHqPr_1Plaw2WHi7oGaJsENxoeSWajXY','2024-04-12 14:46:49.061649'),('l91s23cfwwnmwivnbh7itirol9uka7ve','.eJxVizsOwjAQRO_iGkVeJ_5RkjNQW7vrjYwQIOG4QtwdI7mAakbz3rxUwraX1Ko80yWrowKnDr8jIV_l_iWjTSPrtLa6P27nbp2G9PcsWEu_oUSTLQhwJNwIEfwcggsaspdI1vPMCwaGvGkjkokNgV10p0joUL0_hy027w:1rWYrX:qnvloFBtUsNBcdEHbDOGKxMLpcLuTyUged_YHYiCoNY','2024-02-18 09:32:31.390351'),('lc8wxq3w1o7n3rlgvgkeyjho0ner6lfj','.eJxVizsOwjAQRO_iGkXxP0tJzkBtrde7MkKAhOMKcXeC5AKqGc2891IJ-1ZTb_xMl6KOyqnD75aRrnz_HqNNI9u09rY9buedOg3oz6zY6q75YmTJyARitSngdI4M0TtLWCCambxZJNgZGQMzIIgPVoIn0ZKF1fsDUhg2Ww:1rqIrZ:jiKALpuyNGLIkwBAgtTLvG5GA-QxuXwN1VeTuIYc5Gg','2024-04-12 20:30:09.181652'),('lchuyet9k390wfiprtaqremcowu7f052','.eJxVi7EOAiEQRP-F2lzg2FvA0vsGa8KySzBGTeSojP_umVBoNZOZ914qpr7V2Js844XVUYE6_G6U8lXu32O0aWSb1t62x-28U6cB_Zk1tbprgRw5yQV5YchZmCwKWiDwYZ6XwMGTAzaMhdFY0oWMBky6oATOXr0_YcA2KA:1rIzKj:-jdx1B3SRCgWcwh8dsp1B0VQiMxTTsggfHD6DdqPyjQ','2024-01-12 00:58:33.046198'),('ldy10928b1kwnhuqgbi71qubpv899mls','.eJxVi0EOwiAURO_y16bhFyrg0p7BNRkKPxijJlJWxrvbJix0NZOZ994U0NYSWs2vcE10IqbD7xax3PJjP3obetZhbnV93i8bde7Qn1lQy6ZNfJxGrVP2ehFEWCTjIMjaJQOjNDDuU1TeQhJsjoADOxbFVjx9vl5SNoo:1rGPf1:t5CnVFbpuzvEdvPrtzRnsLT3ebqUFNkzMcJTCifCNws','2024-01-04 20:28:51.748608'),('levvfxm87bq7587y26arl43ollj27w4r','.eJxVi0EOwiAURO_y16bhFyrg0p7BNRkKPxijJlJWxrvbJix0NZOZ994U0NYSWs2vcE10IqbD7xax3PJjP3obetZhbnV93i8bde7Qn1lQy6ZNfJxGrVP2ehFEWCTjIMjaJQOjNDDuU1TeQhJsjoADOxbFVjx9vl5SNoo:1rDBGT:2Ic98hKhgiyZabbUeg4GWSF65bJfgbeOLo4ERBDbJ_s','2023-12-26 22:30:09.616365'),('lgi6lkno77hqezrcarjdp13axm2huqyz','.eJxVi0EOwiAURO_y16bhFyrg0p7BNRkKPxijJlJWxrvbJix0NZOZ994U0NYSWs2vcE10IqbD7xax3PJjP3obetZhbnV93i8bde7Qn1lQy6ZNfJxGrVP2ehFEWCTjIMjaJQOjNDDuU1TeQhJsjoADOxbFVjx9vl5SNoo:1rDl8j:Teacgj7Enff4hKbNjnUvMypRIuZHUc3wmP8SJ9fS8Nw','2023-12-28 12:48:33.421787'),('lkryiqz61hwap9kgcs1jbs46kbtlbqu4','.eJxVizsOwjAQRO_iGkXxP0tJzkBtrde7MkKAhOMKcXeC5AKqGc2891IJ-1ZTb_xMl6KOyqnD75aRrnz_HqNNI9u09rY9buedOg3oz6zY6q75YmTJyARitSngdI4M0TtLWCCambxZJNgZGQMzIIgPVoIn0ZKF1fsDUhg2Ww:1rqJAL:IyGVUJ-APSjnAwmesZLQt-7nn3VZ5Sw8uYdaY6xztP4','2024-04-12 20:49:33.656058'),('lkwu1fgxe776fjng5fw4d7s5kiqsb5gb','.eJxVi7EOAiEQRP-F2lzg2FvA0vsGa8KySzBGTeSojP_umVBoNZOZ914qpr7V2Js844XVUYE6_G6U8lXu32O0aWSb1t62x-28U6cB_Zk1tbprgRw5yQV5YchZmCwKWiDwYZ6XwMGTAzaMhdFY0oWMBky6oATOXr0_YcA2KA:1rIbfA:68UCFOEzJcun_52hTTYwgBjVkyN9nVKAryeIbAUPXV4','2024-01-10 21:42:04.085576'),('lmp012jsljh9sy1a1wev9nd79ic0mcm0','.eJxVizsOwjAQRO_iGkVe_FtTwhmorfXGKyMESDiuEHdPIrmAakYz731Uor7U1Ft5p9usTgrU4XfLxPfy3I_RppFtuvS2vB7XjToP6M-s1OqmWRGHpgB5IECPGKNgcCYIayuZjQ5FwPgQvGQXydF8RGGrDcci6NV3BS4RNUs:1rqJCJ:xjzs8I2p-11x1lTCgnx07-6idpADaACbrsKP_W0eBLU','2024-04-12 20:51:35.051656'),('ltbe6uee0epvaamf608bcrsfrcq800sq','.eJxVi8EOwiAQRP-Fs2kWui3g0X6DZwK7bDBGTaScTP-9NeGgp5nMvPdRIba1hFbzO9xYnZVWp98tRbrn5_fobehZh6XV9fW4HtSlQ39mibUcmkENZoQk0XnKRMAyWpzZTZ4EgRGBHM7CGqwVk5H9pNmK1xhtIqO2HTUCNVE:1rN70p:qOkB6oQbjHTxnSMa0GqeHvWwXH8dn71VrCEY9fTluvw','2024-01-23 07:59:03.748298'),('lte3hg2zzb6o1jl8dg44aaxdyllbzw2g','.eJxVizsOwjAQRO_iGkXxP0tJzkBtrde7MkKAhOMKcXeC5AKqGc2891IJ-1ZTb_xMl6KOyqnD75aRrnz_HqNNI9u09rY9buedOg3oz6zY6q75YmTJyARitSngdI4M0TtLWCCambxZJNgZGQMzIIgPVoIn0ZKF1fsDUhg2Ww:1rqIuD:cV6QYzvql7NX4BuGMDe9zNr6eTu_Nf9Zk56r4Bwnn6U','2024-04-12 20:32:53.483026'),('lxgwo3pfps5etboa6au3d7d640ejpi41','.eJxVizsOwjAQRO_iGkXxP0tJzkBtrde7MkKAhOMKcXeC5AKqGc2891IJ-1ZTb_xMl6KOyqnD75aRrnz_HqNNI9u09rY9buedOg3oz6zY6q75YmTJyARitSngdI4M0TtLWCCambxZJNgZGQMzIIgPVoIn0ZKF1fsDUhg2Ww:1rhDGB:Lkclvbn1eThnzhjjjpZ_yS6NKyqOLDBj_QAGqkwxSzk','2024-03-18 18:41:59.444565'),('lzt8yvyhovb0kkmi7q4ikom5phgh9uv7','.eJxVi0EOwiAURO_y16bhFyrg0p7BNRkKPxijJlJWxrvbJix0NZOZ994U0NYSWs2vcE10IqbD7xax3PJjP3obetZhbnV93i8bde7Qn1lQy6ZNfJxGrVP2ehFEWCTjIMjaJQOjNDDuU1TeQhJsjoADOxbFVjx9vl5SNoo:1rFxAK:von9GwxqP26R6xW-vsdXgsOjxeb_1zpdI-b9Cd3d8ik','2024-01-03 14:03:16.359938'),('m0419wfsrgjepj1qwa3mr9esf9bayvio','.eJxVizsOwjAQRO_iGkXxP0tJzkBtrde7MkKAhOMKcXeC5AKqGc2891IJ-1ZTb_xMl6KOyqnD75aRrnz_HqNNI9u09rY9buedOg3oz6zY6q75YmTJyARitSngdI4M0TtLWCCambxZJNgZGQMzIIgPVoIn0ZKF1fsDUhg2Ww:1rpzJD:JSFqVQI5fhXacTk0fTPTSUDw5lNd-F4nOBZzrWvZb00','2024-04-11 23:37:23.455751'),('m04cgpy9lyuqvsbgx64hri1zh13hcrcg','.eJxVizsOwjAQRO_iGkXxP0tJzkBtrde7MkKAhOMKcXeC5AKqGc2891IJ-1ZTb_xMl6KOyqnD75aRrnz_HqNNI9u09rY9buedOg3oz6zY6q75YmTJyARitSngdI4M0TtLWCCambxZJNgZGQMzIIgPVoIn0ZKF1fsDUhg2Ww:1rrlG6:B0tRD_9v0znS4ma595T736_HB5dGo5gWkTCKtvdxlfM','2024-04-16 21:01:30.209056'),('m2zmp5tzlqq7vunv57ipxm8fpz64x0bb','.eJxVjMEOwiAQRP-Fs2kaWNjFo35Dz2SBJRijJlJOxn9vm3DQ00xm3sxHBe5rDb3JO9yyOitQp98scrrL8yiGm4a26drb-nosO3UZ0N-ycqvHn0MUQq0dJxddziYWSWILYATEPAMw0Wyjz9oXYkZvjLFASOisEfXdADzsNPA:1rQ07T:uJaKmdkhl36C5EsgwfWa7Ll470fbiN3yORn_S2Kas3g','2024-01-31 07:13:51.039698'),('m5d6ejcbucfp11gif8kh7iwfztkr61cu','.eJxVi0EOwiAURO_y16bhFyrg0p7BNRkKPxijJlJWxrvbJix0NZOZ994U0NYSWs2vcE10IqbD7xax3PJjP3obetZhbnV93i8bde7Qn1lQy6ZNfJxGrVP2ehFEWCTjIMjaJQOjNDDuU1TeQhJsjoADOxbFVjx9vl5SNoo:1rFuu5:FYJPZ5vB_un7JDY9HDI_IhLLQHFpQpuEhNx09qnRz90','2024-01-03 11:38:21.083393'),('m7j6p8nhn1hnhbseu2f2o8ouivn5ncyu','.eJxVi7EOAiEQRP-F2ly4O2AXS-8brAm7C8EYNZGjMv67mFBoNZOZ914qxLaX0Gp6houoozKoDr8jRb6m-_cZbRpZp63V_XE7d-o0oD-zxFq6hkToQAMgsrBZMxEI2KxxFU8YvZ55MX2QxSNk8pa9cSjG5jm5ROr9AWO6Nb4:1rsLAa:VSq_yvCAAF0VspbXrOvGJHmyIEAA24hWjkYE54DmfEM','2024-04-18 11:22:12.399498'),('milptlf9kv6qq6bi8q5s1v2u6t9fdk4m','.eJxVi0EOwiAURO_y16bhFyrg0p7BNRkKPxijJlJWxrvbJix0NZOZ994U0NYSWs2vcE10IqbD7xax3PJjP3obetZhbnV93i8bde7Qn1lQy6ZNfJxGrVP2ehFEWCTjIMjaJQOjNDDuU1TeQhJsjoADOxbFVjx9vl5SNoo:1rFvOd:M7771C3Rzi68a3VNNXDTOC_TtTzsu-HwKJKhqjL_CEY','2024-01-03 12:09:55.719606'),('mobmyzi6n1ettme00l53wmioxiu9aoby','.eJxVizsOwjAQRO_iGkVe_FtTwhmorfXGKyMESDiuEHdPIrmAakYz731Uor7U1Ft5p9usTgrU4XfLxPfy3I_RppFtuvS2vB7XjToP6M-s1OqmWRGHpgB5IECPGKNgcCYIayuZjQ5FwPgQvGQXydF8RGGrDcci6NV3BS4RNUs:1rhz4g:ouhu5sbtRnGus9LTrwCdoRIe3oMZB3NcVhqTHRmMP7s','2024-03-20 21:45:18.893513'),('mwx3k0tpddyfb01urdruz71bok0jm8uw','.eJxVi0EOwiAURO_y16bhFyrg0p7BNRkKPxijJlJWxrvbJix0NZOZ994U0NYSWs2vcE10IqbD7xax3PJjP3obetZhbnV93i8bde7Qn1lQy6ZNfJxGrVP2ehFEWCTjIMjaJQOjNDDuU1TeQhJsjoADOxbFVjx9vl5SNoo:1rFZTs:FHcuH5ZiTYgJ-hYSZfm9Es1j6hHb8msBoorS4aDayM0','2024-01-02 12:45:52.703785'),('mx622vg0cj9txfsbsl9eurxmvhw3xrnb','.eJxVizsOwjAQRO_iGkXxP0tJzkBtrde7MkKAhOMKcXeC5AKqGc2891IJ-1ZTb_xMl6KOyqnD75aRrnz_HqNNI9u09rY9buedOg3oz6zY6q75YmTJyARitSngdI4M0TtLWCCambxZJNgZGQMzIIgPVoIn0ZKF1fsDUhg2Ww:1rcgNC:hqoFMoUHA5m2jszmO782mzYPRxYL5SfXqBKw2tAWLF4','2024-03-06 06:46:30.327788'),('mxb4mi9kugaa4h7uclayohos4q66t72h','.eJxVi0EOwiAURO_y16bhFyrg0p7BNRkKPxijJlJWxrvbJix0NZOZ994U0NYSWs2vcE10IqbD7xax3PJjP3obetZhbnV93i8bde7Qn1lQy6ZNfJxGrVP2ehFEWCTjIMjaJQOjNDDuU1TeQhJsjoADOxbFVjx9vl5SNoo:1rFvMM:vStFHU804jfShdWSZtV_pvvAidYa5j8ZHFtdnozVih4','2024-01-03 12:07:34.052532'),('n3b5xk8imh3y1ivjys4ahlemb5pr3yqq','.eJxVi0EOwiAURO_y16bhFyrg0p7BNRkKPxijJlJWxrvbJix0NZOZ994U0NYSWs2vcE10IqbD7xax3PJjP3obetZhbnV93i8bde7Qn1lQy6ZNfJxGrVP2ehFEWCTjIMjaJQOjNDDuU1TeQhJsjoADOxbFVjx9vl5SNoo:1rFuum:GZvoItRACVpUrvJnbcPNuSHXNOtP8NRxhZzXEDfT6Rs','2024-01-03 11:39:04.879146'),('n4a0eaacxal3973oj9en9gur67y3hheq','.eJxVi8EOwiAQRP-Fs2kWui3g0X6DZwK7bDBGTaScTP-9NeGgp5nMvPdRIba1hFbzO9xYnZVWp98tRbrn5_fobehZh6XV9fW4HtSlQ39mibUcmkENZoQk0XnKRMAyWpzZTZ4EgRGBHM7CGqwVk5H9pNmK1xhtIqO2HTUCNVE:1rN8pl:aHgaAETngN9Of4eB9B7iY3DGcMX-g1W89_m78gesLa4','2024-01-23 09:55:45.867843'),('n5le0u94ef9bv94qezjsd0sgtsnk13ew','.eJxVizsOwjAQRO_iGkXxP0tJzkBtrde7MkKAhOMKcXeC5AKqGc2891IJ-1ZTb_xMl6KOyqnD75aRrnz_HqNNI9u09rY9buedOg3oz6zY6q75YmTJyARitSngdI4M0TtLWCCambxZJNgZGQMzIIgPVoIn0ZKF1fsDUhg2Ww:1rrJ9K:e8ArvvWkBKS1acTawBaPZBiZXDxyGthGNdrTNCGNVeY','2024-04-15 15:00:38.065987'),('nag7e40d3r3d6mur46ce1uxploj6ymyt','.eJxVi7EOAiEQRP-F2ly4O2AXS-8brAm7C8EYNZGjMv67mFBoNZOZ914qxLaX0Gp6houoozKoDr8jRb6m-_cZbRpZp63V_XE7d-o0oD-zxFq6hkToQAMgsrBZMxEI2KxxFU8YvZ55MX2QxSNk8pa9cSjG5jm5ROr9AWO6Nb4:1rr18U:9HFZbx1LBSrQrd2T3g9T_WBEQqEpp6RxikejIhdHGfY','2024-04-14 19:46:34.348847'),('nf0a2unewyx47wyjk056et4nonhzaj8n','.eJxVi7EOAiEQRP-F2lxY2IPF0vsGa7LsQTBGTeSojP_umVBoNZOZ914qct9q7C0_42VVRwVOHX7HxHLN9-8z2jSyTUtv2-N23qnTgP7Myq3umnV2Zu0NYSYTRDIYYY1sCgRw4mZPxRNoEijJ4eotopFSgmWrmZJ6fwA9YTT0:1riEWM:-Bwud_VECQNAV4H6fPIvph9lGd98u46_jZUOI0oORXY','2024-03-21 14:14:54.542618'),('ni3anp46nmehwn91h3dhy9g1ivo7tjy8','.eJxVizsOwjAQRO_iGkXxP0tJzkBtrde7MkKAhOMKcXeC5AKqGc2891IJ-1ZTb_xMl6KOyqnD75aRrnz_HqNNI9u09rY9buedOg3oz6zY6q75YmTJyARitSngdI4M0TtLWCCambxZJNgZGQMzIIgPVoIn0ZKF1fsDUhg2Ww:1rl2Ur:3SwejkzimBiNS67ka3jaG5b78qDM2joxOs2vvz1M61c','2024-03-29 08:00:57.593036'),('nj6kd3ugdrgp1fal7ezegno8p6tx03x9','.eJxVi0EOwiAURO_y16bhFyrg0p7BNRkKPxijJlJWxrvbJix0NZOZ994U0NYSWs2vcE10IqbD7xax3PJjP3obetZhbnV93i8bde7Qn1lQy6ZNfJxGrVP2ehFEWCTjIMjaJQOjNDDuU1TeQhJsjoADOxbFVjx9vl5SNoo:1rFYe1:5KYSrUkcZ0ErIAkIGYeNp9PpOavIPvjDJuWdbyFRnto','2024-01-02 11:52:17.807798'),('njbympzm1vq5jbgfg5g1iujd2a39np3q','.eJxVizsOwjAQRO_iGkVe_FtTwhmorfXGKyMESDiuEHdPIrmAakYz731Uor7U1Ft5p9usTgrU4XfLxPfy3I_RppFtuvS2vB7XjToP6M-s1OqmWRGHpgB5IECPGKNgcCYIayuZjQ5FwPgQvGQXydF8RGGrDcci6NV3BS4RNUs:1rpzCd:TZNaFksTk7fO9N2z-Zpc26W87F7WN2mPuQraiZvYu9M','2024-04-11 23:30:35.740263'),('nlf3ywvvc8w7g60u02glnv8tbnu1cgca','.eJxVizsOwjAQRO_iGkXxP0tJzkBtrde7MkKAhOMKcXeC5AKqGc2891IJ-1ZTb_xMl6KOyqnD75aRrnz_HqNNI9u09rY9buedOg3oz6zY6q75YmTJyARitSngdI4M0TtLWCCambxZJNgZGQMzIIgPVoIn0ZKF1fsDUhg2Ww:1rqIvG:U6QpLCbtQxZPbB00Hv4uaDXVlstEWhDqIlDaAdzZQFA','2024-04-12 20:33:58.452437'),('ns0v0karf93b3q9x3v14mnn7ekcw0ajv','.eJxVizsOwjAQRO_iGkXxP0tJzkBtrde7MkKAhOMKcXeC5AKqGc2891IJ-1ZTb_xMl6KOyqnD75aRrnz_HqNNI9u09rY9buedOg3oz6zY6q75YmTJyARitSngdI4M0TtLWCCambxZJNgZGQMzIIgPVoIn0ZKF1fsDUhg2Ww:1rjcFX:ehubS6MXXpJG81c2QHk0G2GJF5YzwzX6eTfqjAJ-WYg','2024-03-25 09:47:15.386593'),('nt5km49p2a6v8dh90nt6t23i6h7md17a','.eJxVizsOwjAQRO_iGkVe_FtTwhmorfXGKyMESDiuEHdPIrmAakYz731Uor7U1Ft5p9usTgrU4XfLxPfy3I_RppFtuvS2vB7XjToP6M-s1OqmWRGHpgB5IECPGKNgcCYIayuZjQ5FwPgQvGQXydF8RGGrDcci6NV3BS4RNUs:1rqIFO:P939dmfogDsRjtFa3-M9JSB5gyRJBdm5DIOhI1bEgMo','2024-04-12 19:50:42.910810'),('o0r0nv3a5j3zrxz7mzgrum4102vi66c9','.eJxVizsOwjAQRO_iGkVe_FtTwhmorfXGKyMESDiuEHdPIrmAakYz731Uor7U1Ft5p9usTgrU4XfLxPfy3I_RppFtuvS2vB7XjToP6M-s1OqmWRGHpgB5IECPGKNgcCYIayuZjQ5FwPgQvGQXydF8RGGrDcci6NV3BS4RNUs:1rqIFv:xzQx0rkAoH6OPUveS2oCQyGWTV3icXGBVyXXoMO1KMc','2024-04-12 19:51:15.256790'),('o3roj1tfrf29stln0absipozk4mjyx5v','.eJxVizsOwjAQRO_iGkVe_FtTwhmorfXGKyMESDiuEHdPIrmAakYz731Uor7U1Ft5p9usTgrU4XfLxPfy3I_RppFtuvS2vB7XjToP6M-s1OqmWRGHpgB5IECPGKNgcCYIayuZjQ5FwPgQvGQXydF8RGGrDcci6NV3BS4RNUs:1rja9g:K-RqtjJ_wEAXT4O-VdF49EHw5ZSAkc4cTVbrCVS50Cg','2024-03-25 07:33:04.631938'),('o54v1vluxc5y37cixn7dk9xww2vukijz','.eJxVizsOwjAQRO_iGkXxP0tJzkBtrde7MkKAhOMKcXeC5AKqGc2891IJ-1ZTb_xMl6KOyqnD75aRrnz_HqNNI9u09rY9buedOg3oz6zY6q75YmTJyARitSngdI4M0TtLWCCambxZJNgZGQMzIIgPVoIn0ZKF1fsDUhg2Ww:1rnOXO:71fPxwTLg-6Q-edrNOGciif3OK_GeLwj40wA50Atvaw','2024-04-04 19:57:18.920961'),('o8vz25f7c4t2tsqu6v8oxyc3or5jofvt','.eJxVizsOwjAQRO_iGkXxP0tJzkBtrde7MkKAhOMKcXeC5AKqGc2891IJ-1ZTb_xMl6KOyqnD75aRrnz_HqNNI9u09rY9buedOg3oz6zY6q75YmTJyARitSngdI4M0TtLWCCambxZJNgZGQMzIIgPVoIn0ZKF1fsDUhg2Ww:1rnLAV:kqsZPqgbO5-UQtSB7zg81licHeo43YKJKVZm4tuVCTo','2024-04-04 16:21:27.347378'),('obickarsbqzxs6c2xs32zy7mn2wm2gx1','.eJxVi7EOAiEQRP-F2lzg2FvA0vsGa8KySzBGTeSojP_umVBoNZOZ914qpr7V2Js844XVUYE6_G6U8lXu32O0aWSb1t62x-28U6cB_Zk1tbprgRw5yQV5YchZmCwKWiDwYZ6XwMGTAzaMhdFY0oWMBky6oATOXr0_YcA2KA:1rKLNU:YUi3g8cn_k_FzglbhvTn4J8Rkmn0oCC_E9IgD2YLsmo','2024-01-15 18:43:00.911831'),('obx01uykq4246xr3pl1hkhfj7f2qirab','.eJxVi7EOAiEQRP-F2lxY2IPF0vsGa7LsQTBGTeSojP_umVBoNZOZ914qct9q7C0_42VVRwVOHX7HxHLN9-8z2jSyTUtv2-N23qnTgP7Myq3umnV2Zu0NYSYTRDIYYY1sCgRw4mZPxRNoEijJ4eotopFSgmWrmZJ6fwA9YTT0:1rrJI8:rJsZXVfzS_jvu6ZMkCM7WRvyUIordAlBO4vQyZeG_Dc','2024-04-15 15:09:44.988875'),('oe2lh1m0rdcdt4m5wnomp2rt9ihgeyxo','.eJxVi7EOAiEQRP-F2lxY2IPF0vsGa7LsQTBGTeSojP_umVBoNZOZ914qct9q7C0_42VVRwVOHX7HxHLN9-8z2jSyTUtv2-N23qnTgP7Myq3umnV2Zu0NYSYTRDIYYY1sCgRw4mZPxRNoEijJ4eotopFSgmWrmZJ6fwA9YTT0:1rpzIt:_8H6d-Z4r8k2sOP_82M_R5SKJl2FctdT4oXqTw_LZkA','2024-04-11 23:37:03.486494'),('of3h8hqj9vyhmmv4ie0kbskks5vb76dt','.eJxVizsOwjAQRO_iGkVe_FtTwhmorfXGKyMESDiuEHdPIrmAakYz731Uor7U1Ft5p9usTgrU4XfLxPfy3I_RppFtuvS2vB7XjToP6M-s1OqmWRGHpgB5IECPGKNgcCYIayuZjQ5FwPgQvGQXydF8RGGrDcci6NV3BS4RNUs:1rrOHL:7tJ0Ikh5L4tAKqthCb52bHYjupA1ecUzG5te_Bf2eFg','2024-04-15 20:29:15.003596'),('oikkotc4evcy2cfsnx58gm9ytjvt56tv','.eJxVizsOwjAQRO_iGkXxP0tJzkBtrde7MkKAhOMKcXeC5AKqGc2891IJ-1ZTb_xMl6KOyqnD75aRrnz_HqNNI9u09rY9buedOg3oz6zY6q75YmTJyARitSngdI4M0TtLWCCambxZJNgZGQMzIIgPVoIn0ZKF1fsDUhg2Ww:1rrktb:MLH6tiTCtkk8GXAk7aL57mLSS35L0BQIGh9saEMx4wE','2024-04-16 20:38:15.508295'),('ooafj109bcch8i65dtl1g4m0uwp4xz3c','.eJxVizsOwjAQRO_iGkXxP0tJzkBtrde7MkKAhOMKcXeC5AKqGc2891IJ-1ZTb_xMl6KOyqnD75aRrnz_HqNNI9u09rY9buedOg3oz6zY6q75YmTJyARitSngdI4M0TtLWCCambxZJNgZGQMzIIgPVoIn0ZKF1fsDUhg2Ww:1rojML:4uqcLQdSpsd-oB0ln9cF4JbN6plozXYT_rj1Efauw00','2024-04-08 12:23:25.646340'),('oodr7mfk1ezdnic81a61m9vvnljc4rgn','.eJxVi7EOAiEQRP-F2lzg2FvA0vsGa8KySzBGTeSojP_umVBoNZOZ914qpr7V2Js844XVUYE6_G6U8lXu32O0aWSb1t62x-28U6cB_Zk1tbprgRw5yQV5YchZmCwKWiDwYZ6XwMGTAzaMhdFY0oWMBky6oATOXr0_YcA2KA:1rIUO0:U28FZBPTA4hoeuD_00g_ooPCgNeyAJgNYrqXEr4u650','2024-01-10 13:55:52.340214'),('ork1xnyptzj6z5m0zn7wagqpkj5gdaq6','.eJxVizsOwjAQRO_iGkXxP0tJzkBtrde7MkKAhOMKcXeC5AKqGc2891IJ-1ZTb_xMl6KOyqnD75aRrnz_HqNNI9u09rY9buedOg3oz6zY6q75YmTJyARitSngdI4M0TtLWCCambxZJNgZGQMzIIgPVoIn0ZKF1fsDUhg2Ww:1rnKvj:MrhI6UoGuK7ELJQsVxAwnrYE16hTSBHuRnzrzL3pPFY','2024-04-04 16:06:11.649450'),('os0q45al61s60xe8pzu1jwdyihk8ukyr','.eJxVizsOwjAQRO_iGkXxP0tJzkBtrde7MkKAhOMKcXeC5AKqGc2891IJ-1ZTb_xMl6KOyqnD75aRrnz_HqNNI9u09rY9buedOg3oz6zY6q75YmTJyARitSngdI4M0TtLWCCambxZJNgZGQMzIIgPVoIn0ZKF1fsDUhg2Ww:1rqIy7:2CNEDzTRlDnE582Sk3a71TWo2cfHiOYot4zqoR6XuOQ','2024-04-12 20:36:55.695148'),('oypr5h75acmypja1tqeb6rogjdlowclg','.eJxVizsOwjAQRO_iGkXxP0tJzkBtrde7MkKAhOMKcXeC5AKqGc2891IJ-1ZTb_xMl6KOyqnD75aRrnz_HqNNI9u09rY9buedOg3oz6zY6q75YmTJyARitSngdI4M0TtLWCCambxZJNgZGQMzIIgPVoIn0ZKF1fsDUhg2Ww:1rqzDH:mAWu-4yhHMi2RqxHHJ455Lgh23HNPEA3UWX8Y6J_bR8','2024-04-14 17:43:23.046041'),('p285azxl69wy5y20s6p61hi6j5ypi1vx','.eJxVi7EOAiEQRP-F2lzg2FvA0vsGa8KySzBGTeSojP_umVBoNZOZ914qpr7V2Js844XVUYE6_G6U8lXu32O0aWSb1t62x-28U6cB_Zk1tbprgRw5yQV5YchZmCwKWiDwYZ6XwMGTAzaMhdFY0oWMBky6oATOXr0_YcA2KA:1rIOPB:zByve7C9DX_b_mpp-vwQ63rS7MdtYk1ehPfeCWN1nJ8','2024-01-10 07:32:41.517532'),('p4p7c4v6ij8y8lw85uyuo17eyrffds4z','.eJxVizsOwjAQRO_iGkXxP0tJzkBtrde7MkKAhOMKcXeC5AKqGc2891IJ-1ZTb_xMl6KOyqnD75aRrnz_HqNNI9u09rY9buedOg3oz6zY6q75YmTJyARitSngdI4M0TtLWCCambxZJNgZGQMzIIgPVoIn0ZKF1fsDUhg2Ww:1rrOfW:LeLyHZDg_kW3nyQCxtSh8r8WOvgireh4mRREhaDTUwM','2024-04-15 20:54:14.603235'),('p6q2khb0ega9lug8e9bxpb4vt2223agt','.eJxVizsOwjAQRO_iGkXxP0tJzkBtrde7MkKAhOMKcXeC5AKqGc2891IJ-1ZTb_xMl6KOyqnD75aRrnz_HqNNI9u09rY9buedOg3oz6zY6q75YmTJyARitSngdI4M0TtLWCCambxZJNgZGQMzIIgPVoIn0ZKF1fsDUhg2Ww:1rry0i:oYG8vN7_31SyawNaJM6DrLwNeMRC8Ix4zTfUzejgPL4','2024-04-17 10:38:28.087246'),('p8jb34fdvl6b9l96nnjvr7d4c877b4ck','.eJxVizsOwjAQRO_iGkXxP0tJzkBtrde7MkKAhOMKcXeC5AKqGc2891IJ-1ZTb_xMl6KOyqnD75aRrnz_HqNNI9u09rY9buedOg3oz6zY6q75YmTJyARitSngdI4M0TtLWCCambxZJNgZGQMzIIgPVoIn0ZKF1fsDUhg2Ww:1rcgoo:nZcG1CO323OLYKEgro-Cec0EFvsqE0v1JRVY3liKykY','2024-03-06 07:15:02.180528'),('p8knrupr2fi1lfxfj8xh0bwvc2e6bkts','.eJxVizsOwjAQRO_iGkXxP0tJzkBtrde7MkKAhOMKcXeC5AKqGc2891IJ-1ZTb_xMl6KOyqnD75aRrnz_HqNNI9u09rY9buedOg3oz6zY6q75YmTJyARitSngdI4M0TtLWCCambxZJNgZGQMzIIgPVoIn0ZKF1fsDUhg2Ww:1rrORK:2P9xj1ZY2P-gCVZmWJ2CIIoHB18FY2jNynTtEmtFQOk','2024-04-15 20:39:34.220712'),('pa4x3a9jjkcradx6jgbl72fpaopxlywt','.eJxVizsOwjAQRO_iGkVe_FtTwhmorfXGKyMESDiuEHdPIrmAakYz731Uor7U1Ft5p9usTgrU4XfLxPfy3I_RppFtuvS2vB7XjToP6M-s1OqmWRGHpgB5IECPGKNgcCYIayuZjQ5FwPgQvGQXydF8RGGrDcci6NV3BS4RNUs:1rqtlj:rY78JXJl8_8XmkgZ_AxkqHOpxub6rdJ3rUJDAttaNYE','2024-04-14 11:54:35.436395'),('pa59rzrkf524069a989ednp9xaeeucqv','.eJxVizsOwjAQRO_iGkVe_FtTwhmorfXGKyMESDiuEHdPIrmAakYz731Uor7U1Ft5p9usTgrU4XfLxPfy3I_RppFtuvS2vB7XjToP6M-s1OqmWRGHpgB5IECPGKNgcCYIayuZjQ5FwPgQvGQXydF8RGGrDcci6NV3BS4RNUs:1rqJ5G:wAOHmPIn4TfYujaDvmNXnl_rXi0Jv3nzH4jgE4Byyvw','2024-04-12 20:44:18.125123'),('pckcntithjknaidl5nanoajeqt8eo795','.eJxVizsOwjAQRO_iGkXxP0tJzkBtrde7MkKAhOMKcXeC5AKqGc2891IJ-1ZTb_xMl6KOyqnD75aRrnz_HqNNI9u09rY9buedOg3oz6zY6q75YmTJyARitSngdI4M0TtLWCCambxZJNgZGQMzIIgPVoIn0ZKF1fsDUhg2Ww:1rcgu8:WlPGJbB8EZBtN10EPf0w1YIKHgfKyHbwu0ZbElx67Yg','2024-03-06 07:20:32.233234'),('pdskq1pm4xwpcdsqninhtco2qimxn9ou','.eJxVi0EOwiAURO_y16bhFyrg0p7BNRkKPxijJlJWxrvbJix0NZOZ994U0NYSWs2vcE10IqbD7xax3PJjP3obetZhbnV93i8bde7Qn1lQy6ZNfJxGrVP2ehFEWCTjIMjaJQOjNDDuU1TeQhJsjoADOxbFVjx9vl5SNoo:1rDPnP:dbusGHLormVBm4FIhB_esKLs0ACtdIKKaayMIvpe8_8','2023-12-27 14:01:07.920806'),('pjrns24m7xib6ljv1ilcr7f44kj7i0pz','.eJxVizsOwjAQRO_iGkXxP0tJzkBtrde7MkKAhOMKcXeC5AKqGc2891IJ-1ZTb_xMl6KOyqnD75aRrnz_HqNNI9u09rY9buedOg3oz6zY6q75YmTJyARitSngdI4M0TtLWCCambxZJNgZGQMzIIgPVoIn0ZKF1fsDUhg2Ww:1rrJ9m:VAwrq_uZL8Fq7qLYv9_gv_YWUJPtrh0yhw2S7bi63pU','2024-04-15 15:01:06.690513'),('pm5tj3uneo97pmcr6gx8qzmbeczwbdg5','.eJxVizsOwjAQRO_iGkVeJ_5RkjNQW7vrjYwQIOG4QtwdI7mAakbz3rxUwraX1Ko80yWrowKnDr8jIV_l_iWjTSPrtLa6P27nbp2G9PcsWEu_oUSTLQhwJNwIEfwcggsaspdI1vPMCwaGvGkjkokNgV10p0joUL0_hy027w:1rSa9y:CQnhaKBDWyUj5p4GMAbk4hzoUL9CTz54T8cjcF3fEUw','2024-02-07 12:07:06.254991'),('pnek6y8dnva3a9v6sctmv9frvw94clfr','.eJxVi0EOwiAURO_y16bhFyrg0p7BNRkKPxijJlJWxrvbJix0NZOZ994U0NYSWs2vcE10IqbD7xax3PJjP3obetZhbnV93i8bde7Qn1lQy6ZNfJxGrVP2ehFEWCTjIMjaJQOjNDDuU1TeQhJsjoADOxbFVjx9vl5SNoo:1rFZaC:7N3fasO36_aNv97fW-4XWAnpCfGRCRJkZ2ivaWpnvc8','2024-01-02 12:52:24.439163'),('ppuk1um5k9c6g80nf13t1y1yzy9o7947','.eJxVizsOwjAQRO_iGkXxP0tJzkBtrde7MkKAhOMKcXeC5AKqGc2891IJ-1ZTb_xMl6KOyqnD75aRrnz_HqNNI9u09rY9buedOg3oz6zY6q75YmTJyARitSngdI4M0TtLWCCambxZJNgZGQMzIIgPVoIn0ZKF1fsDUhg2Ww:1rtDL2:JimInzhtyH6P-1nsVHO41gYBMEjiONKR2Us4s5_UC9A','2024-04-20 21:12:36.192017'),('pqh1gaoh43djgxt7wmqnpbioal8s03ya','.eJxVi7EOAiEQRP-F2lzg2FvA0vsGa8KySzBGTeSojP_umVBoNZOZ914qpr7V2Js844XVUYE6_G6U8lXu32O0aWSb1t62x-28U6cB_Zk1tbprgRw5yQV5YchZmCwKWiDwYZ6XwMGTAzaMhdFY0oWMBky6oATOXr0_YcA2KA:1rMFm8:HqChG8mVeC44DfvIKMl7XIXjgmahSW5FaXLjuodJLb8','2024-01-20 23:08:20.654381'),('pqyuczfdpgimflkxzbzrsdu7x16b9iq5','.eJxVi7EOAiEQRP-F2lzg2FvA0vsGa8KySzBGTeSojP_umVBoNZOZ914qpr7V2Js844XVUYE6_G6U8lXu32O0aWSb1t62x-28U6cB_Zk1tbprgRw5yQV5YchZmCwKWiDwYZ6XwMGTAzaMhdFY0oWMBky6oATOXr0_YcA2KA:1rMRkf:6B6OcbN12nAWIVNO3e1o1S0R7gEQqSGLx8XRyxdmA6c','2024-01-21 11:55:37.452542'),('psn4h6ndwmgjz8xwnrcfcscbx2krxqk3','.eJxVi0EOwiAURO_y16bhFyrg0p7BNRkKPxijJlJWxrvbJix0NZOZ994U0NYSWs2vcE10IqbD7xax3PJjP3obetZhbnV93i8bde7Qn1lQy6ZNfJxGrVP2ehFEWCTjIMjaJQOjNDDuU1TeQhJsjoADOxbFVjx9vl5SNoo:1rFgw0:BCF2faEZDhi7mtG3tusF4zEK1WhYzosX_2iCXD0uuMY','2024-01-02 20:43:24.846608'),('puzq9oe2m8691qk4g2w77kr7abqkixym','.eJxVi7EOAiEQRP-F2lxY2IPF0vsGa7LsQTBGTeSojP_umVBoNZOZ914qct9q7C0_42VVRwVOHX7HxHLN9-8z2jSyTUtv2-N23qnTgP7Myq3umnV2Zu0NYSYTRDIYYY1sCgRw4mZPxRNoEijJ4eotopFSgmWrmZJ6fwA9YTT0:1rqxcU:IpyNNTNpOImBjrYsJOPyIZe_RYmWDuddv1yC6FUriSM','2024-04-14 16:01:18.599510'),('px7ivfk9tmq9y4lpuz5s430m0ebt2fqb','.eJxVizsOwjAQRO_iGkXxP0tJzkBtrde7MkKAhOMKcXeC5AKqGc2891IJ-1ZTb_xMl6KOyqnD75aRrnz_HqNNI9u09rY9buedOg3oz6zY6q75YmTJyARitSngdI4M0TtLWCCambxZJNgZGQMzIIgPVoIn0ZKF1fsDUhg2Ww:1reiS0:Ex-KtFL3xZIc8j5RPoB0c5J6FFkCE5k3BfEUUDKUzA0','2024-03-11 21:23:52.222081'),('pxtwkd9h1nt8sbcez53ddygv8p3bbyse','.eJxVi0EOwiAURO_y16bhFyrg0p7BNRkKPxijJlJWxrvbJix0NZOZ994U0NYSWs2vcE10IqbD7xax3PJjP3obetZhbnV93i8bde7Qn1lQy6ZNfJxGrVP2ehFEWCTjIMjaJQOjNDDuU1TeQhJsjoADOxbFVjx9vl5SNoo:1rGLs5:kQEjnnloM4B3OIX6OxLMeEFInrMCC9O3DsF-T38XU38','2024-01-04 16:26:05.357580'),('py035xlsls8ivxjq7xxac3ja6obh3x8l','.eJxVizsOwjAQRO_iGkXxP0tJzkBtrde7MkKAhOMKcXeC5AKqGc2891IJ-1ZTb_xMl6KOyqnD75aRrnz_HqNNI9u09rY9buedOg3oz6zY6q75YmTJyARitSngdI4M0TtLWCCambxZJNgZGQMzIIgPVoIn0ZKF1fsDUhg2Ww:1rqvaw:d8DSfxJyx9bmOFj4QL69BcqQTi16Yh4Qu2NmRqkxwxQ','2024-04-14 13:51:34.802233'),('pyzqj2ltgz6rboyg7jr4r590z76ofa5a','.eJxVizsOwjAQRO_iGkVe_FtTwhmorfXGKyMESDiuEHdPIrmAakYz731Uor7U1Ft5p9usTgrU4XfLxPfy3I_RppFtuvS2vB7XjToP6M-s1OqmWRGHpgB5IECPGKNgcCYIayuZjQ5FwPgQvGQXydF8RGGrDcci6NV3BS4RNUs:1rq9z4:gKjaMBJxEcjvZdx__ORoJLaL-ghITW6MSkncWD4DRuE','2024-04-12 11:01:18.512676'),('pzwi959vta4qltzh7misjrjh2h2wd2u6','.eJxVi0EOwiAURO_y16bhFyrg0p7BNRkKPxijJlJWxrvbJix0NZOZ994U0NYSWs2vcE10IqbD7xax3PJjP3obetZhbnV93i8bde7Qn1lQy6ZNfJxGrVP2ehFEWCTjIMjaJQOjNDDuU1TeQhJsjoADOxbFVjx9vl5SNoo:1rFjHE:0bsqxBkMte5bsKm3OBy86C823KaG-t_TfoPh6nIw1Cg','2024-01-02 23:13:28.570748'),('q002n0k717lesi95c6rmvmdne7nzio86','.eJxVi0EOwiAURO_y16bhFyrg0p7BNRkKPxijJlJWxrvbJix0NZOZ994U0NYSWs2vcE10IqbD7xax3PJjP3obetZhbnV93i8bde7Qn1lQy6ZNfJxGrVP2ehFEWCTjIMjaJQOjNDDuU1TeQhJsjoADOxbFVjx9vl5SNoo:1rFvMb:nBL-DZKccfTewb_HqmmLTIy4ImdFdxJui_Qq7Ypncx4','2024-01-03 12:07:49.462090'),('q0ozolh09mgujkux3o8m9aw7pnwvu7jt','.eJxVizsOwjAQRO_iGkXxP0tJzkBtrde7MkKAhOMKcXeC5AKqGc2891IJ-1ZTb_xMl6KOyqnD75aRrnz_HqNNI9u09rY9buedOg3oz6zY6q75YmTJyARitSngdI4M0TtLWCCambxZJNgZGQMzIIgPVoIn0ZKF1fsDUhg2Ww:1rh40b:gxOsM5OSRu3QdeI3hF9-Zarl-5wRmr7wF2Gd4L_BVvE','2024-03-18 08:49:17.723591'),('q2qfnf11vltinhvt7vrpfpvsy3p624iu','.eJxVi0EOwiAURO_y16bhFyrg0p7BNRkKPxijJlJWxrvbJix0NZOZ994U0NYSWs2vcE10IqbD7xax3PJjP3obetZhbnV93i8bde7Qn1lQy6ZNfJxGrVP2ehFEWCTjIMjaJQOjNDDuU1TeQhJsjoADOxbFVjx9vl5SNoo:1rFxbM:Xb2pNV8vaBS4tlNcUlS7mGhqb1xuvi5JZc4REaIG1JI','2024-01-03 14:31:12.920746'),('q3cem9eovkmk5oe1xrctbf6xdzqw7sbw','.eJxVi0EOwiAURO_y16bhFyrg0p7BNRkKPxijJlJWxrvbJix0NZOZ994U0NYSWs2vcE10IqbD7xax3PJjP3obetZhbnV93i8bde7Qn1lQy6ZNfJxGrVP2ehFEWCTjIMjaJQOjNDDuU1TeQhJsjoADOxbFVjx9vl5SNoo:1rGfR2:NwTFiXN5JF-7A0IhCdY34seWVkkluZHrmqLEEzltagc','2024-01-05 13:19:28.985656'),('q4q2o7tvlkpetzbmnv8ktmidmxabmrwc','e30:1rGH7t:hPrbkd9ARd1nxnMXJKLv0HYqFXqs6CFAQkW266ZFYqo','2024-01-04 11:22:05.989939'),('q67gsveapwi1vpxajn9s8fp6mvp4bb66','.eJxVizsOwjAQRO_iGkXxP0tJzkBtrde7MkKAhOMKcXeC5AKqGc2891IJ-1ZTb_xMl6KOyqnD75aRrnz_HqNNI9u09rY9buedOg3oz6zY6q75YmTJyARitSngdI4M0TtLWCCambxZJNgZGQMzIIgPVoIn0ZKF1fsDUhg2Ww:1rrJHc:yk9_5KwHp5Bo1SYrbpzJ11_s8K9VyH2d1_B_7HWqIzA','2024-04-15 15:09:12.318839'),('q9izhx9l5xzbdbudb6a6z8xguopvfkfh','.eJxVi0EOwiAURO_y16bhFyrg0p7BNRkKPxijJlJWxrvbJix0NZOZ994U0NYSWs2vcE10IqbD7xax3PJjP3obetZhbnV93i8bde7Qn1lQy6ZNfJxGrVP2ehFEWCTjIMjaJQOjNDDuU1TeQhJsjoADOxbFVjx9vl5SNoo:1rFv3L:rgcGm5ZSk3w8XWYYUUpYD92nA4-354BEb67IfZGuqaE','2024-01-03 11:47:55.670001'),('q9wi5yi64zcnue3zp1n7hv89y1oyvsl3','.eJxVizsOwjAQRO_iGkVe_FtTwhmorfXGKyMESDiuEHdPIrmAakYz731Uor7U1Ft5p9usTgrU4XfLxPfy3I_RppFtuvS2vB7XjToP6M-s1OqmWRGHpgB5IECPGKNgcCYIayuZjQ5FwPgQvGQXydF8RGGrDcci6NV3BS4RNUs:1rnOyY:9rbxhALXeT4RIULgzzaRUnMI2gOMd3Ioi0RJ6p6QTmM','2024-04-04 20:25:22.558588'),('qbpk158fihvhjgq0m7zatky9842alslq','.eJxVizsOwjAQRO_iGkXxP0tJzkBtrde7MkKAhOMKcXeC5AKqGc2891IJ-1ZTb_xMl6KOyqnD75aRrnz_HqNNI9u09rY9buedOg3oz6zY6q75YmTJyARitSngdI4M0TtLWCCambxZJNgZGQMzIIgPVoIn0ZKF1fsDUhg2Ww:1rrkmU:53dvQXj4HUP7csDESdCJjn05hmgopDBFciiMfSsFlAo','2024-04-16 20:30:54.026697'),('qdoor3mmmg8bhy6sat5wv20v5tq1ks92','.eJxVi7EOAiEQRP-F2lzg2FvA0vsGa8KySzBGTeSojP_umVBoNZOZ914qpr7V2Js844XVUYE6_G6U8lXu32O0aWSb1t62x-28U6cB_Zk1tbprgRw5yQV5YchZmCwKWiDwYZ6XwMGTAzaMhdFY0oWMBky6oATOXr0_YcA2KA:1rIP6d:nIFe7dlIjxhcy7aVkxmekDGvH-ryIDBco-sRm8NoY5c','2024-01-10 08:17:35.947117'),('qgbujf6tdyodedxpu5bj7ve5d8h5x5sn','.eJxVi0EOwiAURO_y16bhFyrg0p7BNRkKPxijJlJWxrvbJix0NZOZ994U0NYSWs2vcE10IqbD7xax3PJjP3obetZhbnV93i8bde7Qn1lQy6ZNfJxGrVP2ehFEWCTjIMjaJQOjNDDuU1TeQhJsjoADOxbFVjx9vl5SNoo:1rFy7M:0WUrT_W7U00HHisCbGYxGIjPwJ_QjQCtL1lGZJ-JU2k','2024-01-03 15:04:16.148769'),('qggr5vsxjb7xl3ffq787yt4s9o8iwwkl','.eJxVizsOwjAQRO_iGkXxP0tJzkBtrde7MkKAhOMKcXeC5AKqGc2891IJ-1ZTb_xMl6KOyqnD75aRrnz_HqNNI9u09rY9buedOg3oz6zY6q75YmTJyARitSngdI4M0TtLWCCambxZJNgZGQMzIIgPVoIn0ZKF1fsDUhg2Ww:1rrJ8O:tlt0CHo15gpNDMcBeVsGgecJnM0d7fd748VqCLL8ERY','2024-04-15 14:59:40.019427'),('qlekous2tzmrnjbl3jcz94ajbafv0o4v','.eJxVi0EOwiAURO_y16bhFyrg0p7BNRkKPxijJlJWxrvbJix0NZOZ994U0NYSWs2vcE10IqbD7xax3PJjP3obetZhbnV93i8bde7Qn1lQy6ZNfJxGrVP2ehFEWCTjIMjaJQOjNDDuU1TeQhJsjoADOxbFVjx9vl5SNoo:1rDPW8:jKMaMnPO7ZuXbimWHx7CUHVfncqV-JltsABVGZ5jyJU','2023-12-27 13:43:16.287125'),('qlp4n533aob8znw5a630ysqj6xczadai','.eJxVizsOwjAQRO_iGkVeJ_5RkjNQW7vrjYwQIOG4QtwdI7mAakbz3rxUwraX1Ko80yWrowKnDr8jIV_l_iWjTSPrtLa6P27nbp2G9PcsWEu_oUSTLQhwJNwIEfwcggsaspdI1vPMCwaGvGkjkokNgV10p0joUL0_hy027w:1rQmRH:rw-s5dDx84K4csnxSAOzxctPyQUaOQVx6EoB2jIQWdE','2024-02-02 12:49:31.640879'),('qmvu8pmli0nz6wqlbq2s1e2wq5123hwh','.eJxVizsOwjAQRO_iGkVe_FtTwhmorfXGKyMESDiuEHdPIrmAakYz731Uor7U1Ft5p9usTgrU4XfLxPfy3I_RppFtuvS2vB7XjToP6M-s1OqmWRGHpgB5IECPGKNgcCYIayuZjQ5FwPgQvGQXydF8RGGrDcci6NV3BS4RNUs:1rncQx:XqR9UDiprXA6pHfujYwAc0r1vkb9HOwd_-E3boz3FSk','2024-04-05 10:47:35.480427'),('qp9vsyjhvhlo0ykang25l04du5b5isnr','.eJxVizsOwjAQRO_iGkXxP0tJzkBtrde7MkKAhOMKcXeC5AKqGc2891IJ-1ZTb_xMl6KOyqnD75aRrnz_HqNNI9u09rY9buedOg3oz6zY6q75YmTJyARitSngdI4M0TtLWCCambxZJNgZGQMzIIgPVoIn0ZKF1fsDUhg2Ww:1rnGax:FR3NrPq_nCxtNI1aDho3jAK-F-ovKn7ZpERVxtxa4UI','2024-04-04 11:28:27.437447'),('qr028md0269ukrdnd6stbmzpkdpzq99e','.eJxVi7EOAiEQRP9la3OBBLjFUr_BmuwuSzBGTeSoLv67mFBoMzOZebNDor7V1Ju-0jXDETzC4bdkkps-vstMy_S2nHvbnvfLoE4T-ntWanXcJBQjQQyzMIquxZTsPTIVdUrZskOWNbJ4y5Y4WIpOs48BzVCL8P4Ash43Cw:1rtYkU:fOyt97Ooa0AJepDIGPGFLTgWPU7-vgZA-l5YDqv5-E0','2024-04-21 20:04:18.903056'),('qtbn5mit5ds0fr3e8x5cuwvtw22g8gz5','.eJxVi7EOAiEQRP-F2lzg2FvA0vsGa8KySzBGTeSojP_umVBoNZOZ914qpr7V2Js844XVUYE6_G6U8lXu32O0aWSb1t62x-28U6cB_Zk1tbprgRw5yQV5YchZmCwKWiDwYZ6XwMGTAzaMhdFY0oWMBky6oATOXr0_YcA2KA:1rJ7Az:VbkMqu6YJ1bEBp6iyU3sQLwRqVP311Vn6hJ117Btz68','2024-01-12 09:21:01.286647'),('qvfrmnh0l2z6p2yeocnal58aq6drmzmh','.eJxVizsOwjAQRO_iGkXxP0tJzkBtrde7MkKAhOMKcXeC5AKqGc2891IJ-1ZTb_xMl6KOyqnD75aRrnz_HqNNI9u09rY9buedOg3oz6zY6q75YmTJyARitSngdI4M0TtLWCCambxZJNgZGQMzIIgPVoIn0ZKF1fsDUhg2Ww:1rrJJW:_k5simhAxJEyXG6HCLjNko9lLxWJR0iR12bqUqVwM2o','2024-04-15 15:11:10.690307'),('qx6nf3qmgg1d5ng0ioua16pvxfu96n2n','.eJxVi0EOwiAURO_y16bhFyrg0p7BNRkKPxijJlJWxrvbJix0NZOZ994U0NYSWs2vcE10IqbD7xax3PJjP3obetZhbnV93i8bde7Qn1lQy6ZNfJxGrVP2ehFEWCTjIMjaJQOjNDDuU1TeQhJsjoADOxbFVjx9vl5SNoo:1rFuvP:BMXNkSFduqGesDL8t4yG-yRClWkgjTkdzuMVE6ZpH4Q','2024-01-03 11:39:43.831316'),('r0114lkjptojeznbbnngyc2j5ykll7nl','.eJxVi7EOAiEQRP-F2lxY2IPF0vsGa7LsQTBGTeSojP_umVBoNZOZ914qct9q7C0_42VVRwVOHX7HxHLN9-8z2jSyTUtv2-N23qnTgP7Myq3umnV2Zu0NYSYTRDIYYY1sCgRw4mZPxRNoEijJ4eotopFSgmWrmZJ6fwA9YTT0:1rrOX2:jEhxABFwZWb6X9RdK4cRatiwVB4bY_khwZ25cOg8QlU','2024-04-15 20:45:28.209176'),('r43khrmsswow1domzjpodk3ahfwczsvu','.eJxVizsOwjAQRO_iGkXxP0tJzkBtrde7MkKAhOMKcXeC5AKqGc2891IJ-1ZTb_xMl6KOyqnD75aRrnz_HqNNI9u09rY9buedOg3oz6zY6q75YmTJyARitSngdI4M0TtLWCCambxZJNgZGQMzIIgPVoIn0ZKF1fsDUhg2Ww:1rnGbI:flFyjobBI16dDiXqHUBeqhAOgcGe1Z5axhGK6h0xfX0','2024-04-04 11:28:48.174122'),('r4l8aq4v9qz5msihpd8wtmvfsbm1as5v','.eJxVi7EOAiEQRP-F2lzg2FvA0vsGa8KySzBGTeSojP_umVBoNZOZ914qpr7V2Js844XVUYE6_G6U8lXu32O0aWSb1t62x-28U6cB_Zk1tbprgRw5yQV5YchZmCwKWiDwYZ6XwMGTAzaMhdFY0oWMBky6oATOXr0_YcA2KA:1rINnM:FdXBWAT352TyWefkZ5Wg9nfc6zNQPFhTVzPw6RZVrtw','2024-01-10 06:53:36.273044'),('r4mtxrcqpjju419truuhin3tmjqxz715','.eJxVizsOwjAQRO_iGkXxP0tJzkBtrde7MkKAhOMKcXeC5AKqGc2891IJ-1ZTb_xMl6KOyqnD75aRrnz_HqNNI9u09rY9buedOg3oz6zY6q75YmTJyARitSngdI4M0TtLWCCambxZJNgZGQMzIIgPVoIn0ZKF1fsDUhg2Ww:1rrKWk:gpeYHPESRzO5VBzgfBWbYrDLuTtl2L7mudIGJLVSQMc','2024-04-15 16:28:54.742378'),('r6xqldbuajt01t0cfhe6xs9q8fbh3txu','.eJxVi8EOwiAQRP-Fs2kWui3g0X6DZwK7bDBGTaScTP-9NeGgp5nMvPdRIba1hFbzO9xYnZVWp98tRbrn5_fobehZh6XV9fW4HtSlQ39mibUcmkENZoQk0XnKRMAyWpzZTZ4EgRGBHM7CGqwVk5H9pNmK1xhtIqO2HTUCNVE:1rN5xr:bd_cohXayPN-iUuqqOXGIE1lUfEXKo3_96lCpvk0XqU','2024-01-23 06:51:55.834146'),('r7aj4ikcmfg608obkjoasrns3dgxzpmv','.eJxVizsOwjAQRO_iGkVeJ_5RkjNQW7vrjYwQIOG4QtwdI7mAakbz3rxUwraX1Ko80yWrowKnDr8jIV_l_iWjTSPrtLa6P27nbp2G9PcsWEu_oUSTLQhwJNwIEfwcggsaspdI1vPMCwaGvGkjkokNgV10p0joUL0_hy027w:1rVGVY:MAB5bye6y_fhOwlV9OdeDcR89oCZZ7MsH6oV7uxQyPs','2024-02-14 19:44:28.638717'),('r7hr9bu1eq1k9wfmxziupopcwv97le72','.eJxVizsOwjAQRO_iGkXxP0tJzkBtrde7MkKAhOMKcXeC5AKqGc2891IJ-1ZTb_xMl6KOyqnD75aRrnz_HqNNI9u09rY9buedOg3oz6zY6q75YmTJyARitSngdI4M0TtLWCCambxZJNgZGQMzIIgPVoIn0ZKF1fsDUhg2Ww:1rqE4L:GLtefIeeHIOSdw61f6-M2djCEcMfH3nFIY7tEKN_0dE','2024-04-12 15:23:01.648174'),('r7pzrq0e6m8vo7fky7sv3ubuagwuof5n','.eJxVizsOwjAQRO_iGkXxP0tJzkBtrde7MkKAhOMKcXeC5AKqGc2891IJ-1ZTb_xMl6KOyqnD75aRrnz_HqNNI9u09rY9buedOg3oz6zY6q75YmTJyARitSngdI4M0TtLWCCambxZJNgZGQMzIIgPVoIn0ZKF1fsDUhg2Ww:1rpnnN:yjf6MudmYrQU-MtVvA8ygLqnJoCnaAiIunV-Ok8q4j0','2024-04-11 11:19:45.599021'),('r8m3qzkq57t3yczntokgcsci10njg0xb','.eJxVi7EOAiEQRP-F2lxY2IPF0vsGa7LsQTBGTeSojP_umVBoNZOZ914qct9q7C0_42VVRwVOHX7HxHLN9-8z2jSyTUtv2-N23qnTgP7Myq3umnV2Zu0NYSYTRDIYYY1sCgRw4mZPxRNoEijJ4eotopFSgmWrmZJ6fwA9YTT0:1rcC61:JMSqsARLUC8REUJkLF7stp96b1G9hPso0NLba1yTN9s','2024-03-04 22:26:45.824429'),('rb37lcz844y3ge2dma7juh331rxvb6xe','.eJxVizsOwjAQRO_iGkVe_FtTwhmorfXGKyMESDiuEHdPIrmAakYz731Uor7U1Ft5p9usTgrU4XfLxPfy3I_RppFtuvS2vB7XjToP6M-s1OqmWRGHpgB5IECPGKNgcCYIayuZjQ5FwPgQvGQXydF8RGGrDcci6NV3BS4RNUs:1rpzHj:o_zFzXaDT3beuKf_UDr43QQG6nAhcVw5KSaDgEiHR5w','2024-04-11 23:35:51.340107'),('rbjbopf84divh7vq1d41qvel1sgx7352','.eJxVi7EOAiEQRP-F2lzg2FvA0vsGa8KySzBGTeSojP_umVBoNZOZ914qpr7V2Js844XVUYE6_G6U8lXu32O0aWSb1t62x-28U6cB_Zk1tbprgRw5yQV5YchZmCwKWiDwYZ6XwMGTAzaMhdFY0oWMBky6oATOXr0_YcA2KA:1rIm9t:D4eUUEUtILhi9vO_JV_P4jZeODe_2MMLUmw-nH8Okb0','2024-01-11 08:54:29.436448'),('rcqpzb99wwnftn8k9wax47ne0leke8wr','.eJxVi7EOAiEQRP-F2lzg2FvA0vsGa8KySzBGTeSojP_umVBoNZOZ914qpr7V2Js844XVUYE6_G6U8lXu32O0aWSb1t62x-28U6cB_Zk1tbprgRw5yQV5YchZmCwKWiDwYZ6XwMGTAzaMhdFY0oWMBky6oATOXr0_YcA2KA:1rI2kL:HttadOOJ28BO8MhC8BsPibFRRhYZT1wkpsxu9-OBuEE','2024-01-09 08:25:05.086437'),('rjw4bt7u4urqmvbqa7h3zeoig2100g5j','.eJxVizsOwjAQRO_iGkXxP0tJzkBtrde7MkKAhOMKcXeC5AKqGc2891IJ-1ZTb_xMl6KOyqnD75aRrnz_HqNNI9u09rY9buedOg3oz6zY6q75YmTJyARitSngdI4M0TtLWCCambxZJNgZGQMzIIgPVoIn0ZKF1fsDUhg2Ww:1rqtmD:O2Tk1wRzG1gLDnC6aqa8gypwwgR1n4SnpI1P1aYJkF8','2024-04-14 11:55:05.380694'),('rmc8mafmpd1gxdyz4ud1r0oagfkvxfg6','.eJxVi0EOwiAURO_y16bhFyrg0p7BNRkKPxijJlJWxrvbJix0NZOZ994U0NYSWs2vcE10IqbD7xax3PJjP3obetZhbnV93i8bde7Qn1lQy6ZNfJxGrVP2ehFEWCTjIMjaJQOjNDDuU1TeQhJsjoADOxbFVjx9vl5SNoo:1rFu48:JYTgTSOtm3-4rZWtmxbiGn49wwJpTKJiKj5Ttg4WC9g','2024-01-03 10:44:40.929641'),('rmu53k8eh7lo6eubvriqpzdvt4f23ms6','.eJxVi0EOwiAURO_y16bhFyrg0p7BNRkKPxijJlJWxrvbJix0NZOZ994U0NYSWs2vcE10IqbD7xax3PJjP3obetZhbnV93i8bde7Qn1lQy6ZNfJxGrVP2ehFEWCTjIMjaJQOjNDDuU1TeQhJsjoADOxbFVjx9vl5SNoo:1rFvOU:727XYDP-liM7PoEy-6AUTe7Fc4mTnPhu0_b6sDV4cq8','2024-01-03 12:09:46.368112'),('rmynjfs4f6bw2z2f9o8knhciyr95ex94','.eJxVizsOwjAQRO_iGkXxP0tJzkBtrde7MkKAhOMKcXeC5AKqGc2891IJ-1ZTb_xMl6KOyqnD75aRrnz_HqNNI9u09rY9buedOg3oz6zY6q75YmTJyARitSngdI4M0TtLWCCambxZJNgZGQMzIIgPVoIn0ZKF1fsDUhg2Ww:1rqsPw:QCPlLpttON_hShe5XaMPSnfcjSFQ0TUxbMMIgD89Hlo','2024-04-14 10:28:00.420560'),('rt4iep5udjkyfqdmkdsohglvk5ebzovw','.eJxVjMEOwiAQRP-Fs2kaWNjFo35Dz2SBJRijJlJOxn9vm3DQ00xm3sxHBe5rDb3JO9yyOitQp98scrrL8yiGm4a26drb-nosO3UZ0N-ycqvHn0MUQq0dJxddziYWSWILYATEPAMw0Wyjz9oXYkZvjLFASOisEfXdADzsNPA:1rOYFp:HlNhfIAySvRdvIDm_6cRF0IGz2WiAei7PBylyegJC7Y','2024-01-27 07:16:29.694825'),('ru2ozsa2p0qrjq9bxbouniu306b85c1p','.eJxVizsOwjAQRO_iGkXxP0tJzkBtrde7MkKAhOMKcXeC5AKqGc2891IJ-1ZTb_xMl6KOyqnD75aRrnz_HqNNI9u09rY9buedOg3oz6zY6q75YmTJyARitSngdI4M0TtLWCCambxZJNgZGQMzIIgPVoIn0ZKF1fsDUhg2Ww:1rnDmt:NwvpxklaOVrPYHS8Wf-8W0wrh09JwQd1f1TBatzTekk','2024-04-04 08:28:35.141509'),('rvnhv3w21src2o5lgub44l9406ik895p','.eJxVizsOwjAQRO_iGkXxP0tJzkBtrde7MkKAhOMKcXeC5AKqGc2891IJ-1ZTb_xMl6KOyqnD75aRrnz_HqNNI9u09rY9buedOg3oz6zY6q75YmTJyARitSngdI4M0TtLWCCambxZJNgZGQMzIIgPVoIn0ZKF1fsDUhg2Ww:1rpzHw:K1Tn3JGnJe-M-r2DwHrZhJNi_sk8c4E3ea7Ax_f-u1w','2024-04-11 23:36:04.809480'),('ryf493ng1jd04im0gx3afllszpjtexfv','.eJxVi7EOAiEQRP-F2lzg2FvA0vsGa8KySzBGTeSojP_umVBoNZOZ914qpr7V2Js844XVUYE6_G6U8lXu32O0aWSb1t62x-28U6cB_Zk1tbprgRw5yQV5YchZmCwKWiDwYZ6XwMGTAzaMhdFY0oWMBky6oATOXr0_YcA2KA:1rMMiV:HsQ3w2MWvb248chnMeI3QHnVD2hGIHCHAu0vPEneJXY','2024-01-21 06:33:03.406269'),('ryqww4iesqy8qpq4hrdudo23di9zxlhd','.eJxVi7EOAiEQRP-F2ly4O2AXS-8brAm7C8EYNZGjMv67mFBoNZOZ914qxLaX0Gp6houoozKoDr8jRb6m-_cZbRpZp63V_XE7d-o0oD-zxFq6hkToQAMgsrBZMxEI2KxxFU8YvZ55MX2QxSNk8pa9cSjG5jm5ROr9AWO6Nb4:1rr235:dLRNq3v2ax6A-EDZLs-NkMeSrQAyGPg-ryrRDWtu0ZE','2024-04-14 20:45:03.195794'),('s2hn740xz19fxjphn6t80kbc3rvwc6n5','.eJxVizsOwjAQRO_iGkXxP0tJzkBtrde7MkKAhOMKcXeC5AKqGc2891IJ-1ZTb_xMl6KOyqnD75aRrnz_HqNNI9u09rY9buedOg3oz6zY6q75YmTJyARitSngdI4M0TtLWCCambxZJNgZGQMzIIgPVoIn0ZKF1fsDUhg2Ww:1rtDJs:j7DYcTIjih69Z_ZTGI6nAqWSZX4bzBNTIK3gHJ-cF2M','2024-04-20 21:11:24.600820'),('s6xt1ptsroaq6y0jlng9qthhemwxsfur','.eJxVi0EOwiAURO_y16bhFyrg0p7BNRkKPxijJlJWxrvbJix0NZOZ994U0NYSWs2vcE10IqbD7xax3PJjP3obetZhbnV93i8bde7Qn1lQy6ZNfJxGrVP2ehFEWCTjIMjaJQOjNDDuU1TeQhJsjoADOxbFVjx9vl5SNoo:1rE3dA:qP4JeLl3iOcxbO3BCuNctnIODNl1NnEqRlT3vq1QSng','2023-12-29 08:33:12.906822'),('sbndp3fqs40or1k8o73cwxknslattgy1','.eJxVi7EOAiEQRP-F2lzg2FvA0vsGa8KySzBGTeSojP_umVBoNZOZ914qpr7V2Js844XVUYE6_G6U8lXu32O0aWSb1t62x-28U6cB_Zk1tbprgRw5yQV5YchZmCwKWiDwYZ6XwMGTAzaMhdFY0oWMBky6oATOXr0_YcA2KA:1rH5HK:pItelMZlujSw5s-XzJzaLTE4FdaUnUMXThZiVfk1S5Q','2024-01-06 16:55:10.537337'),('sh8wxam68475qlj1suu75b6qhfeuc93f','.eJxVi0EOwiAURO_y16bhFyrg0p7BNRkKPxijJlJWxrvbJix0NZOZ994U0NYSWs2vcE10IqbD7xax3PJjP3obetZhbnV93i8bde7Qn1lQy6ZNfJxGrVP2ehFEWCTjIMjaJQOjNDDuU1TeQhJsjoADOxbFVjx9vl5SNoo:1rFYqk:6tQseUDwx6FyiNlM3VHTU8PPOL5sWEudiFegLecv1e4','2024-01-02 12:05:26.396304'),('sl2slrybuuwrsb4skpze9pehz5ix0x0m','.eJxVi8EOwiAQRP-Fs2kWui3g0X6DZwK7bDBGTaScTP-9NeGgp5nMvPdRIba1hFbzO9xYnZVWp98tRbrn5_fobehZh6XV9fW4HtSlQ39mibUcmkENZoQk0XnKRMAyWpzZTZ4EgRGBHM7CGqwVk5H9pNmK1xhtIqO2HTUCNVE:1rMkDM:jOUHKh_ZrIA6gJgA3wHu_XrLOroZz2EYZBouWhURsmo','2024-01-22 07:38:28.398460'),('slkews8gr2q2r773lqh036v6uv3wouqg','.eJxVizsOwjAQRO_iGkXxP0tJzkBtrde7MkKAhOMKcXeC5AKqGc2891IJ-1ZTb_xMl6KOyqnD75aRrnz_HqNNI9u09rY9buedOg3oz6zY6q75YmTJyARitSngdI4M0TtLWCCambxZJNgZGQMzIIgPVoIn0ZKF1fsDUhg2Ww:1rp7ND:BPM1iO1_H8Y61VyxJmArs_u0DcqusGt58Yn0kpkZzts','2024-04-09 14:01:55.909137'),('sni8znn7ryf6q5huueogixnc3z7qj0wc','.eJxVizsOwjAQRO_iGkXxP0tJzkBtrde7MkKAhOMKcXeC5AKqGc2891IJ-1ZTb_xMl6KOyqnD75aRrnz_HqNNI9u09rY9buedOg3oz6zY6q75YmTJyARitSngdI4M0TtLWCCambxZJNgZGQMzIIgPVoIn0ZKF1fsDUhg2Ww:1rtN8u:8uYXUNojtbT3MYFmY4zT3BCUGl1oDXSkkrYrUqe0b0s','2024-04-21 07:40:44.314043'),('t0p1c13npb3exhyhfrrt81bpbra1nvhc','.eJxVizsOwjAQRO_iGkVe_FtTwhmorfXGKyMESDiuEHdPIrmAakYz731Uor7U1Ft5p9usTgrU4XfLxPfy3I_RppFtuvS2vB7XjToP6M-s1OqmWRGHpgB5IECPGKNgcCYIayuZjQ5FwPgQvGQXydF8RGGrDcci6NV3BS4RNUs:1rrKdI:5ogj-DnBpUtxgy8q1MvdOBhuG-f2RiEP2Wgt-r07h5M','2024-04-15 16:35:40.274383'),('t14h8ushuaekw1g1lslr84d6em6wv5x5','.eJxVi0EOwiAURO_y16bhFyrg0p7BNRkKPxijJlJWxrvbJix0NZOZ994U0NYSWs2vcE10IqbD7xax3PJjP3obetZhbnV93i8bde7Qn1lQy6ZNfJxGrVP2ehFEWCTjIMjaJQOjNDDuU1TeQhJsjoADOxbFVjx9vl5SNoo:1rFtEp:n8uemvZ3YrOs5_jeQyQnLSkPocvb8eiCKtO6s6SjT94','2024-01-03 09:51:39.098284'),('t37g6j2dl8mozrgsmcmfaf87onx0sdc1','.eJxVizsOwjAQRO_iGkVe_FtTwhmorfXGKyMESDiuEHdPIrmAakYz731Uor7U1Ft5p9usTgrU4XfLxPfy3I_RppFtuvS2vB7XjToP6M-s1OqmWRGHpgB5IECPGKNgcCYIayuZjQ5FwPgQvGQXydF8RGGrDcci6NV3BS4RNUs:1rp8Uh:woQ9W9uOfeY8uO6SspYZ7m0Gdnc74fKAQGDDGWjR5YI','2024-04-09 15:13:43.913108'),('t4nt97zcopxs5wfxmp7zqt4xtj6rpf4s','.eJxVi7EOAiEQRP-F2ly4O2AXS-8brAm7C8EYNZGjMv67mFBoNZOZ914qxLaX0Gp6houoozKoDr8jRb6m-_cZbRpZp63V_XE7d-o0oD-zxFq6hkToQAMgsrBZMxEI2KxxFU8YvZ55MX2QxSNk8pa9cSjG5jm5ROr9AWO6Nb4:1rrka8:KTnQOn9KFQn1ic9iTylDo-0lgUgVQQf9f3qYUvUygag','2024-04-16 20:18:08.027321'),('t5hs6f6i5ht5y6efln7ydn9fdf8cds0o','.eJxVizsOwjAQRO_iGkXxP0tJzkBtrde7MkKAhOMKcXeC5AKqGc2891IJ-1ZTb_xMl6KOyqnD75aRrnz_HqNNI9u09rY9buedOg3oz6zY6q75YmTJyARitSngdI4M0TtLWCCambxZJNgZGQMzIIgPVoIn0ZKF1fsDUhg2Ww:1rrkrX:kvUXRjLqA1mOP59-KlHW6LVCdQTrZYn8o79uz0d5S04','2024-04-16 20:36:07.178510'),('tb5286hxowtru6jyv3zwlasaxsnzgaw8','.eJxVi7EOAiEQRP-F2lzg2FvA0vsGa8KySzBGTeSojP_umVBoNZOZ914qpr7V2Js844XVUYE6_G6U8lXu32O0aWSb1t62x-28U6cB_Zk1tbprgRw5yQV5YchZmCwKWiDwYZ6XwMGTAzaMhdFY0oWMBky6oATOXr0_YcA2KA:1rKwWC:UUhcnyQyQBNQkIb88YM1bcc-rgwfTyvU_cesK5_Y-qE','2024-01-17 10:22:28.603170'),('te8dbg8qhkspm7ewvkxwgxcqfa057uag','.eJxVi7EOAiEQRP-F2lzg2FvA0vsGa8KySzBGTeSojP_umVBoNZOZ914qpr7V2Js844XVUYE6_G6U8lXu32O0aWSb1t62x-28U6cB_Zk1tbprgRw5yQV5YchZmCwKWiDwYZ6XwMGTAzaMhdFY0oWMBky6oATOXr0_YcA2KA:1rHUVD:gBvvCwqigyfaC-ZxyYKGkNMbDVQ3dqkwe7cZueGHkd8','2024-01-07 19:51:11.080096'),('tf2omvxpsf35ovscjkzsy03cs70ga5rh','.eJxVizsOwjAQRO_iGkXxP0tJzkBtrde7MkKAhOMKcXeC5AKqGc2891IJ-1ZTb_xMl6KOyqnD75aRrnz_HqNNI9u09rY9buedOg3oz6zY6q75YmTJyARitSngdI4M0TtLWCCambxZJNgZGQMzIIgPVoIn0ZKF1fsDUhg2Ww:1rfGdv:ndriIT8n3GD1wzckLxS1BAKAVPNyjEdolHfNW2AaVzM','2024-03-13 09:54:27.136358'),('tg1knici0pc7e15oop222z3lyb5cvd1e','.eJxVi7EOAiEQRP-F2lzg2FvA0vsGa8KySzBGTeSojP_umVBoNZOZ914qpr7V2Js844XVUYE6_G6U8lXu32O0aWSb1t62x-28U6cB_Zk1tbprgRw5yQV5YchZmCwKWiDwYZ6XwMGTAzaMhdFY0oWMBky6oATOXr0_YcA2KA:1rJdzB:faNoZYhzLmclkYahIl5cZl9exg03eM3Reo0IR4I5ZMg','2024-01-13 20:23:01.072822'),('thl593mzx7ruhm5qszwhewbbjl7ggy7g','.eJxVi0EOwiAURO_y16bhFyrg0p7BNRkKPxijJlJWxrvbJix0NZOZ994U0NYSWs2vcE10IqbD7xax3PJjP3obetZhbnV93i8bde7Qn1lQy6ZNfJxGrVP2ehFEWCTjIMjaJQOjNDDuU1TeQhJsjoADOxbFVjx9vl5SNoo:1rFsAv:mkRhVMl9lLFKiWAZpuJOC9MrBlhR8xxTTp5Wn4BCe_Q','2024-01-03 08:43:33.786584'),('tjng8hfunch3ycepaudmvfq3xheficyk','.eJxVi7EOAiEQRP-F2lzg2FvA0vsGa8KySzBGTeSojP_umVBoNZOZ914qpr7V2Js844XVUYE6_G6U8lXu32O0aWSb1t62x-28U6cB_Zk1tbprgRw5yQV5YchZmCwKWiDwYZ6XwMGTAzaMhdFY0oWMBky6oATOXr0_YcA2KA:1rKLPM:EW5VPGBOJkALnLUhR0yEIwYZQGycevn_LmQOpowIbEg','2024-01-15 18:44:56.240131'),('tkbb9eh0o0wktutxx95fst22mvyyg75i','.eJxVi0EOwiAURO_y16bhFyrg0p7BNRkKPxijJlJWxrvbJix0NZOZ994U0NYSWs2vcE10IqbD7xax3PJjP3obetZhbnV93i8bde7Qn1lQy6ZNfJxGrVP2ehFEWCTjIMjaJQOjNDDuU1TeQhJsjoADOxbFVjx9vl5SNoo:1rFuvI:zzMpP5Oa8NNQszXQ0Vj0aVHD8aDq78hSPrKO9goGxE8','2024-01-03 11:39:36.169590'),('tsme74v3h40wpulwxfzw3ztwij2leb93','.eJxVi7EOAiEQRP-F2lzg2FvA0vsGa8KySzBGTeSojP_umVBoNZOZ914qpr7V2Js844XVUYE6_G6U8lXu32O0aWSb1t62x-28U6cB_Zk1tbprgRw5yQV5YchZmCwKWiDwYZ6XwMGTAzaMhdFY0oWMBky6oATOXr0_YcA2KA:1rGDgj:cU-7KJYmrgEt_M_xmQ5q5OUn7XqfDQWDrupK_BSwWTw','2024-01-04 07:41:49.043059'),('tx749xtecr2zegtotf1br2as33rnbtff','.eJxVizsOwjAQRO_iGkXxP0tJzkBtrde7MkKAhOMKcXeC5AKqGc2891IJ-1ZTb_xMl6KOyqnD75aRrnz_HqNNI9u09rY9buedOg3oz6zY6q75YmTJyARitSngdI4M0TtLWCCambxZJNgZGQMzIIgPVoIn0ZKF1fsDUhg2Ww:1romLK:DiWPlp_qsu-xg6IUkoqrMoY293ykpcqWeLskqxjxYL0','2024-04-08 15:34:34.874553'),('ty5jiearcvqp5gv1yhemvnp57tgdsg4g','.eJxVi0EOwiAURO_y16bhFyrg0p7BNRkKPxijJlJWxrvbJix0NZOZ994U0NYSWs2vcE10IqbD7xax3PJjP3obetZhbnV93i8bde7Qn1lQy6ZNfJxGrVP2ehFEWCTjIMjaJQOjNDDuU1TeQhJsjoADOxbFVjx9vl5SNoo:1rFurs:SK4qRjeHyquqKD6sRsM6ziRgHEB_luwR-Hrqc6H7ENE','2024-01-03 11:36:04.533757'),('u2xyvag839t623b479sl3mg7r45rz9nw','.eJxVizsOwjAQRO_iGkXxP0tJzkBtrde7MkKAhOMKcXeC5AKqGc2891IJ-1ZTb_xMl6KOyqnD75aRrnz_HqNNI9u09rY9buedOg3oz6zY6q75YmTJyARitSngdI4M0TtLWCCambxZJNgZGQMzIIgPVoIn0ZKF1fsDUhg2Ww:1rpzJR:d-wYhIVJE0Edx9KLT3_iHEyVglj-blYZAYKoGdI7dd4','2024-04-11 23:37:37.590609'),('u3s6v68ulsyf7333dlomdpuf01lv4hqv','.eJxVizsOwjAQRO_iGkXxP0tJzkBtrde7MkKAhOMKcXeC5AKqGc2891IJ-1ZTb_xMl6KOyqnD75aRrnz_HqNNI9u09rY9buedOg3oz6zY6q75YmTJyARitSngdI4M0TtLWCCambxZJNgZGQMzIIgPVoIn0ZKF1fsDUhg2Ww:1reyur:BPdW7poJcX6f1cv9wEwEapPZfsfSi_J3Y5_zhk3pq_8','2024-03-12 14:58:45.405183'),('u4djyn1j4j0mf4qiamwxotourrlvi8m3','.eJxVi0EOwiAURO_y16bhFyrg0p7BNRkKPxijJlJWxrvbJix0NZOZ994U0NYSWs2vcE10IqbD7xax3PJjP3obetZhbnV93i8bde7Qn1lQy6ZNfJxGrVP2ehFEWCTjIMjaJQOjNDDuU1TeQhJsjoADOxbFVjx9vl5SNoo:1rFupf:EJfYIIFxsklx387fxhvFLIJ6lQzMZtz4cYr-6-DShLA','2024-01-03 11:33:47.706374'),('u7i3rhx0h06inawyzwqwj1qupr7me4o4','.eJxVizsOwjAQRO_iGkXxP0tJzkBtrde7MkKAhOMKcXeC5AKqGc2891IJ-1ZTb_xMl6KOyqnD75aRrnz_HqNNI9u09rY9buedOg3oz6zY6q75YmTJyARitSngdI4M0TtLWCCambxZJNgZGQMzIIgPVoIn0ZKF1fsDUhg2Ww:1rpz8d:XR-kEcMqZjoghhml57wrok0M1e4OaBzVuZpyrwOF-P0','2024-04-11 23:26:27.934428'),('u7icq47ie52992ermwp72c6ormg3weia','.eJxVi0EOwiAURO_y16bhFyrg0p7BNRkKPxijJlJWxrvbJix0NZOZ994U0NYSWs2vcE10IqbD7xax3PJjP3obetZhbnV93i8bde7Qn1lQy6ZNfJxGrVP2ehFEWCTjIMjaJQOjNDDuU1TeQhJsjoADOxbFVjx9vl5SNoo:1rFZaW:nk9po2TJkLgdXr7UHTjyK-s7rNNLBgEnOEv2c-KUMD4','2024-01-02 12:52:44.826735'),('u84g6nzk9zvy7vhtlltq9kc7dbg5agbl','.eJxVizsOwjAQRO_iGkXxP0tJzkBtrde7MkKAhOMKcXeC5AKqGc2891IJ-1ZTb_xMl6KOyqnD75aRrnz_HqNNI9u09rY9buedOg3oz6zY6q75YmTJyARitSngdI4M0TtLWCCambxZJNgZGQMzIIgPVoIn0ZKF1fsDUhg2Ww:1rrkqk:eDCAq2MeD-_ljkC_YcQJOmdDX9oyu2MWUeSMf7f9S4U','2024-04-16 20:35:18.472909'),('u9g645uw8j0hh24c5mhlqvovawz0erqb','.eJxVi7EOAiEQRP-F2lzg2FvA0vsGa8KySzBGTeSojP_umVBoNZOZ914qpr7V2Js844XVUYE6_G6U8lXu32O0aWSb1t62x-28U6cB_Zk1tbprgRw5yQV5YchZmCwKWiDwYZ6XwMGTAzaMhdFY0oWMBky6oATOXr0_YcA2KA:1rIOKn:aWcnF1SYOuvjwCj06ukNYNkJCM0VrrAKvesiaR1eWrw','2024-01-10 07:28:09.567200'),('ubwtllmzhs1gbrtbz2y0j09hbqoknkkp','.eJxVi7EOAiEQRP-F2lzg2FvA0vsGa8KySzBGTeSojP_umVBoNZOZ914qpr7V2Js844XVUYE6_G6U8lXu32O0aWSb1t62x-28U6cB_Zk1tbprgRw5yQV5YchZmCwKWiDwYZ6XwMGTAzaMhdFY0oWMBky6oATOXr0_YcA2KA:1rIyDP:2qttGKWTWuK0Ia8amb5IsNW2fiqznnDEth-4t4rAGBo','2024-01-11 23:46:55.706717'),('ucnj2kxcxp4wn3ydzlx47ltonmnyjkam','.eJxVi7EOAiEQRP-F2lzg2FvA0vsGa8KySzBGTeSojP_umVBoNZOZ914qpr7V2Js844XVUYE6_G6U8lXu32O0aWSb1t62x-28U6cB_Zk1tbprgRw5yQV5YchZmCwKWiDwYZ6XwMGTAzaMhdFY0oWMBky6oATOXr0_YcA2KA:1rM1WI:OeoP0VYNRjfgD4A5o5aWgJPhpAs1bBQLQ0nafHJ2Zic','2024-01-20 07:55:02.588393'),('ui8jxk0pzzhzeqryf71victxwpn7043l','.eJxVizsOwjAQRO_iGkVe_FtTwhmorfXGKyMESDiuEHdPIrmAakYz731Uor7U1Ft5p9usTgrU4XfLxPfy3I_RppFtuvS2vB7XjToP6M-s1OqmWRGHpgB5IECPGKNgcCYIayuZjQ5FwPgQvGQXydF8RGGrDcci6NV3BS4RNUs:1rqJCT:ueOEiq4Umm6yyqd3ZUWlwOo2-zLCCnQAAOgu4UxXW0g','2024-04-12 20:51:45.082479'),('unipv7ranmtvbw0i1ob820evl114wzt9','.eJxVi0EOwiAURO_y16bhFyrg0p7BNRkKPxijJlJWxrvbJix0NZOZ994U0NYSWs2vcE10IqbD7xax3PJjP3obetZhbnV93i8bde7Qn1lQy6ZNfJxGrVP2ehFEWCTjIMjaJQOjNDDuU1TeQhJsjoADOxbFVjx9vl5SNoo:1rFsLa:pCb5I4Kb0X4nBZeXM7SlgsSx77jpinUFBMXJIfJ-qWM','2024-01-03 08:54:34.096295'),('uoklcr85r7rr62wz21ktnrzo0o0w2b95','.eJxVizsOwjAQRO_iGkXxP0tJzkBtrde7MkKAhOMKcXeC5AKqGc2891IJ-1ZTb_xMl6KOyqnD75aRrnz_HqNNI9u09rY9buedOg3oz6zY6q75YmTJyARitSngdI4M0TtLWCCambxZJNgZGQMzIIgPVoIn0ZKF1fsDUhg2Ww:1rpmD1:VWmhkaS8NvcVSxVVmAj1jaq4-rGK73ocp7tQtga6TGo','2024-04-11 09:38:07.458918'),('uv265blhfndx14lpp9p3ed7dx396ufk7','.eJxVi0EOwiAURO_y16bhFyrg0p7BNRkKPxijJlJWxrvbJix0NZOZ994U0NYSWs2vcE10IqbD7xax3PJjP3obetZhbnV93i8bde7Qn1lQy6ZNfJxGrVP2ehFEWCTjIMjaJQOjNDDuU1TeQhJsjoADOxbFVjx9vl5SNoo:1rFurY:h80vPdudYbqba-aiNoB6o-4cZg6XxrZ6moJUKKiQek8','2024-01-03 11:35:44.762304'),('uyc610xfj13mduu4mk7ckfs3ginbvywd','.eJxVizsOwjAQRO_iGkXxP0tJzkBtrde7MkKAhOMKcXeC5AKqGc2891IJ-1ZTb_xMl6KOyqnD75aRrnz_HqNNI9u09rY9buedOg3oz6zY6q75YmTJyARitSngdI4M0TtLWCCambxZJNgZGQMzIIgPVoIn0ZKF1fsDUhg2Ww:1rncgE:Z96rKQZRMEI0vvwiMDoxDsOdZdqHKLNjxfVuE71PcIU','2024-04-05 11:03:22.167286'),('uyxremkd2ikz7hzph6wkjb1cneihw90i','.eJxVizsOwjAQRO_iGkXxP0tJzkBtrde7MkKAhOMKcXeC5AKqGc2891IJ-1ZTb_xMl6KOyqnD75aRrnz_HqNNI9u09rY9buedOg3oz6zY6q75YmTJyARitSngdI4M0TtLWCCambxZJNgZGQMzIIgPVoIn0ZKF1fsDUhg2Ww:1rrkw9:xZ7NmtpUd7TWxvoydaaXY-pSEcITcqSyUMKlcaCodx4','2024-04-16 20:40:53.813101'),('v5w6g8rxzuqs6jn9m9f7kabt8v7a4f79','.eJxVi0EOwiAURO_y16bhFyrg0p7BNRkKPxijJlJWxrvbJix0NZOZ994U0NYSWs2vcE10IqbD7xax3PJjP3obetZhbnV93i8bde7Qn1lQy6ZNfJxGrVP2ehFEWCTjIMjaJQOjNDDuU1TeQhJsjoADOxbFVjx9vl5SNoo:1rG2bw:Xfx9saFAycbiqdtNP8A2MlSF28oBspieO-hcBCz3YGM','2024-01-03 19:52:08.043467'),('vafr85xd0vyl7qdqw7fv1xz8317l9q6k','.eJxVizsOwjAQRO_iGkXxP0tJzkBtrde7MkKAhOMKcXeC5AKqGc2891IJ-1ZTb_xMl6KOyqnD75aRrnz_HqNNI9u09rY9buedOg3oz6zY6q75YmTJyARitSngdI4M0TtLWCCambxZJNgZGQMzIIgPVoIn0ZKF1fsDUhg2Ww:1rqJ9S:UAsLS3MVK8am_0Wt1Fep8042a_LlFz3Y617qPXJKmug','2024-04-12 20:48:38.812673'),('vahvbhg13v4pdznwtcfk27jt0pes6hlj','.eJxVi7EOAiEQRP-F2lzg2FvA0vsGa8KySzBGTeSojP_umVBoNZOZ914qpr7V2Js844XVUYE6_G6U8lXu32O0aWSb1t62x-28U6cB_Zk1tbprgRw5yQV5YchZmCwKWiDwYZ6XwMGTAzaMhdFY0oWMBky6oATOXr0_YcA2KA:1rHmO2:JvELnvv0B0TAvev9kmDD8-Brn3QBuu5JdF4kS9L3sWk','2024-01-08 14:56:58.164483'),('vannjnxkmtaa61mu4b332qdh1dtuaju1','.eJxVi7EOAiEQRP-F2lzg2FvA0vsGa8KySzBGTeSojP_umVBoNZOZ914qpr7V2Js844XVUYE6_G6U8lXu32O0aWSb1t62x-28U6cB_Zk1tbprgRw5yQV5YchZmCwKWiDwYZ6XwMGTAzaMhdFY0oWMBky6oATOXr0_YcA2KA:1rIjpB:N4Vhdc3vKxEKN9kq9QejdvjTZgZUMWnYWAcsM4WTqnY','2024-01-11 06:24:57.908408'),('varqkrnzciepxsgfrleddmvgonw6p8m8','.eJxVizsOwjAQRO_iGkVeJ_5RkjNQW7vrjYwQIOG4QtwdI7mAakbz3rxUwraX1Ko80yWrowKnDr8jIV_l_iWjTSPrtLa6P27nbp2G9PcsWEu_oUSTLQhwJNwIEfwcggsaspdI1vPMCwaGvGkjkokNgV10p0joUL0_hy027w:1rXd8L:wkiD3Iqo-heNi4_d-FEbcZ27r6pVsavwxG216o1nzGs','2024-02-21 08:18:17.779633'),('vb750iatw957n8mt5uj9x33dkeznvt8r','.eJxVizsOwjAQRO_iGkXxP0tJzkBtrde7MkKAhOMKcXeC5AKqGc2891IJ-1ZTb_xMl6KOyqnD75aRrnz_HqNNI9u09rY9buedOg3oz6zY6q75YmTJyARitSngdI4M0TtLWCCambxZJNgZGQMzIIgPVoIn0ZKF1fsDUhg2Ww:1rrOVV:TQLoVlFMP7IV5uTb7QA2AMogtvbQoWYnDaUv_-IdbMg','2024-04-15 20:43:53.264775'),('vbbd33u68aj8cvsgp0finy34geo3qpcz','.eJxVizsOwjAQRO_iGkXxP0tJzkBtrde7MkKAhOMKcXeC5AKqGc2891IJ-1ZTb_xMl6KOyqnD75aRrnz_HqNNI9u09rY9buedOg3oz6zY6q75YmTJyARitSngdI4M0TtLWCCambxZJNgZGQMzIIgPVoIn0ZKF1fsDUhg2Ww:1rpmFC:f7nfyfN8DGqnEFnmxMWlIUDHLLYSibo7C7hkt-BFmGk','2024-04-11 09:40:22.928161'),('vclumhs35zc3sp9kaftmyzoko77jvzhf','.eJxVizsOwjAQRO_iGkVeJ_5RkjNQW7vrjYwQIOG4QtwdI7mAakbz3rxUwraX1Ko80yWrowKnDr8jIV_l_iWjTSPrtLa6P27nbp2G9PcsWEu_oUSTLQhwJNwIEfwcggsaspdI1vPMCwaGvGkjkokNgV10p0joUL0_hy027w:1rUOJ6:eWLTOb3YVE-Osd10yeKd6LJLr7lFsi4U_KM-0STK754','2024-02-12 09:52:00.515043'),('vfr2m32nceatrja9icf3zvqezzlzgbni','.eJxVi0EOwiAURO_y16bhFyrg0p7BNRkKPxijJlJWxrvbJix0NZOZ994U0NYSWs2vcE10IqbD7xax3PJjP3obetZhbnV93i8bde7Qn1lQy6ZNfJxGrVP2ehFEWCTjIMjaJQOjNDDuU1TeQhJsjoADOxbFVjx9vl5SNoo:1rFuvX:wQN7PgjZPC2NCM6dhyYKBeqsxjyObQwDM5SZRTCaSOY','2024-01-03 11:39:51.923179'),('vhqcs77hd1kz4kt66g7o7lz6l7qb6ip7','.eJxVizsOwjAQRO_iGkXxP0tJzkBtrde7MkKAhOMKcXeC5AKqGc2891IJ-1ZTb_xMl6KOyqnD75aRrnz_HqNNI9u09rY9buedOg3oz6zY6q75YmTJyARitSngdI4M0TtLWCCambxZJNgZGQMzIIgPVoIn0ZKF1fsDUhg2Ww:1rqDMI:ZZo7p7_U7V9mpR_xoBBfdabHaZBrWVQQwTThfe-LaJE','2024-04-12 14:37:30.557395'),('vil1c8zni5x3uhq64q11yy3i0wi13bhw','.eJxVi7EOAiEQRP-F2lxY2IPF0vsGa7LsQTBGTeSojP_umVBoNZOZ914qct9q7C0_42VVRwVOHX7HxHLN9-8z2jSyTUtv2-N23qnTgP7Myq3umnV2Zu0NYSYTRDIYYY1sCgRw4mZPxRNoEijJ4eotopFSgmWrmZJ6fwA9YTT0:1rggGb:WIDLKClQFfIj2L8cbwnZyUzsM6a4E5pSlyYWqVIxC90','2024-03-17 07:28:13.837051'),('vip5v6eim6s4kkkc3080qhi83wsyegcn','.eJxVizsOwjAQRO_iGkXxP0tJzkBtrde7MkKAhOMKcXeC5AKqGc2891IJ-1ZTb_xMl6KOyqnD75aRrnz_HqNNI9u09rY9buedOg3oz6zY6q75YmTJyARitSngdI4M0TtLWCCambxZJNgZGQMzIIgPVoIn0ZKF1fsDUhg2Ww:1rqJ9m:XXNYLtLFKNAnAkWda7SnGjLRnez96tbB7P7hVVex7E0','2024-04-12 20:48:58.204556'),('vjk8r6johd51mr6d2u9cup76s37naukm','.eJxVi7EOAiEQRP-F2lzg2FvA0vsGa8KySzBGTeSojP_umVBoNZOZ914qpr7V2Js844XVUYE6_G6U8lXu32O0aWSb1t62x-28U6cB_Zk1tbprgRw5yQV5YchZmCwKWiDwYZ6XwMGTAzaMhdFY0oWMBky6oATOXr0_YcA2KA:1rMEKl:lvPgKFKDuFMVraC7wmRRHep2pN9zrAmiiDZtP7r9u_w','2024-01-20 21:35:59.980779'),('vo2j06fnhbao07hcoq5r0dgs9xave1kn','.eJxVizsOwjAQRO_iGkVe_FtTwhmorfXGKyMESDiuEHdPIrmAakYz731Uor7U1Ft5p9usTgrU4XfLxPfy3I_RppFtuvS2vB7XjToP6M-s1OqmWRGHpgB5IECPGKNgcCYIayuZjQ5FwPgQvGQXydF8RGGrDcci6NV3BS4RNUs:1rqJD5:bPlNl4vIHf35On0gpawDR_R_6H9I6wNUmL5nhHmp7C0','2024-04-12 20:52:23.369577'),('vpjge89barhi2leqt1h5tsp910uxoau5','.eJxVi0EOwiAURO_y16bhFyrg0p7BNRkKPxijJlJWxrvbJix0NZOZ994U0NYSWs2vcE10IqbD7xax3PJjP3obetZhbnV93i8bde7Qn1lQy6ZNfJxGrVP2ehFEWCTjIMjaJQOjNDDuU1TeQhJsjoADOxbFVjx9vl5SNoo:1rFv42:9j9Bo8N6hW27vxvFra2FEeb1rvyuV0_au1nEey0mRQ4','2024-01-03 11:48:38.690157'),('vq5k177o6ke57lw2glvcx15bf0ianqtn','.eJxVizsOwjAQRO_iGkXxP0tJzkBtrde7MkKAhOMKcXeC5AKqGc2891IJ-1ZTb_xMl6KOyqnD75aRrnz_HqNNI9u09rY9buedOg3oz6zY6q75YmTJyARitSngdI4M0TtLWCCambxZJNgZGQMzIIgPVoIn0ZKF1fsDUhg2Ww:1rpmAI:knjyqeRGSxxqN915SUv0fQ2Fea2S9bjWEJHLUxsB9Og','2024-04-11 09:35:18.985739'),('vr52lq5vic49e9w7z0xbk699pu2ir7jc','e30:1rGIm9:xsvhW1q_3pxV_Vh0r-wW4n9nkfHowiRqq61APH4ZkUI','2024-01-04 13:07:45.117834'),('vvr2ko6dx4hgys06uhq07z7xyqgah4ej','.eJxVizsOwjAQRO_iGkXxP0tJzkBtrde7MkKAhOMKcXeC5AKqGc2891IJ-1ZTb_xMl6KOyqnD75aRrnz_HqNNI9u09rY9buedOg3oz6zY6q75YmTJyARitSngdI4M0TtLWCCambxZJNgZGQMzIIgPVoIn0ZKF1fsDUhg2Ww:1rgh59:lCd9hQL4zAeOKv50fWMxRpc9o2FKmwv7EXIoaQuW0Uc','2024-03-17 08:20:27.503289'),('vw5e27i9orgjhs7osesdrox36dv8y3t3','.eJxVizsOwjAQRO_iGkXxP0tJzkBtrde7MkKAhOMKcXeC5AKqGc2891IJ-1ZTb_xMl6KOyqnD75aRrnz_HqNNI9u09rY9buedOg3oz6zY6q75YmTJyARitSngdI4M0TtLWCCambxZJNgZGQMzIIgPVoIn0ZKF1fsDUhg2Ww:1rrJ83:0j6vpuMJQfT6-Sx-Kn5cFORVgi-RwTDTxeeZwS6QU9Y','2024-04-15 14:59:19.958665'),('vwvu2ovnev6koulejsuy2mznhtbittve','.eJxVizsOwjAQRO_iGkXxP0tJzkBtrde7MkKAhOMKcXeC5AKqGc2891IJ-1ZTb_xMl6KOyqnD75aRrnz_HqNNI9u09rY9buedOg3oz6zY6q75YmTJyARitSngdI4M0TtLWCCambxZJNgZGQMzIIgPVoIn0ZKF1fsDUhg2Ww:1rrkqB:Q7pKHQyRPKYtbCipPuPT1HHfAgin3NyCAZ6XdqEwLo4','2024-04-16 20:34:43.302636'),('w2hl8mcs2iqxxkl929wahilhx82k4r7v','.eJxVi7EOAiEQRP-F2lzg2FvA0vsGa8KySzBGTeSojP_umVBoNZOZ914qpr7V2Js844XVUYE6_G6U8lXu32O0aWSb1t62x-28U6cB_Zk1tbprgRw5yQV5YchZmCwKWiDwYZ6XwMGTAzaMhdFY0oWMBky6oATOXr0_YcA2KA:1rIORn:f5FioQ8E79rSqbvn-ZwpoZRDOFMiTkXPZz1rb1qKVm0','2024-01-10 07:35:23.954610'),('wcgz1auv3bk9eo39mvr0vyf11gsqp8nf','.eJxVi7EOAiEQRP-F2lzg2FvA0vsGa8KySzBGTeSojP_umVBoNZOZ914qpr7V2Js844XVUYE6_G6U8lXu32O0aWSb1t62x-28U6cB_Zk1tbprgRw5yQV5YchZmCwKWiDwYZ6XwMGTAzaMhdFY0oWMBky6oATOXr0_YcA2KA:1rHoO2:QDQPO0Z0I-Y6DYIGtdR4OajYcZHgLeZgulATCH_4YPk','2024-01-08 17:05:06.081824'),('wh0ofgmo1u3tlkjlxm03nj7yq3laife7','e30:1rMqkL:dUpQnd-7WaO-raAWBJxa7KF_a-7vkYfNnKkHkDMNB_s','2024-01-22 14:36:57.930731'),('wh0wmpiyzddh555qrntiwwn8f3wc2gw1','.eJxVi0EOwiAURO_y16bhFyrg0p7BNRkKPxijJlJWxrvbJix0NZOZ994U0NYSWs2vcE10IqbD7xax3PJjP3obetZhbnV93i8bde7Qn1lQy6ZNfJxGrVP2ehFEWCTjIMjaJQOjNDDuU1TeQhJsjoADOxbFVjx9vl5SNoo:1rFvBH:YIAH5IsXsPRXi65yeL0xUnY0p4-a0jV72H3YT20-cic','2024-01-03 11:56:07.938471'),('wlqkzjo9hommrw6sqipp1f2oe8ikauao','.eJxVi7EOAiEQRP-F2lzg2FvA0vsGa8KySzBGTeSojP_umVBoNZOZ914qpr7V2Js844XVUYE6_G6U8lXu32O0aWSb1t62x-28U6cB_Zk1tbprgRw5yQV5YchZmCwKWiDwYZ6XwMGTAzaMhdFY0oWMBky6oATOXr0_YcA2KA:1rGBnj:Ra1ubwzKdFeDQA71cxJhP_L4m5pJkV0oXb4gbP03HNE','2024-01-04 05:40:55.068662'),('wmegu4dmbug4gu35lhheufkmbkxj51wy','.eJxVi0EOwiAURO_y16bhFyrg0p7BNRkKPxijJlJWxrvbJix0NZOZ994U0NYSWs2vcE10IqbD7xax3PJjP3obetZhbnV93i8bde7Qn1lQy6ZNfJxGrVP2ehFEWCTjIMjaJQOjNDDuU1TeQhJsjoADOxbFVjx9vl5SNoo:1rGFcY:sIqAMseQPEU2bOhiqrgNFsoHiT1S6BbrelNL5WCG4Fk','2024-01-04 09:45:38.107133'),('woe44zjv83ca75zedm98atibxsk456uz','.eJxVizsOwjAQRO_iGkXxP0tJzkBtrde7MkKAhOMKcXeC5AKqGc2891IJ-1ZTb_xMl6KOyqnD75aRrnz_HqNNI9u09rY9buedOg3oz6zY6q75YmTJyARitSngdI4M0TtLWCCambxZJNgZGQMzIIgPVoIn0ZKF1fsDUhg2Ww:1rpncV:7DbLxbB7uPrRgEMrKO0z3Ks7GbO9-b0uh_lD2Ekv5Ag','2024-04-11 11:08:31.798154'),('woerczw83nnqx6vx6zyje7by8g0l4mwv','.eJxVjMEOwiAQRP-Fs2kaWNjFo35Dz2SBJRijJlJOxn9vm3DQ00xm3sxHBe5rDb3JO9yyOitQp98scrrL8yiGm4a26drb-nosO3UZ0N-ycqvHn0MUQq0dJxddziYWSWILYATEPAMw0Wyjz9oXYkZvjLFASOisEfXdADzsNPA:1rNZUv:xXH03_MLdzCCswxfgiFTwqk6NREA35m8wTXEeVLqnLo','2024-01-24 14:24:01.376334'),('wr1ggptkwhsah4c9367dsxjgwtadygwm','.eJxVi7EOAiEQRP-F2lzg2FvA0vsGa8KySzBGTeSojP_umVBoNZOZ914qpr7V2Js844XVUYE6_G6U8lXu32O0aWSb1t62x-28U6cB_Zk1tbprgRw5yQV5YchZmCwKWiDwYZ6XwMGTAzaMhdFY0oWMBky6oATOXr0_YcA2KA:1rM1WR:rcBfBZgZPZJlO2UEnOkMDs8jFzT-CQFVIO8DOIj4sPg','2024-01-20 07:55:11.635467'),('wr6bulo32qn6sjim0m5nt6s0c5qk4zn1','.eJxVi0EOwiAURO_y16bhFyrg0p7BNRkKPxijJlJWxrvbJix0NZOZ994U0NYSWs2vcE10IqbD7xax3PJjP3obetZhbnV93i8bde7Qn1lQy6ZNfJxGrVP2ehFEWCTjIMjaJQOjNDDuU1TeQhJsjoADOxbFVjx9vl5SNoo:1rGnVl:LIX-GSxtuAbkHSxW_QjI3sPoTYvprCw_AbCX_xn4GdI','2024-01-05 21:56:53.062631'),('wshso9z5920u5y8rr6vpuzmddt8m2h98','.eJxVizsOwjAQRO_iGkXxP0tJzkBtrde7MkKAhOMKcXeC5AKqGc2891IJ-1ZTb_xMl6KOyqnD75aRrnz_HqNNI9u09rY9buedOg3oz6zY6q75YmTJyARitSngdI4M0TtLWCCambxZJNgZGQMzIIgPVoIn0ZKF1fsDUhg2Ww:1rqJ7X:r5_iNz4-9nMDzpCnynat3Esb3hLHGgxAXJOflP8Vpss','2024-04-12 20:46:39.362737'),('wsi8yf6bq4m3c6x8otey7mebaza5ujzp','.eJxVi0EOwiAURO_y16bhFyrg0p7BNRkKPxijJlJWxrvbJix0NZOZ994U0NYSWs2vcE10IqbD7xax3PJjP3obetZhbnV93i8bde7Qn1lQy6ZNfJxGrVP2ehFEWCTjIMjaJQOjNDDuU1TeQhJsjoADOxbFVjx9vl5SNoo:1rFsMx:5sU-DpcyMN_WqNg0e_LPOD-1c7vqvL34zfVWsu71rJY','2024-01-03 08:55:59.861999'),('wujkm7tt97nh8b37t7yjov39ldrqs0gw','.eJxVi7EOAiEQRP-F2ly4O2AXS-8brAm7C8EYNZGjMv67mFBoNZOZ914qxLaX0Gp6houoozKoDr8jRb6m-_cZbRpZp63V_XE7d-o0oD-zxFq6hkToQAMgsrBZMxEI2KxxFU8YvZ55MX2QxSNk8pa9cSjG5jm5ROr9AWO6Nb4:1rr1Pf:ugh-lhuATYo_sRDXP5xfhpbXDlrBqvQ5PJK0FlARwB4','2024-04-14 20:04:19.382461'),('wybfz624a80rsmmxl0zp5t4p52mlao7h','.eJxVi7EOAiEQRP-F2ly4O2AXS-8brAm7C8EYNZGjMv67mFBoNZOZ914qxLaX0Gp6houoozKoDr8jRb6m-_cZbRpZp63V_XE7d-o0oD-zxFq6hkToQAMgsrBZMxEI2KxxFU8YvZ55MX2QxSNk8pa9cSjG5jm5ROr9AWO6Nb4:1rrvm2:NJRNiRFpdLb5aPP2vSl2c4EigpSog275nztUrkFlNOU','2024-04-17 08:15:10.501575'),('wz85y03o7n4l9kj4sftds6x5aa5lacny','.eJxVizsOwjAQRO_iGkVeJ_5RkjNQW7vrjYwQIOG4QtwdI7mAakbz3rxUwraX1Ko80yWrowKnDr8jIV_l_iWjTSPrtLa6P27nbp2G9PcsWEu_oUSTLQhwJNwIEfwcggsaspdI1vPMCwaGvGkjkokNgV10p0joUL0_hy027w:1rTMf4:Jti8vhMbnTVyuNOxnaBHnZB0OGfreHsUikOmjE9OCVk','2024-02-09 15:54:26.841477'),('wz8nych8u1lc7llgkz7ujfyspd466lrt','.eJxVizsOwjAQRO_iGkVe_FtTwhmorfXGKyMESDiuEHdPIrmAakYz731Uor7U1Ft5p9usTgrU4XfLxPfy3I_RppFtuvS2vB7XjToP6M-s1OqmWRGHpgB5IECPGKNgcCYIayuZjQ5FwPgQvGQXydF8RGGrDcci6NV3BS4RNUs:1rqJ5o:gnFVm8QKjCPlmZjy67tjp5fKx17Q-eBNH55ZUF-d_bo','2024-04-12 20:44:52.552279'),('wzez7ngrqrhsrgdfe70drvmarstmmv41','.eJxVi0EOwiAURO_y16bhFyrg0p7BNRkKPxijJlJWxrvbJix0NZOZ994U0NYSWs2vcE10IqbD7xax3PJjP3obetZhbnV93i8bde7Qn1lQy6ZNfJxGrVP2ehFEWCTjIMjaJQOjNDDuU1TeQhJsjoADOxbFVjx9vl5SNoo:1rG2cs:uwZwB8yb0M8K1dIfc0aNIPNvRY-T8kupwjjjQkqrLRw','2024-01-03 19:53:06.419500'),('x1fwmwqt9b9omgyk398dr5ygu3va28rr','.eJxVizsOwjAQRO_iGkXxP0tJzkBtrde7MkKAhOMKcXeC5AKqGc2891IJ-1ZTb_xMl6KOyqnD75aRrnz_HqNNI9u09rY9buedOg3oz6zY6q75YmTJyARitSngdI4M0TtLWCCambxZJNgZGQMzIIgPVoIn0ZKF1fsDUhg2Ww:1rhmX9:65OsiEg_v02NCQgk8sACAy0Q4FPtSMOFXetGk8WFLlw','2024-03-20 08:21:51.162911'),('x3vye67s8xfateq1k1c93v18g8ko423x','.eJxVizsOwjAQRO_iGkVe_FtTwhmorfXGKyMESDiuEHdPIrmAakYz731Uor7U1Ft5p9usTgrU4XfLxPfy3I_RppFtuvS2vB7XjToP6M-s1OqmWRGHpgB5IECPGKNgcCYIayuZjQ5FwPgQvGQXydF8RGGrDcci6NV3BS4RNUs:1rpzFl:oZU-1bjH83ry9YRW4BDyQ_b8fI5qHTqijTf8ali2jws','2024-04-11 23:33:49.941205'),('x43ze3jayc5klx0qldmd4wwqx8jdyqq4','.eJxVi0EOwiAURO_y16bhFyrg0p7BNRkKPxijJlJWxrvbJix0NZOZ994U0NYSWs2vcE10IqbD7xax3PJjP3obetZhbnV93i8bde7Qn1lQy6ZNfJxGrVP2ehFEWCTjIMjaJQOjNDDuU1TeQhJsjoADOxbFVjx9vl5SNoo:1rFZah:A6YDU3J6c6f-J71aFfjrUZOFwnyVGPgUJLmoQMQCuxM','2024-01-02 12:52:55.611506'),('x7ulznq52d9jy4u2k5wgjp1r128g2unf','.eJxVi0EOwiAURO_y16bhFyrg0p7BNRkKPxijJlJWxrvbJix0NZOZ994U0NYSWs2vcE10IqbD7xax3PJjP3obetZhbnV93i8bde7Qn1lQy6ZNfJxGrVP2ehFEWCTjIMjaJQOjNDDuU1TeQhJsjoADOxbFVjx9vl5SNoo:1rFvN6:EXYmvU2sccr7elXT5y9rDeQEQES4BS-NdM9utL7U_5k','2024-01-03 12:08:20.992739'),('x9fke0m77b8svm3c75zuhs7sy27vdfop','.eJxVi0EOwiAURO_y16bhFyrg0p7BNRkKPxijJlJWxrvbJix0NZOZ994U0NYSWs2vcE10IqbD7xax3PJjP3obetZhbnV93i8bde7Qn1lQy6ZNfJxGrVP2ehFEWCTjIMjaJQOjNDDuU1TeQhJsjoADOxbFVjx9vl5SNoo:1rFiF5:RzBaoMhvDJIyRjV5ZSq6DgC3TC_TJBOvPOert4fYQ8w','2024-01-02 22:07:11.528796'),('xc0h3rlix69zmickujf2a5m0xiau22ga','.eJxVizsOwjAQRO_iGkVeJ_5RkjNQW7vrjYwQIOG4QtwdI7mAakbz3rxUwraX1Ko80yWrowKnDr8jIV_l_iWjTSPrtLa6P27nbp2G9PcsWEu_oUSTLQhwJNwIEfwcggsaspdI1vPMCwaGvGkjkokNgV10p0joUL0_hy027w:1rWTuF:bh2sG_vOytJaOpyUqA7i10qP0jTgjpXfnp4fnmv5OdU','2024-02-18 04:14:59.976945'),('xc7u7thfqyy5akyye0gh4yykb7az4a26','.eJxVi7EOAiEQRP-F2lzg2FvA0vsGa8KySzBGTeSojP_umVBoNZOZ914qpr7V2Js844XVUYE6_G6U8lXu32O0aWSb1t62x-28U6cB_Zk1tbprgRw5yQV5YchZmCwKWiDwYZ6XwMGTAzaMhdFY0oWMBky6oATOXr0_YcA2KA:1rJbCm:D3DEwJ3tHLf5rd2sxvByqmYYlU65VIVV7bkG3XIS0Mk','2024-01-13 17:24:52.365311'),('xcjov5pruzyk2wf0tcepazdlte74lkou','.eJxVizsOwjAQRO_iGkVe_FtTwhmorfXGKyMESDiuEHdPIrmAakYz731Uor7U1Ft5p9usTgrU4XfLxPfy3I_RppFtuvS2vB7XjToP6M-s1OqmWRGHpgB5IECPGKNgcCYIayuZjQ5FwPgQvGQXydF8RGGrDcci6NV3BS4RNUs:1rrLhF:x6yd18_zM2fWK3VPvBID51DfC_DUfKWWMjRRHmC88bY','2024-04-15 17:43:49.468224'),('xg8z1w3x5bkwg3xo75tdddlyethyou8o','.eJxVizsOwjAQRO_iGkXxP0tJzkBtrde7MkKAhOMKcXeC5AKqGc2891IJ-1ZTb_xMl6KOyqnD75aRrnz_HqNNI9u09rY9buedOg3oz6zY6q75YmTJyARitSngdI4M0TtLWCCambxZJNgZGQMzIIgPVoIn0ZKF1fsDUhg2Ww:1rnOJK:dG81f7xsBwhaS9Muacn0TVrZYUAjvqzDNV86_xU6W4A','2024-04-04 19:42:46.801787'),('xh18blfqswo676dtqu9m99yeibhkohbo','.eJxVizsOwjAQRO_iGkXxP0tJzkBtrde7MkKAhOMKcXeC5AKqGc2891IJ-1ZTb_xMl6KOyqnD75aRrnz_HqNNI9u09rY9buedOg3oz6zY6q75YmTJyARitSngdI4M0TtLWCCambxZJNgZGQMzIIgPVoIn0ZKF1fsDUhg2Ww:1rrOHo:De5NdvoDio6thJmkWtYn1E6pB28KEhCTDSammwLKS1Q','2024-04-15 20:29:44.799354'),('xh8jf4o76mdwy15pqysd73erxt5806pr','.eJxVi0EOwiAURO_y16bhFyrg0p7BNRkKPxijJlJWxrvbJix0NZOZ994U0NYSWs2vcE10IqbD7xax3PJjP3obetZhbnV93i8bde7Qn1lQy6ZNfJxGrVP2ehFEWCTjIMjaJQOjNDDuU1TeQhJsjoADOxbFVjx9vl5SNoo:1rFvMW:Q53i4HvQf2P5crfTEt3A7PZPcJCbZvAalmpJTj0F-yE','2024-01-03 12:07:44.313285'),('xmwckrldknpa1fmrsc6t9ox3n5q9uke3','.eJxVizsOwjAQRO_iGkXxP0tJzkBtrde7MkKAhOMKcXeC5AKqGc2891IJ-1ZTb_xMl6KOyqnD75aRrnz_HqNNI9u09rY9buedOg3oz6zY6q75YmTJyARitSngdI4M0TtLWCCambxZJNgZGQMzIIgPVoIn0ZKF1fsDUhg2Ww:1romEr:JhuP1eRgAZ7_HZaZmOS4ovSTshh-6ckqurQvKIkz6CM','2024-04-08 15:27:53.703015'),('xo1dxtitu3defy6aaktmlt49fi281eir','.eJxVjMEOwiAQRP-Fs2kaWNjFo35Dz2SBJRijJlJOxn9vm3DQ00xm3sxHBe5rDb3JO9yyOitQp98scrrL8yiGm4a26drb-nosO3UZ0N-ycqvHn0MUQq0dJxddziYWSWILYATEPAMw0Wyjz9oXYkZvjLFASOisEfXdADzsNPA:1rO2vA:tzvXg0nE7lQU3KSkWcUtb2uzELaZ3tftOpBnq602tVQ','2024-01-25 21:49:04.250294'),('xp57dsiacklpoq0kovflffk438dd66o8','.eJxVizsOwjAQRO_iGkXxP0tJzkBtrde7MkKAhOMKcXeC5AKqGc2891IJ-1ZTb_xMl6KOyqnD75aRrnz_HqNNI9u09rY9buedOg3oz6zY6q75YmTJyARitSngdI4M0TtLWCCambxZJNgZGQMzIIgPVoIn0ZKF1fsDUhg2Ww:1rnJMF:_FBiwJTnXznlFYZQHgx7o5pVJBhxVzX_2EiraNSoi6A','2024-04-04 14:25:27.701515'),('xqeyily68ffr0l3hjlt3bwn6mksreb7x','.eJxVi0EOwiAURO_y16bhFyrg0p7BNRkKPxijJlJWxrvbJix0NZOZ994U0NYSWs2vcE10IqbD7xax3PJjP3obetZhbnV93i8bde7Qn1lQy6ZNfJxGrVP2ehFEWCTjIMjaJQOjNDDuU1TeQhJsjoADOxbFVjx9vl5SNoo:1rI5L1:3I0cY1z4BcfSVgI8XvYgbG1Z4a3RuyuigVUWHEtK4Rs','2024-01-09 11:11:07.807538'),('xrcdk5hixc92t7kzsoy86or5jylefq0j','.eJxVizsOwjAQRO_iGkXxP0tJzkBtrde7MkKAhOMKcXeC5AKqGc2891IJ-1ZTb_xMl6KOyqnD75aRrnz_HqNNI9u09rY9buedOg3oz6zY6q75YmTJyARitSngdI4M0TtLWCCambxZJNgZGQMzIIgPVoIn0ZKF1fsDUhg2Ww:1rpnrR:toAWIiSaq31C-qSylqdZQjlcobrseX2oxCW7Wfpxh-8','2024-04-11 11:23:57.604231'),('xsnumr13c5nbov8yazigti46s246vve7','.eJxVizsOwjAQRO_iGkXxP0tJzkBtrde7MkKAhOMKcXeC5AKqGc2891IJ-1ZTb_xMl6KOyqnD75aRrnz_HqNNI9u09rY9buedOg3oz6zY6q75YmTJyARitSngdI4M0TtLWCCambxZJNgZGQMzIIgPVoIn0ZKF1fsDUhg2Ww:1rnLd2:Leob5QYD-bNqdcFww-3XDfNIZDsOjT9cIuD3kzVYGhA','2024-04-04 16:50:56.124859'),('xubpr9jipfpg02oslfjmcj17frdg2uxw','.eJxVi0EOwiAURO_y16bhFyrg0p7BNRkKPxijJlJWxrvbJix0NZOZ994U0NYSWs2vcE10IqbD7xax3PJjP3obetZhbnV93i8bde7Qn1lQy6ZNfJxGrVP2ehFEWCTjIMjaJQOjNDDuU1TeQhJsjoADOxbFVjx9vl5SNoo:1rE4OV:XTTkn2DrYDTpvZ8_0kSruOxyKzH75HMMa2ofzzPz4dE','2023-12-29 09:22:07.485558'),('xvn2vnwdt96w4vp7plk6mlmlbwvfhsa5','.eJxVizsOwjAQRO_iGkXxP0tJzkBtrde7MkKAhOMKcXeC5AKqGc2891IJ-1ZTb_xMl6KOyqnD75aRrnz_HqNNI9u09rY9buedOg3oz6zY6q75YmTJyARitSngdI4M0TtLWCCambxZJNgZGQMzIIgPVoIn0ZKF1fsDUhg2Ww:1rpnjJ:FB81i5rAN77AmGoViXA2bGl6YJ8tdRhRWWuwbNLNljw','2024-04-11 11:15:33.439019'),('xvr4o9zgdc9qe950fvsf1zv6kw00wfut','.eJxVi0EOwiAURO_y16bhFyrg0p7BNRkKPxijJlJWxrvbJix0NZOZ994U0NYSWs2vcE10IqbD7xax3PJjP3obetZhbnV93i8bde7Qn1lQy6ZNfJxGrVP2ehFEWCTjIMjaJQOjNDDuU1TeQhJsjoADOxbFVjx9vl5SNoo:1rFzvc:m-PIiTnefUbzNeo0Pcf3ChZWOkWWWhYtHf9DHtZxmBY','2024-01-03 17:00:16.615491'),('xxbt0jxjgxx5xwayazcs1m3hlhgnlb7o','.eJxVizsOwjAQRO_iGkXxP0tJzkBtrde7MkKAhOMKcXeC5AKqGc2891IJ-1ZTb_xMl6KOyqnD75aRrnz_HqNNI9u09rY9buedOg3oz6zY6q75YmTJyARitSngdI4M0TtLWCCambxZJNgZGQMzIIgPVoIn0ZKF1fsDUhg2Ww:1rpnv7:GYjaSGLW4U4dnJDLqFpqaL9e5UihvbFEfepn9E1CbcE','2024-04-11 11:27:45.939400'),('xy57wu5erbr3x9shtez3iclvxqmznhds','.eJxVizsOwjAQRO_iGkXxP0tJzkBtrde7MkKAhOMKcXeC5AKqGc2891IJ-1ZTb_xMl6KOyqnD75aRrnz_HqNNI9u09rY9buedOg3oz6zY6q75YmTJyARitSngdI4M0TtLWCCambxZJNgZGQMzIIgPVoIn0ZKF1fsDUhg2Ww:1rrkrr:oRugtaeKlw-Rt7vpJsLP-RN2B3tiQWY9GkIRE6flQAc','2024-04-16 20:36:27.300207'),('y5ves22fwaqloxr7qhj1i9h87ypnzvwb','.eJxVi7EOAiEQRP-F2lzg2FvA0vsGa8KySzBGTeSojP_umVBoNZOZ914qpr7V2Js844XVUYE6_G6U8lXu32O0aWSb1t62x-28U6cB_Zk1tbprgRw5yQV5YchZmCwKWiDwYZ6XwMGTAzaMhdFY0oWMBky6oATOXr0_YcA2KA:1rMAMI:XNy-hQElWTg45hS4_k53etJLUvftMsCQ22yO3Xxb-LU','2024-01-20 17:21:18.151273'),('y87aniei9w5mr3b4y2ih35hiwnr4qswj','.eJxVi0EOwiAURO_y16bhFyrg0p7BNRkKPxijJlJWxrvbJix0NZOZ994U0NYSWs2vcE10IqbD7xax3PJjP3obetZhbnV93i8bde7Qn1lQy6ZNfJxGrVP2ehFEWCTjIMjaJQOjNDDuU1TeQhJsjoADOxbFVjx9vl5SNoo:1rFfPj:ZVvN5W8HMMeiUzV9PwXkj9Z3ePK3xJWg0Xemp3XPFJg','2024-01-02 19:05:59.361806'),('ydf8zgb15s3wk5lbmqygkta1d3xclwco','.eJxVizsOwjAQRO_iGkXxP0tJzkBtrde7MkKAhOMKcXeC5AKqGc2891IJ-1ZTb_xMl6KOyqnD75aRrnz_HqNNI9u09rY9buedOg3oz6zY6q75YmTJyARitSngdI4M0TtLWCCambxZJNgZGQMzIIgPVoIn0ZKF1fsDUhg2Ww:1rcgnY:d2lZrb8qtXsdjAm6ehveRWLfR2-MuU4SJjjgXDzjN2s','2024-03-06 07:13:44.057172'),('yfbqsrcl92qvn5yu3at74wra9gyws2rb','.eJxVizsOwjAQRO_iGkXxP0tJzkBtrde7MkKAhOMKcXeC5AKqGc2891IJ-1ZTb_xMl6KOyqnD75aRrnz_HqNNI9u09rY9buedOg3oz6zY6q75YmTJyARitSngdI4M0TtLWCCambxZJNgZGQMzIIgPVoIn0ZKF1fsDUhg2Ww:1rnJMS:GshCdLxhWjc3VDlIviI_xjmjouJxeFHqdzax1KcNgLI','2024-04-04 14:25:40.973937'),('yfe3milknqj0hlgq67acdsbwfieupp4a','.eJxVi0EOwiAURO_y16bhFyrg0p7BNRkKPxijJlJWxrvbJix0NZOZ994U0NYSWs2vcE10IqbD7xax3PJjP3obetZhbnV93i8bde7Qn1lQy6ZNfJxGrVP2ehFEWCTjIMjaJQOjNDDuU1TeQhJsjoADOxbFVjx9vl5SNoo:1rIVdK:n6Ts6LEcoVJZgOYcLkd-FOOVzPyhx4R9McV54q-HqHs','2024-01-10 15:15:46.262753'),('yfr54885xtu4bnwnv0bdqzh000a4fmhl','.eJxVizsOwjAQRO_iGkXxP0tJzkBtrde7MkKAhOMKcXeC5AKqGc2891IJ-1ZTb_xMl6KOyqnD75aRrnz_HqNNI9u09rY9buedOg3oz6zY6q75YmTJyARitSngdI4M0TtLWCCambxZJNgZGQMzIIgPVoIn0ZKF1fsDUhg2Ww:1rrJ7P:eWMBd6Ho0HoBS5Sfo3aDk6mzt9md7zzxuG-N6TlmfRI','2024-04-15 14:58:39.490895'),('yg6ui1xr4cy97u6d4xvzjvn0n3mftf3h','.eJxVi7EOAiEQRP-F2ly4O2AXS-8brAm7C8EYNZGjMv67mFBoNZOZ914qxLaX0Gp6houoozKoDr8jRb6m-_cZbRpZp63V_XE7d-o0oD-zxFq6hkToQAMgsrBZMxEI2KxxFU8YvZ55MX2QxSNk8pa9cSjG5jm5ROr9AWO6Nb4:1rrOZ9:0_uGFa23tMaXLatko5YlGOHyLSpPpR41nM3xUJta8kI','2024-04-15 20:47:39.203652'),('ymmiax8h6hnnhrxlt45v183rwr10gh51','.eJxVi7EOAiEQRP-F2lzg2FvA0vsGa8KySzBGTeSojP_umVBoNZOZ914qpr7V2Js844XVUYE6_G6U8lXu32O0aWSb1t62x-28U6cB_Zk1tbprgRw5yQV5YchZmCwKWiDwYZ6XwMGTAzaMhdFY0oWMBky6oATOXr0_YcA2KA:1rHpCD:S2TWjD8lpnJiXjVihZOKh93xYz8TR21AbflFHra9Tgs','2024-01-08 17:56:57.756030'),('ynv2jvf6ysibnq3w6h11kapwshniuvrk','.eJxVizsOwjAQRO_iGkXxP0tJzkBtrde7MkKAhOMKcXeC5AKqGc2891IJ-1ZTb_xMl6KOyqnD75aRrnz_HqNNI9u09rY9buedOg3oz6zY6q75YmTJyARitSngdI4M0TtLWCCambxZJNgZGQMzIIgPVoIn0ZKF1fsDUhg2Ww:1rqE4f:EHgQ3q3f3E4Gdnzw2G3UnYaGenpXn9Vh1uxaU-5OSTM','2024-04-12 15:23:21.922263'),('yp8xf1oivfrl5kcdu9vuoj6wfk65w1ev','.eJxVizsOwjAQRO_iGkXxP0tJzkBtrde7MkKAhOMKcXeC5AKqGc2891IJ-1ZTb_xMl6KOyqnD75aRrnz_HqNNI9u09rY9buedOg3oz6zY6q75YmTJyARitSngdI4M0TtLWCCambxZJNgZGQMzIIgPVoIn0ZKF1fsDUhg2Ww:1rpqWl:V-vEi1JvevP6lftcX-sXj1kSvTdKQR2BRhDAcbiUc3A','2024-04-11 14:14:47.999807'),('yq00cx2w0uxjzl924jjyyqt06atf22f5','.eJxVizsOwjAQRO_iGkXxP0tJzkBtrde7MkKAhOMKcXeC5AKqGc2891IJ-1ZTb_xMl6KOyqnD75aRrnz_HqNNI9u09rY9buedOg3oz6zY6q75YmTJyARitSngdI4M0TtLWCCambxZJNgZGQMzIIgPVoIn0ZKF1fsDUhg2Ww:1rrKRr:CDj_-MECpnEFZCRAIRacTX7Al0xLkktyc_tY4ylNkEo','2024-04-15 16:23:51.108256'),('yskj3ssqrlfr1wustq0341nbgvcq8hvk','.eJxVizsOwjAQRO_iGkXxP0tJzkBtrde7MkKAhOMKcXeC5AKqGc2891IJ-1ZTb_xMl6KOyqnD75aRrnz_HqNNI9u09rY9buedOg3oz6zY6q75YmTJyARitSngdI4M0TtLWCCambxZJNgZGQMzIIgPVoIn0ZKF1fsDUhg2Ww:1rqItw:_YHHpTbEyHp967LSNjOd2VbO9gD_1ct-oDhHCGjW4D0','2024-04-12 20:32:36.515220'),('ysxjcqiddu9ii04cqragwtsr0yhaaa97','.eJxVi7EOAiEQRP-F2lxY2IPF0vsGa7LsQTBGTeSojP_umVBoNZOZ914qct9q7C0_42VVRwVOHX7HxHLN9-8z2jSyTUtv2-N23qnTgP7Myq3umnV2Zu0NYSYTRDIYYY1sCgRw4mZPxRNoEijJ4eotopFSgmWrmZJ6fwA9YTT0:1rrlGY:5PMiH1UPsrQB1DMq8PDGsXwysBiyqdNSZdjnYBPszwk','2024-04-16 21:01:58.139104'),('yuzq7aye3oiql24ludnmwdel2jx5w2v4','.eJxVizsOwjAQRO_iGkVe_FtTwhmorfXGKyMESDiuEHdPIrmAakYz731Uor7U1Ft5p9usTgrU4XfLxPfy3I_RppFtuvS2vB7XjToP6M-s1OqmWRGHpgB5IECPGKNgcCYIayuZjQ5FwPgQvGQXydF8RGGrDcci6NV3BS4RNUs:1rqJ5R:MpoV7aysDOpDH4jVkfF12V2xoSEZtKR9Narsd4UvADw','2024-04-12 20:44:29.074332'),('yvrqq67kbo6ikhc4eq0g9rshri6gxquj','.eJxVizsOwjAQRO_iGkXxP0tJzkBtrde7MkKAhOMKcXeC5AKqGc2891IJ-1ZTb_xMl6KOyqnD75aRrnz_HqNNI9u09rY9buedOg3oz6zY6q75YmTJyARitSngdI4M0TtLWCCambxZJNgZGQMzIIgPVoIn0ZKF1fsDUhg2Ww:1rdP13:jdozud3bhwP_ykXBqHDQ83U64pNdnjIOrdwsn3If79Y','2024-03-08 06:26:37.154665'),('yz26gc6nj2vhajq2174vhdqviclcgb9q','.eJxVizsOwjAQRO_iGkXxP0tJzkBtrde7MkKAhOMKcXeC5AKqGc2891IJ-1ZTb_xMl6KOyqnD75aRrnz_HqNNI9u09rY9buedOg3oz6zY6q75YmTJyARitSngdI4M0TtLWCCambxZJNgZGQMzIIgPVoIn0ZKF1fsDUhg2Ww:1rmZe2:YKRrqWAUy_dJMGK7fvmtIRzplADMft8Rfj13tb4gfL0','2024-04-02 13:36:46.927132'),('z11n9ft4enx4t6j3xgf5cq6guyzdm4er','.eJxVi0EOwiAURO_y16bhFyrg0p7BNRkKPxijJlJWxrvbJix0NZOZ994U0NYSWs2vcE10IqbD7xax3PJjP3obetZhbnV93i8bde7Qn1lQy6ZNfJxGrVP2ehFEWCTjIMjaJQOjNDDuU1TeQhJsjoADOxbFVjx9vl5SNoo:1rGDD7:IBBvP5UTyx1p7I-J7GYitSt3Xk0ZCgq92BUOeA9L5y8','2024-01-04 07:11:13.423583'),('z2gjk5azesm6eeh5f4n3qu2pvz1uk1py','.eJxVizsOwjAQRO_iGkXxP0tJzkBtrde7MkKAhOMKcXeC5AKqGc2891IJ-1ZTb_xMl6KOyqnD75aRrnz_HqNNI9u09rY9buedOg3oz6zY6q75YmTJyARitSngdI4M0TtLWCCambxZJNgZGQMzIIgPVoIn0ZKF1fsDUhg2Ww:1roQVx:yRpBRzyNB7yQXgq45lCgFa8JAhfYof6K7qRTFN2TKVQ','2024-04-07 16:16:05.558680'),('z4ggk5msy7pzfgllqfxf1l4vq63m40ay','.eJxVi0EOwiAURO_y16bhFyrg0p7BNRkKPxijJlJWxrvbJix0NZOZ994U0NYSWs2vcE10IqbD7xax3PJjP3obetZhbnV93i8bde7Qn1lQy6ZNfJxGrVP2ehFEWCTjIMjaJQOjNDDuU1TeQhJsjoADOxbFVjx9vl5SNoo:1rFvP6:B7MPGq8r-Ni4R8vG6PinmsRuOPecSCnGg1tvqjkyB-s','2024-01-03 12:10:24.706201'),('z5t6ywsc9ma4zt6o67wd1xr4mufxhxm7','.eJxVizsOwjAQRO_iGkXxP0tJzkBtrde7MkKAhOMKcXeC5AKqGc2891IJ-1ZTb_xMl6KOyqnD75aRrnz_HqNNI9u09rY9buedOg3oz6zY6q75YmTJyARitSngdI4M0TtLWCCambxZJNgZGQMzIIgPVoIn0ZKF1fsDUhg2Ww:1rqW4x:n4OW3424dtXVThIjTevR0Ok42fWsMmMukR8t7fK57hE','2024-04-13 10:36:51.134459'),('z67dwk1m7auf2mwn656cffqefo9oucj9','.eJxVizsOwjAQRO_iGkVe_FtTwhmorfXGKyMESDiuEHdPIrmAakYz731Uor7U1Ft5p9usTgrU4XfLxPfy3I_RppFtuvS2vB7XjToP6M-s1OqmWRGHpgB5IECPGKNgcCYIayuZjQ5FwPgQvGQXydF8RGGrDcci6NV3BS4RNUs:1rqJBt:W11TCsLHwQfb8xr8wFClMBUSAObhyAkCh-4jvemKxEY','2024-04-12 20:51:09.644333'),('z67yygjfh4spscz4pxnsn6thc035z2hk','.eJxVi0EOwiAURO_y16bhFyrg0p7BNRkKPxijJlJWxrvbJix0NZOZ994U0NYSWs2vcE10IqbD7xax3PJjP3obetZhbnV93i8bde7Qn1lQy6ZNfJxGrVP2ehFEWCTjIMjaJQOjNDDuU1TeQhJsjoADOxbFVjx9vl5SNoo:1rFvOl:gW0HokX_3ANiNF55tCFkYVVint8Yrb25HYzEw6JCN24','2024-01-03 12:10:03.902770'),('z91phjr444ba9a2zbau6b8jvhja99z3u','.eJxVizsOwjAQRO_iGkXxP0tJzkBtrde7MkKAhOMKcXeC5AKqGc2891IJ-1ZTb_xMl6KOyqnD75aRrnz_HqNNI9u09rY9buedOg3oz6zY6q75YmTJyARitSngdI4M0TtLWCCambxZJNgZGQMzIIgPVoIn0ZKF1fsDUhg2Ww:1rqW7b:aZOWrbpeleEXFA60v15CjbEh7IVWK_H8kT7q9HHI9W4','2024-04-13 10:39:35.898926'),('zaff754bpxtomnw9j04g7qzs03vulyuj','.eJxVi7EOAiEQRP-F2lzg2FvA0vsGa8KySzBGTeSojP_umVBoNZOZ914qpr7V2Js844XVUYE6_G6U8lXu32O0aWSb1t62x-28U6cB_Zk1tbprgRw5yQV5YchZmCwKWiDwYZ6XwMGTAzaMhdFY0oWMBky6oATOXr0_YcA2KA:1rIOGQ:WgcAMi0Ecie6aaRyYnYNNomHLKNi5IUmdLqQibHdvGI','2024-01-10 07:23:38.191952'),('zd2g7c2fphjh6b6blp424lz61ey3whnc','.eJxVi7EOAiEQRP-F2lzg2FvA0vsGa8KySzBGTeSojP_umVBoNZOZ914qpr7V2Js844XVUYE6_G6U8lXu32O0aWSb1t62x-28U6cB_Zk1tbprgRw5yQV5YchZmCwKWiDwYZ6XwMGTAzaMhdFY0oWMBky6oATOXr0_YcA2KA:1rI5Fk:YSTuTtwcyYZdOg04pZhFT1xCevWzwjdYp2g9Gg8e0Ms','2024-01-09 11:05:40.099250'),('zf8c0q69255q23pgrxc3ay515x1swh5s','.eJxVizsOwjAQRO_iGkXxP0tJzkBtrde7MkKAhOMKcXeC5AKqGc2891IJ-1ZTb_xMl6KOyqnD75aRrnz_HqNNI9u09rY9buedOg3oz6zY6q75YmTJyARitSngdI4M0TtLWCCambxZJNgZGQMzIIgPVoIn0ZKF1fsDUhg2Ww:1rrkyj:tLCylnUfY1LvCxrgWL25itfFtWSxNJSnbTM5QousdHg','2024-04-16 20:43:33.987367'),('zg2sq0ir0tii5n108xp7ewhybla9wdjo','.eJxVizsOwjAQRO_iGkXxP0tJzkBtrde7MkKAhOMKcXeC5AKqGc2891IJ-1ZTb_xMl6KOyqnD75aRrnz_HqNNI9u09rY9buedOg3oz6zY6q75YmTJyARitSngdI4M0TtLWCCambxZJNgZGQMzIIgPVoIn0ZKF1fsDUhg2Ww:1rqJAc:apizprhRTq_3jpWvfRaCmAW4ASH7CFt2M4cIZ0gCHNE','2024-04-12 20:49:50.732608'),('zgvqjrrrkc9r4zmzppdabonjwoejzwn4','.eJxVi7EOAiEQRP-F2lxY2IPF0vsGa7LsQTBGTeSojP_umVBoNZOZ914qct9q7C0_42VVRwVOHX7HxHLN9-8z2jSyTUtv2-N23qnTgP7Myq3umnV2Zu0NYSYTRDIYYY1sCgRw4mZPxRNoEijJ4eotopFSgmWrmZJ6fwA9YTT0:1rpzF8:nASPhWGndhgfqI1ABJGInd0z9xKFfLlUfsH_dQDrvKI','2024-04-11 23:33:10.131732'),('zh0pacfgghmu07aau72ntp0l7pyjrs3x','.eJxVizsOwjAQRO_iGkXxP0tJzkBtrde7MkKAhOMKcXeC5AKqGc2891IJ-1ZTb_xMl6KOyqnD75aRrnz_HqNNI9u09rY9buedOg3oz6zY6q75YmTJyARitSngdI4M0TtLWCCambxZJNgZGQMzIIgPVoIn0ZKF1fsDUhg2Ww:1rt8fw:YKoh6A0fuTMXF7DeErJyoPJ8Wdw0ZWeO-atfbAj_7kA','2024-04-20 16:13:52.853001'),('zj9vwafveo80lc36r26qrluwc2r7ibcf','.eJxVizsOwjAQRO_iGkXxP0tJzkBtrde7MkKAhOMKcXeC5AKqGc2891IJ-1ZTb_xMl6KOyqnD75aRrnz_HqNNI9u09rY9buedOg3oz6zY6q75YmTJyARitSngdI4M0TtLWCCambxZJNgZGQMzIIgPVoIn0ZKF1fsDUhg2Ww:1rqVyU:Eh7a9UI6T4SBZw628jQ5T7zJecvqbcGBHLEaem-giAM','2024-04-13 10:30:10.131306'),('zlvovx16yl8t7yrljvrxjukovpxtylin','.eJxVi7EOAiEQRP-F2lzg2FvA0vsGa8KySzBGTeSojP_umVBoNZOZ914qpr7V2Js844XVUYE6_G6U8lXu32O0aWSb1t62x-28U6cB_Zk1tbprgRw5yQV5YchZmCwKWiDwYZ6XwMGTAzaMhdFY0oWMBky6oATOXr0_YcA2KA:1rJo1b:ecWIImqAD6BoUc6LrhrRnyh1Q9lfIRxYOM2GaFokXcA','2024-01-14 07:06:11.290143'),('zsswfk2ebzfvgjuq6xzxglbe6xbvke7o','.eJxVizsOwjAQRO_iGkVeJ_5RkjNQW7vrjYwQIOG4QtwdI7mAakbz3rxUwraX1Ko80yWrowKnDr8jIV_l_iWjTSPrtLa6P27nbp2G9PcsWEu_oUSTLQhwJNwIEfwcggsaspdI1vPMCwaGvGkjkokNgV10p0joUL0_hy027w:1rTdJo:a3_pXpw-JLXXkEOy-I6zAg4zVQ9yJZ5MbLB4wb6h3qI','2024-02-10 09:41:36.636882'),('zwm9zhhgfdn25ni0461y4o0c272e27wg','.eJxVizsOwjAQRO_iGkVe_FtTwhmorfXGKyMESDiuEHdPIrmAakYz731Uor7U1Ft5p9usTgrU4XfLxPfy3I_RppFtuvS2vB7XjToP6M-s1OqmWRGHpgB5IECPGKNgcCYIayuZjQ5FwPgQvGQXydF8RGGrDcci6NV3BS4RNUs:1rpzFU:VufdedMnOBEHFnD4Gq5-aGEZE723VGKsOtnyC8cIFLM','2024-04-11 23:33:32.629437');
/*!40000 ALTER TABLE `django_session` ENABLE KEYS */;
UNLOCK TABLES;
/*!40103 SET TIME_ZONE=@OLD_TIME_ZONE */;

/*!40101 SET SQL_MODE=@OLD_SQL_MODE */;
/*!40014 SET FOREIGN_KEY_CHECKS=@OLD_FOREIGN_KEY_CHECKS */;
/*!40014 SET UNIQUE_CHECKS=@OLD_UNIQUE_CHECKS */;
/*!40101 SET CHARACTER_SET_CLIENT=@OLD_CHARACTER_SET_CLIENT */;
/*!40101 SET CHARACTER_SET_RESULTS=@OLD_CHARACTER_SET_RESULTS */;
/*!40101 SET COLLATION_CONNECTION=@OLD_COLLATION_CONNECTION */;
/*!40111 SET SQL_NOTES=@OLD_SQL_NOTES */;

-- Dump completed on 2024-04-07 22:50:53
